source_file_token,view,slice_id,frame_index,qc_valid,qc_reason,qc_ncc,qc_intensity_scale,qc_residual,rescale_status
,2CH,2ch_s10_7001,0,1,valid,0.9376707119708021,1.0526044492674986,0.17842437753144047,identity_without_rescale_tags
,2CH,2ch_s10_7001,1,1,valid,0.955523799213832,1.0266351014745605,0.15177787110782476,identity_without_rescale_tags
,2CH,2ch_s10_7001,2,1,valid,0.9698140387754928,1.017029746973703,0.12072007399988734,identity_without_rescale_tags
,2CH,2ch_s10_7001,3,1,valid,0.95476184554967,1.0131928910926287,0.1357268171839526,identity_without_rescale_tags
,2CH,2ch_s10_7001,4,1,valid,0.9566878492093254,1.0116731517509727,0.1396667273816867,identity_without_rescale_tags
,2CH,2ch_s10_7001,5,1,valid,0.9564032898606806,1.0050428758887973,0.1403584299774759,identity_without_rescale_tags
,2CH,2ch_s10_7001,6,1,valid,0.9527501876352833,1.0055658627087198,0.1421828002662756,identity_without_rescale_tags
,2CH,2ch_s10_7001,7,1,valid,0.9489091496665643,1.0006366032697338,0.1426043940763837,identity_without_rescale_tags
,2CH,2ch_s10_7001,8,1,valid,0.9573266256853566,1.0053475935828877,0.1353360581863327,identity_without_rescale_tags
,2CH,2ch_s10_7001,9,1,valid,0.9707798845321531,1.0,0.11624925331547435,identity_without_rescale_tags
,2CH,2ch_s10_7001,10,1,valid,0.952960092593146,1.0,0.1479075160413219,identity_without_rescale_tags
,2CH,2ch_s10_7001,11,1,valid,0.9412039049302375,1.0,0.17213007584656642,identity_without_rescale_tags
,2CH,2ch_s10_7001,12,1,valid,0.9300116644653721,1.0,0.19679638490663592,identity_without_rescale_tags
,2CH,2ch_s10_7001,13,1,valid,0.9272199010191036,1.0,0.19563364481397433,identity_without_rescale_tags
,2CH,2ch_s10_7001,14,1,valid,0.9122771976562989,0.9982618765892097,0.20593639369855293,identity_without_rescale_tags
,2CH,2ch_s10_7001,15,1,valid,0.9232003199114736,1.0,0.18941688217426172,identity_without_rescale_tags
,2CH,2ch_s10_7001,16,1,valid,0.9331936322595886,0.995222917823537,0.17897180295816115,identity_without_rescale_tags
,2CH,2ch_s10_7001,17,1,valid,0.9477137378780219,1.0,0.15462283473099175,identity_without_rescale_tags
,2CH,2ch_s10_7001,18,1,valid,0.9491441074323976,0.9949664287825684,0.14701571575559627,identity_without_rescale_tags
,2CH,2ch_s10_7001,19,1,valid,0.9539516084308846,0.9944717423859117,0.13753363387574224,identity_without_rescale_tags
,2CH,2ch_s10_7001,20,1,valid,0.9707592971935799,0.9931972789115646,0.1093914452297439,identity_without_rescale_tags
,2CH,2ch_s10_7001,21,1,valid,0.9701371568288095,0.9956928192291135,0.10800784231582151,identity_without_rescale_tags
,2CH,2ch_s10_7001,22,1,valid,0.9657882948033241,0.998438718798752,0.11493422642179323,identity_without_rescale_tags
,2CH,2ch_s10_7001,23,1,valid,0.9572767569258636,1.0,0.13716696337424444,identity_without_rescale_tags
,2CH,2ch_s10_7001,24,1,valid,0.9627527471630941,1.0,0.12953135499071838,identity_without_rescale_tags
,2CH,2ch_s10_7001,25,1,valid,0.9392112318734709,1.0,0.15470346574484733,identity_without_rescale_tags
,2CH,2ch_s10_7001,26,1,valid,0.9426952980698907,1.0,0.15608106705300193,identity_without_rescale_tags
,2CH,2ch_s10_7001,27,1,valid,0.9542676883368166,1.0,0.14203139156728714,identity_without_rescale_tags
,2CH,2ch_s10_7001,28,1,valid,0.9716287545290703,1.0,0.11685157070469045,identity_without_rescale_tags
,2CH,2ch_s10_7001,29,1,valid,0.94912133401237,1.0,0.15102472218412322,identity_without_rescale_tags
,2CH,2ch_s10_7001,30,1,valid,0.941271562278722,1.0,0.16939215130465482,identity_without_rescale_tags
,2CH,2ch_s10_7001,31,1,valid,0.9280165940976782,1.0,0.1964394904881646,identity_without_rescale_tags
,2CH,2ch_s10_7001,32,1,valid,0.9226537067384599,1.0,0.20259968136815595,identity_without_rescale_tags
,2CH,2ch_s10_7001,33,1,valid,0.9169311758851778,1.0,0.20117349708736718,identity_without_rescale_tags
,2CH,2ch_s10_7001,34,1,valid,0.9228425407200774,0.9995157366817621,0.1963152803123596,identity_without_rescale_tags
,2CH,2ch_s10_7001,35,1,valid,0.935206822239674,0.9936305732484076,0.17413532690680664,identity_without_rescale_tags
,2CH,2ch_s10_7001,36,1,valid,0.9427229680622231,0.9899899799599199,0.16222560869513408,identity_without_rescale_tags
,2CH,2ch_s10_7001,37,1,valid,0.9541047817567717,0.9946337714500485,0.13984428952200237,identity_without_rescale_tags
,2CH,2ch_s10_7001,38,1,valid,0.9590701050038913,1.0,0.13252092632587276,identity_without_rescale_tags
,2CH,2ch_s10_7001,39,1,valid,0.975208772999751,0.996711245003955,0.10560010296408388,identity_without_rescale_tags
,2CH,2ch_s10_7001,40,1,valid,0.9613085058596041,1.0045592810471102,0.12366246445586991,identity_without_rescale_tags
,2CH,2ch_s10_7001,41,1,valid,0.9579862919800739,0.9942598685031626,0.13245804697032618,identity_without_rescale_tags
,2CH,2ch_s10_7001,42,1,valid,0.9549416259224514,1.0,0.1406276873617899,identity_without_rescale_tags
,2CH,2ch_s10_7001,43,1,valid,0.9601264412030156,0.9989451183348004,0.1320464139734884,identity_without_rescale_tags
,2CH,2ch_s10_7001,44,1,valid,0.9394368822533465,0.9992372075162115,0.1562797360812739,identity_without_rescale_tags
,2CH,2ch_s10_7001,45,1,valid,0.9344110219013867,1.0,0.16769890001368776,identity_without_rescale_tags
,2CH,2ch_s10_7001,46,1,valid,0.9374559302281057,1.0,0.1701494140062109,identity_without_rescale_tags
,2CH,2ch_s10_7001,47,1,valid,0.9564567562970435,1.0,0.14254806172749995,identity_without_rescale_tags
,2CH,2ch_s10_7001,48,1,valid,0.9488707480594323,1.0,0.14472630670895087,identity_without_rescale_tags
,2CH,2ch_s10_7001,49,1,valid,0.955417975036252,1.0,0.14817114601519532,identity_without_rescale_tags
,2CH,2ch_s11_7101,0,1,valid,0.877905379527613,1.0617366807523407,0.24551759652091765,identity_without_rescale_tags
,2CH,2ch_s11_7101,1,1,valid,0.8817295977438923,1.0382513661202186,0.23580258572865465,identity_without_rescale_tags
,2CH,2ch_s11_7101,2,1,valid,0.8975158464974532,1.0303030303030303,0.2217902814532115,identity_without_rescale_tags
,2CH,2ch_s11_7101,3,1,valid,0.9271747099316516,1.0300774957651957,0.18994204384935456,identity_without_rescale_tags
,2CH,2ch_s11_7101,4,1,valid,0.9571292698907409,1.022720977083858,0.14888170919252341,identity_without_rescale_tags
,2CH,2ch_s11_7101,5,1,valid,0.9436628485183789,1.0196078431372548,0.15847826932912382,identity_without_rescale_tags
,2CH,2ch_s11_7101,6,1,valid,0.9308434534077289,1.0155497985031663,0.15832943802346677,identity_without_rescale_tags
,2CH,2ch_s11_7101,7,1,valid,0.9563964728285184,1.0130425636992189,0.14732976508564358,identity_without_rescale_tags
,2CH,2ch_s11_7101,8,1,valid,0.9641779053163829,1.0,0.13286970586836566,identity_without_rescale_tags
,2CH,2ch_s11_7101,9,1,valid,0.9497691465333425,1.0,0.14180870889503389,identity_without_rescale_tags
,2CH,2ch_s11_7101,10,1,valid,0.9555196253519109,1.0,0.12531995365950227,identity_without_rescale_tags
,2CH,2ch_s11_7101,11,1,valid,0.9702094438049891,0.9965835932720375,0.1098872929947823,identity_without_rescale_tags
,2CH,2ch_s11_7101,12,1,valid,0.9719924088093235,0.9969230769230769,0.10428857007373397,identity_without_rescale_tags
,2CH,2ch_s11_7101,13,1,valid,0.9611988166662907,0.9980769159649259,0.12359306267546022,identity_without_rescale_tags
,2CH,2ch_s11_7101,14,1,valid,0.9489249944125725,0.9994520541364509,0.14861205695859203,identity_without_rescale_tags
,2CH,2ch_s11_7101,15,1,valid,0.9479836716462332,0.9937603982547802,0.14908456684073923,identity_without_rescale_tags
,2CH,2ch_s11_7101,16,1,valid,0.936442426689403,1.0,0.16409670097891843,identity_without_rescale_tags
,2CH,2ch_s11_7101,17,1,valid,0.9192352944425309,0.99500499001996,0.18460248308333638,identity_without_rescale_tags
,2CH,2ch_s11_7101,18,1,valid,0.91316499082923,1.0,0.19855384793089603,identity_without_rescale_tags
,2CH,2ch_s11_7101,19,1,valid,0.9329910440444071,0.9957716512908532,0.17353579134483288,identity_without_rescale_tags
,2CH,2ch_s11_7101,20,1,valid,0.9427860221154263,1.0,0.15549133692817974,identity_without_rescale_tags
,2CH,2ch_s11_7101,21,1,valid,0.953318444491206,1.0,0.14163016244667595,identity_without_rescale_tags
,2CH,2ch_s11_7101,22,1,valid,0.9635658328231074,1.0018458734039202,0.13180251791694417,identity_without_rescale_tags
,2CH,2ch_s11_7101,23,1,valid,0.9730853091294156,1.0102237191760524,0.1138564607643689,identity_without_rescale_tags
,2CH,2ch_s11_7101,24,1,valid,0.9539177967255001,1.0,0.1445713582758828,identity_without_rescale_tags
,2CH,2ch_s11_7101,25,1,valid,0.953087640601103,1.0,0.14484056849708296,identity_without_rescale_tags
,2CH,2ch_s11_7101,26,1,valid,0.9571193100516402,1.0,0.141762171866438,identity_without_rescale_tags
,2CH,2ch_s11_7101,27,1,valid,0.9716146119293194,0.9931972789115646,0.11300182023327979,identity_without_rescale_tags
,2CH,2ch_s11_7101,28,1,valid,0.9577449210727824,0.997807006997379,0.12345264074933215,identity_without_rescale_tags
,2CH,2ch_s11_7101,29,1,valid,0.9672864420388336,0.9971846837921168,0.10932167501244999,identity_without_rescale_tags
,2CH,2ch_s11_7101,30,1,valid,0.9642996653441556,0.9964038014580632,0.12493850454012903,identity_without_rescale_tags
,2CH,2ch_s11_7101,31,1,valid,0.9629997960957285,0.9937106918238994,0.12857060641267462,identity_without_rescale_tags
,2CH,2ch_s11_7101,32,1,valid,0.9461000982516795,0.9970993458278118,0.14866627418099526,identity_without_rescale_tags
,2CH,2ch_s11_7101,33,1,valid,0.9399574588365655,0.9981532007775997,0.16366913001162917,identity_without_rescale_tags
,2CH,2ch_s11_7101,34,1,valid,0.9420985517149191,0.9943672517984394,0.16409301785257005,identity_without_rescale_tags
,2CH,2ch_s11_7101,35,1,valid,0.9588484948430879,1.0,0.1332028813280741,identity_without_rescale_tags
,2CH,2ch_s11_7101,36,1,valid,0.9625476690883824,1.0035810234609934,0.12210849721466843,identity_without_rescale_tags
,2CH,2ch_s11_7101,37,1,valid,0.9611875192956328,1.0,0.12679143225492576,identity_without_rescale_tags
,2CH,2ch_s11_7101,38,1,valid,0.9643029370088312,0.9993736599087042,0.13235475999442417,identity_without_rescale_tags
,2CH,2ch_s11_7101,39,1,valid,0.9521512359783256,1.0,0.1528441957896226,identity_without_rescale_tags
,2CH,2ch_s11_7101,40,1,valid,0.9331850388681219,1.0,0.1784457726347254,identity_without_rescale_tags
,2CH,2ch_s11_7101,41,1,valid,0.9019418643617436,1.0,0.2173402530742945,identity_without_rescale_tags
,2CH,2ch_s11_7101,42,1,valid,0.9007119955753058,0.9984767628019211,0.2169763754283095,identity_without_rescale_tags
,2CH,2ch_s11_7101,43,1,valid,0.8994516357958281,0.9965792296440761,0.2196621158952033,identity_without_rescale_tags
,2CH,2ch_s11_7101,44,1,valid,0.9054955155590415,0.9924528301886792,0.2025587341786101,identity_without_rescale_tags
,2CH,2ch_s11_7101,45,1,valid,0.9182561910782593,0.9924845254984567,0.1963986512583225,identity_without_rescale_tags
,2CH,2ch_s11_7101,46,1,valid,0.9433584193415251,0.9910466847348933,0.16105202086628087,identity_without_rescale_tags
,2CH,2ch_s11_7101,47,1,valid,0.942094600151193,0.9933616023228884,0.15893167441581044,identity_without_rescale_tags
,2CH,2ch_s11_7101,48,1,valid,0.9456133440837639,0.9920697808970392,0.14460826754623335,identity_without_rescale_tags
,2CH,2ch_s11_7101,49,1,valid,0.9548938704567081,0.9917615336677588,0.14342014246710136,identity_without_rescale_tags
,2CH,2ch_s12_7201,0,1,valid,0.9429766416077613,1.0532544378698225,0.1693977049286656,identity_without_rescale_tags
,2CH,2ch_s12_7201,1,1,valid,0.9566229111438393,1.035598705501618,0.13971532126782626,identity_without_rescale_tags
,2CH,2ch_s12_7201,2,1,valid,0.963099811416315,1.0186335403726707,0.13037933034378238,identity_without_rescale_tags
,2CH,2ch_s12_7201,3,1,valid,0.969467315699188,1.0186915887850467,0.11798284337898902,identity_without_rescale_tags
,2CH,2ch_s12_7201,4,1,valid,0.9528739289122924,1.0116279069767442,0.13816988511384176,identity_without_rescale_tags
,2CH,2ch_s12_7201,5,1,valid,0.9377079680831791,1.0135135135135136,0.1566902146210171,identity_without_rescale_tags
,2CH,2ch_s12_7201,6,1,valid,0.9335954797768232,1.0056179775280898,0.16719797115535154,identity_without_rescale_tags
,2CH,2ch_s12_7201,7,1,valid,0.9293381941087508,1.0034246575342465,0.170335276066774,identity_without_rescale_tags
,2CH,2ch_s12_7201,8,1,valid,0.927371012526008,1.0031645569620253,0.1734133787063766,identity_without_rescale_tags
,2CH,2ch_s12_7201,9,1,valid,0.9338763189439047,1.007843137254902,0.16746661571799062,identity_without_rescale_tags
,2CH,2ch_s12_7201,10,1,valid,0.9564957334642105,1.0012019230769231,0.14605821212548983,identity_without_rescale_tags
,2CH,2ch_s12_7201,11,1,valid,0.9616922357313578,1.0065359477124183,0.13646838222581975,identity_without_rescale_tags
,2CH,2ch_s12_7201,12,1,valid,0.9524775165742048,1.001,0.15555502720224978,identity_without_rescale_tags
,2CH,2ch_s12_7201,13,1,valid,0.9382875154890992,1.0035714285714286,0.17930150798881858,identity_without_rescale_tags
,2CH,2ch_s12_7201,14,1,valid,0.9328885104348826,1.0,0.1839071039810042,identity_without_rescale_tags
,2CH,2ch_s12_7201,15,1,valid,0.912446951794748,1.001751313485114,0.2071092343461621,identity_without_rescale_tags
,2CH,2ch_s12_7201,16,1,valid,0.8993241544647415,1.0,0.20419144466015834,identity_without_rescale_tags
,2CH,2ch_s12_7201,17,1,valid,0.9172306178031051,1.0,0.19643140309987026,identity_without_rescale_tags
,2CH,2ch_s12_7201,18,1,valid,0.933389379907106,0.9926900584795322,0.1736935120303961,identity_without_rescale_tags
,2CH,2ch_s12_7201,19,1,valid,0.928532817604027,1.0,0.17436383998918045,identity_without_rescale_tags
,2CH,2ch_s12_7201,20,1,valid,0.9357450584420379,0.9962825278810409,0.15520574161327405,identity_without_rescale_tags
,2CH,2ch_s12_7201,21,1,valid,0.954692068009362,0.9939312204989885,0.13863384896443448,identity_without_rescale_tags
,2CH,2ch_s12_7201,22,1,valid,0.9650282697593004,0.9927007299270073,0.11795961096790163,identity_without_rescale_tags
,2CH,2ch_s12_7201,23,1,valid,0.9590789997826022,0.9919427036705462,0.11863745318085175,identity_without_rescale_tags
,2CH,2ch_s12_7201,24,1,valid,0.956790509880085,0.9977553310886644,0.12265418481792079,identity_without_rescale_tags
,2CH,2ch_s12_7201,25,1,valid,0.963822965257748,0.9956458635703919,0.11470712403738596,identity_without_rescale_tags
,2CH,2ch_s12_7201,26,1,valid,0.9637708914006896,0.9977827050997783,0.1138562058824995,identity_without_rescale_tags
,2CH,2ch_s12_7201,27,1,valid,0.9512084130153073,0.9957805907172996,0.13422115010591099,identity_without_rescale_tags
,2CH,2ch_s12_7201,28,1,valid,0.9405219957764052,1.0,0.15498604492089804,identity_without_rescale_tags
,2CH,2ch_s12_7201,29,1,valid,0.9506721621510287,1.0,0.14402252923071587,identity_without_rescale_tags
,2CH,2ch_s12_7201,30,1,valid,0.95940271532848,1.0,0.12976584027979823,identity_without_rescale_tags
,2CH,2ch_s12_7201,31,1,valid,0.9587506482209637,0.9992565055762082,0.13244470395827088,identity_without_rescale_tags
,2CH,2ch_s12_7201,32,1,valid,0.9578203173229425,1.0,0.14367458565286056,identity_without_rescale_tags
,2CH,2ch_s12_7201,33,1,valid,0.9540280124043655,1.0,0.153338623448568,identity_without_rescale_tags
,2CH,2ch_s12_7201,34,1,valid,0.9341739504632139,1.0,0.1783027171276687,identity_without_rescale_tags
,2CH,2ch_s12_7201,35,1,valid,0.9282028983919538,1.0,0.18318932541383698,identity_without_rescale_tags
,2CH,2ch_s12_7201,36,1,valid,0.9304056854737126,1.0,0.18246069390115943,identity_without_rescale_tags
,2CH,2ch_s12_7201,37,1,valid,0.9445671009718858,0.9927536231884058,0.15834718433817901,identity_without_rescale_tags
,2CH,2ch_s12_7201,38,1,valid,0.9408047585048986,0.9910979228486647,0.16010208338647086,identity_without_rescale_tags
,2CH,2ch_s12_7201,39,1,valid,0.9542856039141562,0.9931869795609387,0.13682257726059932,identity_without_rescale_tags
,2CH,2ch_s12_7201,40,1,valid,0.9621828842562429,0.9943074003795066,0.12479532435762311,identity_without_rescale_tags
,2CH,2ch_s12_7201,41,1,valid,0.9771461679678637,0.992638036809816,0.0972889049444787,identity_without_rescale_tags
,2CH,2ch_s12_7201,42,1,valid,0.9598598915338881,0.9977553310886644,0.11756639631358355,identity_without_rescale_tags
,2CH,2ch_s12_7201,43,1,valid,0.9596952205304687,0.9962121212121212,0.12659001504348713,identity_without_rescale_tags
,2CH,2ch_s12_7201,44,1,valid,0.9504799232712121,0.9978213507625272,0.14282881378239456,identity_without_rescale_tags
,2CH,2ch_s12_7201,45,1,valid,0.9494420225030908,0.9971153846153846,0.14255612212311514,identity_without_rescale_tags
,2CH,2ch_s12_7201,46,1,valid,0.9253389293390752,1.0,0.17193704716490685,identity_without_rescale_tags
,2CH,2ch_s12_7201,47,1,valid,0.9141076185872049,1.0,0.19129907299612306,identity_without_rescale_tags
,2CH,2ch_s12_7201,48,1,valid,0.9097513682380136,1.0,0.1986249039757818,identity_without_rescale_tags
,2CH,2ch_s12_7201,49,1,valid,0.9226054163663844,0.9984152139461173,0.1831165509001109,identity_without_rescale_tags
,2CH,2ch_s13_7301,0,1,valid,0.9459460690690711,1.051975051975052,0.1632188206128336,identity_without_rescale_tags
,2CH,2ch_s13_7301,1,1,valid,0.9496323294529735,1.0387374461979915,0.1527690112406655,identity_without_rescale_tags
,2CH,2ch_s13_7301,2,1,valid,0.9603882824720931,1.0198198198198198,0.1413479168074308,identity_without_rescale_tags
,2CH,2ch_s13_7301,3,1,valid,0.9621332584471083,1.0106382978723405,0.1334825006425648,identity_without_rescale_tags
,2CH,2ch_s13_7301,4,1,valid,0.9541110684887105,1.0062992125984251,0.14175445281293947,identity_without_rescale_tags
,2CH,2ch_s13_7301,5,1,valid,0.9405850241906462,1.024390243902439,0.16212489830272234,identity_without_rescale_tags
,2CH,2ch_s13_7301,6,1,valid,0.9486800908309745,1.0036297640653358,0.1538778645833217,identity_without_rescale_tags
,2CH,2ch_s13_7301,7,1,valid,0.9371829412700645,1.0,0.16300166368466024,identity_without_rescale_tags
,2CH,2ch_s13_7301,8,1,valid,0.9348561958250399,1.0014197823000472,0.16874948749029914,identity_without_rescale_tags
,2CH,2ch_s13_7301,9,1,valid,0.9471577134446127,1.0,0.15577634961130243,identity_without_rescale_tags
,2CH,2ch_s13_7301,10,1,valid,0.9649618760506692,1.0,0.12590704045096565,identity_without_rescale_tags
,2CH,2ch_s13_7301,11,1,valid,0.9577498475645246,1.0,0.13824161499876564,identity_without_rescale_tags
,2CH,2ch_s13_7301,12,1,valid,0.9527254275130431,1.0,0.14688457390446785,identity_without_rescale_tags
,2CH,2ch_s13_7301,13,1,valid,0.9509117977163547,1.0,0.15738440224123956,identity_without_rescale_tags
,2CH,2ch_s13_7301,14,1,valid,0.9473269651856178,1.0,0.15973909040612216,identity_without_rescale_tags
,2CH,2ch_s13_7301,15,1,valid,0.9442041641709396,0.99,0.16207557770877065,identity_without_rescale_tags
,2CH,2ch_s13_7301,16,1,valid,0.9469365533248683,1.0,0.160227559996738,identity_without_rescale_tags
,2CH,2ch_s13_7301,17,1,valid,0.9516751357302199,0.9963530269876003,0.1465462727664778,identity_without_rescale_tags
,2CH,2ch_s13_7301,18,1,valid,0.9456449154935809,0.9918918918918919,0.15361892642576735,identity_without_rescale_tags
,2CH,2ch_s13_7301,19,1,valid,0.9557360915572171,0.9943502824858758,0.13835582328214185,identity_without_rescale_tags
,2CH,2ch_s13_7301,20,1,valid,0.9598587987289116,0.9955156950672646,0.1314916920562285,identity_without_rescale_tags
,2CH,2ch_s13_7301,21,1,valid,0.9721910769859562,0.9938080495356038,0.107279136053489,identity_without_rescale_tags
,2CH,2ch_s13_7301,22,1,valid,0.9618592078315022,0.9921875,0.11978490049350189,identity_without_rescale_tags
,2CH,2ch_s13_7301,23,1,valid,0.9614754874398455,1.0,0.12549688150534904,identity_without_rescale_tags
,2CH,2ch_s13_7301,24,1,valid,0.9593031038501786,1.0,0.13568152338086495,identity_without_rescale_tags
,2CH,2ch_s13_7301,25,1,valid,0.962879302402209,0.9969325153374233,0.12847637041795232,identity_without_rescale_tags
,2CH,2ch_s13_7301,26,1,valid,0.9485217898187602,0.998805256869773,0.14790532094560035,identity_without_rescale_tags
,2CH,2ch_s13_7301,27,1,valid,0.9283368105235,1.0,0.17711720372866047,identity_without_rescale_tags
,2CH,2ch_s13_7301,28,1,valid,0.9282592281586687,1.0,0.18223072222871728,identity_without_rescale_tags
,2CH,2ch_s13_7301,29,1,valid,0.9151819139053684,1.0,0.19278146174131586,identity_without_rescale_tags
,2CH,2ch_s13_7301,30,1,valid,0.89572915001092,1.0,0.2155207070099783,identity_without_rescale_tags
,2CH,2ch_s13_7301,31,1,valid,0.8770482527848616,1.0,0.23823727366395422,identity_without_rescale_tags
,2CH,2ch_s13_7301,32,1,valid,0.8922872232545245,1.0,0.22482217883355832,identity_without_rescale_tags
,2CH,2ch_s13_7301,33,1,valid,0.9115563296792547,1.0,0.20219549354636052,identity_without_rescale_tags
,2CH,2ch_s13_7301,34,1,valid,0.9221346543919746,1.0,0.18976353980406974,identity_without_rescale_tags
,2CH,2ch_s13_7301,35,1,valid,0.9330416341963147,1.001001001001001,0.17951641825252662,identity_without_rescale_tags
,2CH,2ch_s13_7301,36,1,valid,0.9499400245118242,1.0,0.15749085288160494,identity_without_rescale_tags
,2CH,2ch_s13_7301,37,1,valid,0.9536901494128337,1.0,0.15329956719020943,identity_without_rescale_tags
,2CH,2ch_s13_7301,38,1,valid,0.9436530428640231,1.0,0.16726848304782807,identity_without_rescale_tags
,2CH,2ch_s13_7301,39,1,valid,0.9354277164123298,1.0014430014430014,0.18121813215315913,identity_without_rescale_tags
,2CH,2ch_s13_7301,40,1,valid,0.9271982211647148,1.0,0.18880039292319847,identity_without_rescale_tags
,2CH,2ch_s13_7301,41,1,valid,0.9061757638248624,1.0,0.21620374985802723,identity_without_rescale_tags
,2CH,2ch_s13_7301,42,1,valid,0.8884394812227252,1.0074074074074073,0.23550406703247467,identity_without_rescale_tags
,2CH,2ch_s13_7301,43,1,valid,0.8830636166098448,1.0,0.2452841209245951,identity_without_rescale_tags
,2CH,2ch_s13_7301,44,1,valid,0.8955909089073562,0.9929859719438878,0.22547058825789293,identity_without_rescale_tags
,2CH,2ch_s13_7301,45,1,valid,0.8901131382915416,0.9882352941176471,0.23072813529522876,identity_without_rescale_tags
,2CH,2ch_s13_7301,46,1,valid,0.8781988850034852,1.0,0.2312630905360845,identity_without_rescale_tags
,2CH,2ch_s13_7301,47,1,valid,0.905254638605347,0.9966777408637874,0.21191154525693437,identity_without_rescale_tags
,2CH,2ch_s13_7301,48,1,valid,0.9225215935489479,0.9911032028469751,0.18854466991761423,identity_without_rescale_tags
,2CH,2ch_s13_7301,49,1,valid,0.9221151558996435,0.9849624060150376,0.1888310003970655,identity_without_rescale_tags
,2CH,2ch_s14_7401,0,1,valid,0.8612573578606649,1.0532851122873734,0.26152281324041526,identity_without_rescale_tags
,2CH,2ch_s14_7401,1,1,valid,0.8773648599895726,1.0356635626292467,0.24707499737031813,identity_without_rescale_tags
,2CH,2ch_s14_7401,2,1,valid,0.9000371441379006,1.0407752101744379,0.2213497908445219,identity_without_rescale_tags
,2CH,2ch_s14_7401,3,1,valid,0.924462391834992,1.0215827338129497,0.1964434914673419,identity_without_rescale_tags
,2CH,2ch_s14_7401,4,1,valid,0.9277834137578652,1.0199673693647844,0.1854931933837617,identity_without_rescale_tags
,2CH,2ch_s14_7401,5,1,valid,0.9328042323393887,1.0151515151515151,0.18047107228881948,identity_without_rescale_tags
,2CH,2ch_s14_7401,6,1,valid,0.9392630510710733,1.0197716952769764,0.17826031464289893,identity_without_rescale_tags
,2CH,2ch_s14_7401,7,1,valid,0.9373742875684656,1.0175592760460026,0.1769421238627744,identity_without_rescale_tags
,2CH,2ch_s14_7401,8,1,valid,0.923738083176971,1.0,0.1917474726031977,identity_without_rescale_tags
,2CH,2ch_s14_7401,9,1,valid,0.9209214749962688,0.9987752597979216,0.19103866559551194,identity_without_rescale_tags
,2CH,2ch_s14_7401,10,1,valid,0.921829677918516,1.0,0.19288470525304657,identity_without_rescale_tags
,2CH,2ch_s14_7401,11,1,valid,0.9321125471944102,0.9993238662416335,0.17449766349233786,identity_without_rescale_tags
,2CH,2ch_s14_7401,12,1,valid,0.9319500974872408,1.002318841358989,0.17269003822956305,identity_without_rescale_tags
,2CH,2ch_s14_7401,13,1,valid,0.9360368726511705,0.9942135653994952,0.16525612689076127,identity_without_rescale_tags
,2CH,2ch_s14_7401,14,1,valid,0.9430316963610597,0.9993630446627402,0.16011673039415678,identity_without_rescale_tags
,2CH,2ch_s14_7401,15,1,valid,0.9593494022124395,0.9962848282969561,0.13622471788829327,identity_without_rescale_tags
,2CH,2ch_s14_7401,16,1,valid,0.9624220016754617,0.9963511046544311,0.12457244504706194,identity_without_rescale_tags
,2CH,2ch_s14_7401,17,1,valid,0.9588891506731521,0.9940828402366864,0.13221454118602113,identity_without_rescale_tags
,2CH,2ch_s14_7401,18,1,valid,0.9434140610178817,1.0,0.1564386367530939,identity_without_rescale_tags
,2CH,2ch_s14_7401,19,1,valid,0.9514309864022523,0.9990774271793017,0.14527652719369408,identity_without_rescale_tags
,2CH,2ch_s14_7401,20,1,valid,0.9515400783602488,1.0,0.1400312469513944,identity_without_rescale_tags
,2CH,2ch_s14_7401,21,1,valid,0.9377738157282792,0.9991181102362204,0.15788780131827002,identity_without_rescale_tags
,2CH,2ch_s14_7401,22,1,valid,0.9296898037606014,1.0,0.1727745955562246,identity_without_rescale_tags
,2CH,2ch_s14_7401,23,1,valid,0.9387620852844888,1.0,0.16557212210718159,identity_without_rescale_tags
,2CH,2ch_s14_7401,24,1,valid,0.9534531960513498,1.0,0.1428778909915463,identity_without_rescale_tags
,2CH,2ch_s14_7401,25,1,valid,0.9527928959913947,1.0,0.14412583255477807,identity_without_rescale_tags
,2CH,2ch_s14_7401,26,1,valid,0.9546711844288384,1.00612373561334,0.1466326367487596,identity_without_rescale_tags
,2CH,2ch_s14_7401,27,1,valid,0.9448562482067662,1.0,0.1669495894453118,identity_without_rescale_tags
,2CH,2ch_s14_7401,28,1,valid,0.9410408356939161,1.0,0.17263282968694224,identity_without_rescale_tags
,2CH,2ch_s14_7401,29,1,valid,0.9142864644603859,1.0,0.20760771191713856,identity_without_rescale_tags
,2CH,2ch_s14_7401,30,1,valid,0.8989584552822596,1.0,0.21788400190433946,identity_without_rescale_tags
,2CH,2ch_s14_7401,31,1,valid,0.9021297068798426,1.0,0.2205304199229276,identity_without_rescale_tags
,2CH,2ch_s14_7401,32,1,valid,0.907633014703583,0.9939201499611461,0.20850438915154704,identity_without_rescale_tags
,2CH,2ch_s14_7401,33,1,valid,0.9090617538550334,0.9916333900758865,0.20593796600589992,identity_without_rescale_tags
,2CH,2ch_s14_7401,34,1,valid,0.9154919861954923,0.9962546816479401,0.19592400578270902,identity_without_rescale_tags
,2CH,2ch_s14_7401,35,1,valid,0.9279678601301539,0.9965489397110525,0.18320650805281777,identity_without_rescale_tags
,2CH,2ch_s14_7401,36,1,valid,0.9408442286909774,0.9932687370077355,0.16566178433409845,identity_without_rescale_tags
,2CH,2ch_s14_7401,37,1,valid,0.9474251660344256,0.990990990990991,0.15563485034881944,identity_without_rescale_tags
,2CH,2ch_s14_7401,38,1,valid,0.9472191673347727,0.9928057553956835,0.15480205895491364,identity_without_rescale_tags
,2CH,2ch_s14_7401,39,1,valid,0.951609875010233,0.9908256880733946,0.1476442304315703,identity_without_rescale_tags
,2CH,2ch_s14_7401,40,1,valid,0.958181828670001,0.9896814632046256,0.13549592294201718,identity_without_rescale_tags
,2CH,2ch_s14_7401,41,1,valid,0.9509092630883389,0.9915424834375053,0.1432988960472963,identity_without_rescale_tags
,2CH,2ch_s14_7401,42,1,valid,0.9373131344618422,0.9975864780637458,0.1624614859425379,identity_without_rescale_tags
,2CH,2ch_s14_7401,43,1,valid,0.9340398902883158,0.9984790865729367,0.16661754759622033,identity_without_rescale_tags
,2CH,2ch_s14_7401,44,1,valid,0.9310132859830251,0.9974259931624838,0.1665625814092189,identity_without_rescale_tags
,2CH,2ch_s14_7401,45,1,valid,0.9190398497260612,0.9985517125658074,0.18160649481930458,identity_without_rescale_tags
,2CH,2ch_s14_7401,46,1,valid,0.9100607678526036,1.0,0.19529463368685893,identity_without_rescale_tags
,2CH,2ch_s14_7401,47,1,valid,0.9174539993533373,1.0,0.18976759166460533,identity_without_rescale_tags
,2CH,2ch_s14_7401,48,1,valid,0.9333657958334766,0.998754639085722,0.1687173335902735,identity_without_rescale_tags
,2CH,2ch_s14_7401,49,1,valid,0.9410238439939915,1.0,0.16133677541838287,identity_without_rescale_tags
,2CH,2ch_s15_7501,0,1,valid,0.9141959052083828,1.056633048875097,0.21725335941178942,identity_without_rescale_tags
,2CH,2ch_s15_7501,1,1,valid,0.911778503192708,1.0317460317460319,0.20718620871725638,identity_without_rescale_tags
,2CH,2ch_s15_7501,2,1,valid,0.9251300228002572,1.0404255319148936,0.19612606303340002,identity_without_rescale_tags
,2CH,2ch_s15_7501,3,1,valid,0.9456958530866878,1.0259849119865885,0.17292805267424632,identity_without_rescale_tags
,2CH,2ch_s15_7501,4,1,valid,0.9570796899364217,1.006675567423231,0.15248294141979316,identity_without_rescale_tags
,2CH,2ch_s15_7501,5,1,valid,0.9393037277612217,1.0006882312456986,0.17213695930005096,identity_without_rescale_tags
,2CH,2ch_s15_7501,6,1,valid,0.9421992618778537,1.0101010101010102,0.16716525014931705,identity_without_rescale_tags
,2CH,2ch_s15_7501,7,1,valid,0.9258852518615309,1.0,0.19343784943477638,identity_without_rescale_tags
,2CH,2ch_s15_7501,8,1,valid,0.9083769126858895,1.0149253731343284,0.2071790304245394,identity_without_rescale_tags
,2CH,2ch_s15_7501,9,1,valid,0.8940425114377664,1.0,0.2291268033353119,identity_without_rescale_tags
,2CH,2ch_s15_7501,10,1,valid,0.8955230512738523,1.0,0.22521452025637986,identity_without_rescale_tags
,2CH,2ch_s15_7501,11,1,valid,0.9057663818002825,1.0,0.21295998302286534,identity_without_rescale_tags
,2CH,2ch_s15_7501,12,1,valid,0.9233656947901209,0.9969678593086719,0.189173301428451,identity_without_rescale_tags
,2CH,2ch_s15_7501,13,1,valid,0.9326178536994245,0.9950920245398773,0.1754270922867308,identity_without_rescale_tags
,2CH,2ch_s15_7501,14,1,valid,0.9438798920979892,1.0,0.1659930838140656,identity_without_rescale_tags
,2CH,2ch_s15_7501,15,1,valid,0.9574018817427823,0.996415770609319,0.14511444089230222,identity_without_rescale_tags
,2CH,2ch_s15_7501,16,1,valid,0.955631927434508,0.9899543378995433,0.14442117422927214,identity_without_rescale_tags
,2CH,2ch_s15_7501,17,1,valid,0.9416789695716082,1.0,0.16572023700701102,identity_without_rescale_tags
,2CH,2ch_s15_7501,18,1,valid,0.9387150289977956,1.0,0.17309745270886412,identity_without_rescale_tags
,2CH,2ch_s15_7501,19,1,valid,0.9314110684807217,1.0,0.18092645540017624,identity_without_rescale_tags
,2CH,2ch_s15_7501,20,1,valid,0.9140105394086382,0.9930740543420352,0.19724316783706644,identity_without_rescale_tags
,2CH,2ch_s15_7501,21,1,valid,0.8943003218111373,0.9886792452830189,0.22122391204208935,identity_without_rescale_tags
,2CH,2ch_s15_7501,22,1,valid,0.9034478487863897,1.0,0.21814056010125646,identity_without_rescale_tags
,2CH,2ch_s15_7501,23,1,valid,0.9091590259972069,0.998745294855709,0.21092010563025712,identity_without_rescale_tags
,2CH,2ch_s15_7501,24,1,valid,0.908345405981874,0.9980952380952381,0.20336321895529122,identity_without_rescale_tags
,2CH,2ch_s15_7501,25,1,valid,0.9209451741003266,1.0,0.192364670479251,identity_without_rescale_tags
,2CH,2ch_s15_7501,26,1,valid,0.9433235617070284,1.0047457627118643,0.16838684014573185,identity_without_rescale_tags
,2CH,2ch_s15_7501,27,1,valid,0.9519275406742171,1.0,0.15629177157989946,identity_without_rescale_tags
,2CH,2ch_s15_7501,28,1,valid,0.9350051613667422,1.0,0.173695368018768,identity_without_rescale_tags
,2CH,2ch_s15_7501,29,1,valid,0.9401427408351578,1.0,0.17620884907264436,identity_without_rescale_tags
,2CH,2ch_s15_7501,30,1,valid,0.939024890053354,1.0,0.1758372893963708,identity_without_rescale_tags
,2CH,2ch_s15_7501,31,1,valid,0.9345906423718248,0.9977997799779978,0.1788012301278685,identity_without_rescale_tags
,2CH,2ch_s15_7501,32,1,valid,0.9109195599730172,0.99581589958159,0.20974066945869915,identity_without_rescale_tags
,2CH,2ch_s15_7501,33,1,valid,0.9115459445845185,1.0,0.20792507212601824,identity_without_rescale_tags
,2CH,2ch_s15_7501,34,1,valid,0.9142715736430503,0.9994262765347103,0.20483009479864933,identity_without_rescale_tags
,2CH,2ch_s15_7501,35,1,valid,0.9273848754356345,1.0006230529595015,0.18382460746560014,identity_without_rescale_tags
,2CH,2ch_s15_7501,36,1,valid,0.9294229640463898,0.995260663507109,0.1784589589274624,identity_without_rescale_tags
,2CH,2ch_s15_7501,37,1,valid,0.9359229139166253,1.0,0.17207862128807724,identity_without_rescale_tags
,2CH,2ch_s15_7501,38,1,valid,0.9484045247763526,0.9968186638388123,0.15754630032972372,identity_without_rescale_tags
,2CH,2ch_s15_7501,39,1,valid,0.9548943772937079,0.993188854489164,0.14443090431502845,identity_without_rescale_tags
,2CH,2ch_s15_7501,40,1,valid,0.954914681955239,0.9917808219178083,0.14238218293927407,identity_without_rescale_tags
,2CH,2ch_s15_7501,41,1,valid,0.9533168551044788,0.9988901220865705,0.14947496440554833,identity_without_rescale_tags
,2CH,2ch_s15_7501,42,1,valid,0.9596674683485585,0.9940968122786304,0.1385981098727961,identity_without_rescale_tags
,2CH,2ch_s15_7501,43,1,valid,0.9431648282554919,0.993103448275862,0.15346555663880915,identity_without_rescale_tags
,2CH,2ch_s15_7501,44,1,valid,0.9364274392238456,0.9972260748959778,0.1675300212776643,identity_without_rescale_tags
,2CH,2ch_s15_7501,45,1,valid,0.9335354549062334,1.0,0.17850281414862273,identity_without_rescale_tags
,2CH,2ch_s15_7501,46,1,valid,0.9303485963928112,1.0,0.17976879745357768,identity_without_rescale_tags
,2CH,2ch_s15_7501,47,1,valid,0.9149622581885708,0.9896432681242808,0.19478685567084433,identity_without_rescale_tags
,2CH,2ch_s15_7501,48,1,valid,0.9329969178608881,1.0,0.18312900940156893,identity_without_rescale_tags
,2CH,2ch_s15_7501,49,1,valid,0.9467963463458988,1.0,0.1621072350802615,identity_without_rescale_tags
,2CH,2ch_s16_7601,0,1,valid,0.9356379264006768,1.0515463917525774,0.1827789824768729,identity_without_rescale_tags
,2CH,2ch_s16_7601,1,1,valid,0.9470124865492938,1.0365853658536586,0.17100602914476018,identity_without_rescale_tags
,2CH,2ch_s16_7601,2,1,valid,0.9545582933016203,1.0225385527876631,0.15957032471872204,identity_without_rescale_tags
,2CH,2ch_s16_7601,3,1,valid,0.9597018292068425,1.0121212121212122,0.1387789464354635,identity_without_rescale_tags
,2CH,2ch_s16_7601,4,1,valid,0.9419319083648661,1.005449591280654,0.1511518334566311,identity_without_rescale_tags
,2CH,2ch_s16_7601,5,1,valid,0.9380733849074365,1.0072239422084623,0.15953250615169035,identity_without_rescale_tags
,2CH,2ch_s16_7601,6,1,valid,0.9419181726569261,1.003338898163606,0.16482712722132256,identity_without_rescale_tags
,2CH,2ch_s16_7601,7,1,valid,0.9448212692399375,1.0,0.15369879537603603,identity_without_rescale_tags
,2CH,2ch_s16_7601,8,1,valid,0.949267506106467,1.0,0.14900341093976585,identity_without_rescale_tags
,2CH,2ch_s16_7601,9,1,valid,0.9618770112672419,1.0028116213683225,0.1348862609121865,identity_without_rescale_tags
,2CH,2ch_s16_7601,10,1,valid,0.9566194925203003,1.0,0.14416396974734436,identity_without_rescale_tags
,2CH,2ch_s16_7601,11,1,valid,0.9425559637969925,1.0,0.16518722957120455,identity_without_rescale_tags
,2CH,2ch_s16_7601,12,1,valid,0.9244155694016172,1.0,0.19214933048609392,identity_without_rescale_tags
,2CH,2ch_s16_7601,13,1,valid,0.9057113510981907,1.003921568627451,0.21844240422758684,identity_without_rescale_tags
,2CH,2ch_s16_7601,14,1,valid,0.9171874814999598,0.9994858611825193,0.19880519315569498,identity_without_rescale_tags
,2CH,2ch_s16_7601,15,1,valid,0.9228180678306271,0.9941176470588236,0.19127203489124875,identity_without_rescale_tags
,2CH,2ch_s16_7601,16,1,valid,0.9383360815492705,1.0,0.1735026387071293,identity_without_rescale_tags
,2CH,2ch_s16_7601,17,1,valid,0.9489173794742001,1.0,0.1583786135771466,identity_without_rescale_tags
,2CH,2ch_s16_7601,18,1,valid,0.9666115947564439,0.9942196531791907,0.12281220763238794,identity_without_rescale_tags
,2CH,2ch_s16_7601,19,1,valid,0.9626337979483323,0.9915014164305949,0.1286088217473174,identity_without_rescale_tags
,2CH,2ch_s16_7601,20,1,valid,0.9595670862700091,1.0,0.13941258370765983,identity_without_rescale_tags
,2CH,2ch_s16_7601,21,1,valid,0.9639298051726106,1.0,0.13216332351831547,identity_without_rescale_tags
,2CH,2ch_s16_7601,22,1,valid,0.9452348858711257,0.9991589571068125,0.152119998201111,identity_without_rescale_tags
,2CH,2ch_s16_7601,23,1,valid,0.9233482649740786,0.9974226804123711,0.183028436333557,identity_without_rescale_tags
,2CH,2ch_s16_7601,24,1,valid,0.9297575725953003,1.0,0.18433461989648545,identity_without_rescale_tags
,2CH,2ch_s16_7601,25,1,valid,0.9422230160079412,0.9994079336885732,0.1639881688698492,identity_without_rescale_tags
,2CH,2ch_s16_7601,26,1,valid,0.9389028196236591,0.9934640522875817,0.1652766148347394,identity_without_rescale_tags
,2CH,2ch_s16_7601,27,1,valid,0.9532667442198707,1.0,0.145825412053903,identity_without_rescale_tags
,2CH,2ch_s16_7601,28,1,valid,0.9577851457141656,1.0,0.14782535089425716,identity_without_rescale_tags
,2CH,2ch_s16_7601,29,1,valid,0.9545192561155472,1.0,0.1494551080830946,identity_without_rescale_tags
,2CH,2ch_s16_7601,30,1,valid,0.9352908682141743,0.9926686217008798,0.17644718855493885,identity_without_rescale_tags
,2CH,2ch_s16_7601,31,1,valid,0.9247976051428385,1.0033444816053512,0.18701579613647887,identity_without_rescale_tags
,2CH,2ch_s16_7601,32,1,valid,0.9319124982843265,0.9973935708079931,0.1789650386857803,identity_without_rescale_tags
,2CH,2ch_s16_7601,33,1,valid,0.9498153059680557,0.9938271604938271,0.15226247679201288,identity_without_rescale_tags
,2CH,2ch_s16_7601,34,1,valid,0.9563838672501159,0.9927007299270073,0.14015914397604798,identity_without_rescale_tags
,2CH,2ch_s16_7601,35,1,valid,0.9591703114186376,0.9981447124304267,0.1384463014680046,identity_without_rescale_tags
,2CH,2ch_s16_7601,36,1,valid,0.9743569652094995,0.9982486865148862,0.11028791242621284,identity_without_rescale_tags
,2CH,2ch_s16_7601,37,1,valid,0.9568126534436137,0.9922480620155039,0.13389292639072797,identity_without_rescale_tags
,2CH,2ch_s16_7601,38,1,valid,0.9468954559190467,0.9991031390134529,0.149360943381908,identity_without_rescale_tags
,2CH,2ch_s16_7601,39,1,valid,0.9423439995205298,1.0,0.15955888421226375,identity_without_rescale_tags
,2CH,2ch_s16_7601,40,1,valid,0.9352285451317649,0.9966688874083944,0.16515916615336462,identity_without_rescale_tags
,2CH,2ch_s16_7601,41,1,valid,0.9028572784248636,0.9995876288659794,0.2006846890322499,identity_without_rescale_tags
,2CH,2ch_s16_7601,42,1,valid,0.9195456326395701,1.0,0.19369582213301265,identity_without_rescale_tags
,2CH,2ch_s16_7601,43,1,valid,0.9417955820018873,1.0,0.16654222889329043,identity_without_rescale_tags
,2CH,2ch_s16_7601,44,1,valid,0.9562016971651817,1.0,0.1451195892135017,identity_without_rescale_tags
,2CH,2ch_s16_7601,45,1,valid,0.946587832867869,1.0,0.16033885391244884,identity_without_rescale_tags
,2CH,2ch_s16_7601,46,1,valid,0.9386443997578635,1.0196936542669583,0.1724643340183568,identity_without_rescale_tags
,2CH,2ch_s16_7601,47,1,valid,0.9197615184462855,1.0,0.19478601124158504,identity_without_rescale_tags
,2CH,2ch_s16_7601,48,1,valid,0.9109436085823946,1.0,0.20513350487508694,identity_without_rescale_tags
,2CH,2ch_s16_7601,49,1,valid,0.895217502162378,0.9963636363636363,0.22616394743437354,identity_without_rescale_tags
,2CH,2ch_s17_7701,0,1,valid,0.9623166790917991,1.0503173424939725,0.1491930567136933,identity_without_rescale_tags
,2CH,2ch_s17_7701,1,1,valid,0.9480170548809922,1.032415746935819,0.15436933670744155,identity_without_rescale_tags
,2CH,2ch_s17_7701,2,1,valid,0.9304050135892996,1.031001428986937,0.16790135908042192,identity_without_rescale_tags
,2CH,2ch_s17_7701,3,1,valid,0.9506604433155994,1.0128645034588524,0.15349530525126748,identity_without_rescale_tags
,2CH,2ch_s17_7701,4,1,valid,0.939822156932173,1.0063545861779337,0.16294225572485635,identity_without_rescale_tags
,2CH,2ch_s17_7701,5,1,valid,0.9234435532742499,1.0026472639099615,0.17762946136658014,identity_without_rescale_tags
,2CH,2ch_s17_7701,6,1,valid,0.9462713695052775,1.0080691669457158,0.1578840248598309,identity_without_rescale_tags
,2CH,2ch_s17_7701,7,1,valid,0.96571994627443,1.0,0.1300562656662254,identity_without_rescale_tags
,2CH,2ch_s17_7701,8,1,valid,0.9580464070181934,1.0,0.14112566120854916,identity_without_rescale_tags
,2CH,2ch_s17_7701,9,1,valid,0.9433243398037292,1.0032154340836013,0.16400514835517283,identity_without_rescale_tags
,2CH,2ch_s17_7701,10,1,valid,0.9332883928505926,1.0029873056243446,0.18003570317517267,identity_without_rescale_tags
,2CH,2ch_s17_7701,11,1,valid,0.9220193885047387,1.0,0.19174452860796948,identity_without_rescale_tags
,2CH,2ch_s17_7701,12,1,valid,0.91420718190559,1.0,0.2036200080928814,identity_without_rescale_tags
,2CH,2ch_s17_7701,13,1,valid,0.9027412302876232,1.004529213438072,0.21192377133769644,identity_without_rescale_tags
,2CH,2ch_s17_7701,14,1,valid,0.914730275495868,1.0,0.19984610708603173,identity_without_rescale_tags
,2CH,2ch_s17_7701,15,1,valid,0.9386951645171537,1.0,0.16705071233834834,identity_without_rescale_tags
,2CH,2ch_s17_7701,16,1,valid,0.9478420041350714,1.0,0.15436942355614391,identity_without_rescale_tags
,2CH,2ch_s17_7701,17,1,valid,0.9435874464750345,1.0,0.1567440983303397,identity_without_rescale_tags
,2CH,2ch_s17_7701,18,1,valid,0.9658352941894633,1.0,0.12437852347027148,identity_without_rescale_tags
,2CH,2ch_s17_7701,19,1,valid,0.9619407140639149,0.9962859763709472,0.12842784281470898,identity_without_rescale_tags
,2CH,2ch_s17_7701,20,1,valid,0.9567715140675062,1.0,0.13938962829505694,identity_without_rescale_tags
,2CH,2ch_s17_7701,21,1,valid,0.9459369117358566,1.0,0.15604677392480942,identity_without_rescale_tags
,2CH,2ch_s17_7701,22,1,valid,0.944524326692583,0.9981308411214953,0.15863038862213322,identity_without_rescale_tags
,2CH,2ch_s17_7701,23,1,valid,0.9105740869041083,0.9976716986706456,0.1978986019116524,identity_without_rescale_tags
,2CH,2ch_s17_7701,24,1,valid,0.9140190974874409,1.0,0.19764592362297426,identity_without_rescale_tags
,2CH,2ch_s17_7701,25,1,valid,0.9411211085737655,1.0,0.1674457438218541,identity_without_rescale_tags
,2CH,2ch_s17_7701,26,1,valid,0.9553785768097143,0.9930107506679242,0.14858843046628548,identity_without_rescale_tags
,2CH,2ch_s17_7701,27,1,valid,0.9544004911287781,0.9965232343439777,0.1457761536261199,identity_without_rescale_tags
,2CH,2ch_s17_7701,28,1,valid,0.9529376480212762,1.0012262420305547,0.15118441478914751,identity_without_rescale_tags
,2CH,2ch_s17_7701,29,1,valid,0.9344662739152014,0.9975308641975309,0.17456985266811736,identity_without_rescale_tags
,2CH,2ch_s17_7701,30,1,valid,0.9194547724393936,0.9966858151276503,0.19531513696970246,identity_without_rescale_tags
,2CH,2ch_s17_7701,31,1,valid,0.9056095285398417,0.9990210284807397,0.21131712920597542,identity_without_rescale_tags
,2CH,2ch_s17_7701,32,1,valid,0.8909176282774103,1.0,0.22744686071272285,identity_without_rescale_tags
,2CH,2ch_s17_7701,33,1,valid,0.9060505705570185,0.9957841454007728,0.20899267119350945,identity_without_rescale_tags
,2CH,2ch_s17_7701,34,1,valid,0.9110672035848045,0.9928622376197269,0.20587264841654943,identity_without_rescale_tags
,2CH,2ch_s17_7701,35,1,valid,0.9141523896445667,1.0,0.19801349057691991,identity_without_rescale_tags
,2CH,2ch_s17_7701,36,1,valid,0.9171217089331096,0.9965635738831615,0.19315641251622379,identity_without_rescale_tags
,2CH,2ch_s17_7701,37,1,valid,0.9399017415355081,0.9961290064782949,0.16257237262467028,identity_without_rescale_tags
,2CH,2ch_s17_7701,38,1,valid,0.9496438900983485,0.9959758510579079,0.14851437041551338,identity_without_rescale_tags
,2CH,2ch_s17_7701,39,1,valid,0.9459655363253827,1.0,0.1465166737158959,identity_without_rescale_tags
,2CH,2ch_s17_7701,40,1,valid,0.9646875921574066,0.9954022745529109,0.12863096367613777,identity_without_rescale_tags
,2CH,2ch_s17_7701,41,1,valid,0.9640304817153612,0.9928469241773963,0.12657630741463202,identity_without_rescale_tags
,2CH,2ch_s17_7701,42,1,valid,0.9489202074911579,0.9958289839944329,0.15013159346591798,identity_without_rescale_tags
,2CH,2ch_s17_7701,43,1,valid,0.9383782648633529,1.0,0.16384111586552635,identity_without_rescale_tags
,2CH,2ch_s17_7701,44,1,valid,0.9374919776664127,1.0,0.16941504213974318,identity_without_rescale_tags
,2CH,2ch_s17_7701,45,1,valid,0.9187451025060495,0.994991652754591,0.187606236118201,identity_without_rescale_tags
,2CH,2ch_s17_7701,46,1,valid,0.9328124821587286,0.9963636363636363,0.17499335171278363,identity_without_rescale_tags
,2CH,2ch_s17_7701,47,1,valid,0.9519527582270697,1.0,0.15162004105031684,identity_without_rescale_tags
,2CH,2ch_s17_7701,48,1,valid,0.9636108475324969,0.9966189015975704,0.1350041112666129,identity_without_rescale_tags
,2CH,2ch_s17_7701,49,1,valid,0.9502360746732662,0.9904407832838085,0.15632465725127684,identity_without_rescale_tags
,2CH,2ch_s18_7801,0,1,valid,0.9476134524425784,1.055164144546432,0.16851801248559972,identity_without_rescale_tags
,2CH,2ch_s18_7801,1,1,valid,0.9610346113220108,1.0307074623049033,0.13787329503469395,identity_without_rescale_tags
,2CH,2ch_s18_7801,2,1,valid,0.9534063371290259,1.018353055887958,0.1464929307978802,identity_without_rescale_tags
,2CH,2ch_s18_7801,3,1,valid,0.9371957500502398,1.0254723707664883,0.16692930200308792,identity_without_rescale_tags
,2CH,2ch_s18_7801,4,1,valid,0.9555736271384502,1.009676000794394,0.1488001880124943,identity_without_rescale_tags
,2CH,2ch_s18_7801,5,1,valid,0.938316459739548,1.0103092783505154,0.1618603568531494,identity_without_rescale_tags
,2CH,2ch_s18_7801,6,1,valid,0.9404945271431293,1.0,0.16511166536382224,identity_without_rescale_tags
,2CH,2ch_s18_7801,7,1,valid,0.9403414329645419,1.0063025488248925,0.16705423018576382,identity_without_rescale_tags
,2CH,2ch_s18_7801,8,1,valid,0.946807612635144,1.0,0.1583082055389229,identity_without_rescale_tags
,2CH,2ch_s18_7801,9,1,valid,0.9295034573176384,0.9970382873569268,0.17299198229933335,identity_without_rescale_tags
,2CH,2ch_s18_7801,10,1,valid,0.926226083073275,1.0,0.18042232439065561,identity_without_rescale_tags
,2CH,2ch_s18_7801,11,1,valid,0.9338541547580504,1.0,0.1765313092099566,identity_without_rescale_tags
,2CH,2ch_s18_7801,12,1,valid,0.9287704443291931,0.9980781550288277,0.17880929425350056,identity_without_rescale_tags
,2CH,2ch_s18_7801,13,1,valid,0.9240601540766222,0.9974683544303797,0.1813459850912622,identity_without_rescale_tags
,2CH,2ch_s18_7801,14,1,valid,0.9408769930586159,1.0,0.16731903947992086,identity_without_rescale_tags
,2CH,2ch_s18_7801,15,1,valid,0.9567206327585384,1.0,0.14203871215626962,identity_without_rescale_tags
,2CH,2ch_s18_7801,16,1,valid,0.9586306380487519,0.9966777408637874,0.1355168583573393,identity_without_rescale_tags
,2CH,2ch_s18_7801,17,1,valid,0.9532643018023101,1.0,0.14644748521449993,identity_without_rescale_tags
,2CH,2ch_s18_7801,18,1,valid,0.9401807401393074,1.0040377143167676,0.16774385308712325,identity_without_rescale_tags
,2CH,2ch_s18_7801,19,1,valid,0.9396589489385803,1.0,0.16534297702269485,identity_without_rescale_tags
,2CH,2ch_s18_7801,20,1,valid,0.9276554028171138,0.9942857142857143,0.18072009138910994,identity_without_rescale_tags
,2CH,2ch_s18_7801,21,1,valid,0.9117788153989265,1.0,0.19679511585658624,identity_without_rescale_tags
,2CH,2ch_s18_7801,22,1,valid,0.8878123391208314,1.0,0.2266931662614337,identity_without_rescale_tags
,2CH,2ch_s18_7801,23,1,valid,0.8893221105242781,0.9971941559085692,0.22143352157507734,identity_without_rescale_tags
,2CH,2ch_s18_7801,24,1,valid,0.8793115611354667,0.9960860906862745,0.23687502969166535,identity_without_rescale_tags
,2CH,2ch_s18_7801,25,1,valid,0.8575052269835242,1.0,0.25358090591513704,identity_without_rescale_tags
,2CH,2ch_s18_7801,26,1,valid,0.8587740285141963,0.9955732616380695,0.25797838606604195,identity_without_rescale_tags
,2CH,2ch_s18_7801,27,1,valid,0.8712088917007567,0.9946316611910572,0.24022482920127752,identity_without_rescale_tags
,2CH,2ch_s18_7801,28,1,valid,0.8789220193012574,0.9927983462869252,0.23716420722241488,identity_without_rescale_tags
,2CH,2ch_s18_7801,29,1,valid,0.8652826052167106,1.0,0.24494768486226343,identity_without_rescale_tags
,2CH,2ch_s18_7801,30,1,valid,0.8796997433794643,0.9946236559139785,0.2355690738252428,identity_without_rescale_tags
,2CH,2ch_s18_7801,31,1,valid,0.8938930378870734,0.9964136269314537,0.21579826686939757,identity_without_rescale_tags
,2CH,2ch_s18_7801,32,1,valid,0.9004396247643512,0.9950738916256158,0.21072339113664434,identity_without_rescale_tags
,2CH,2ch_s18_7801,33,1,valid,0.8892211646120434,1.0,0.21813508754784156,identity_without_rescale_tags
,2CH,2ch_s18_7801,34,1,valid,0.9146741528188661,1.0,0.19756736182534684,identity_without_rescale_tags
,2CH,2ch_s18_7801,35,1,valid,0.928208114520344,0.998109640831758,0.1793898457756434,identity_without_rescale_tags
,2CH,2ch_s18_7801,36,1,valid,0.9342241994750045,0.997794925654715,0.171041932158543,identity_without_rescale_tags
,2CH,2ch_s18_7801,37,1,valid,0.9268762680651167,1.0016771562181357,0.17272695891435763,identity_without_rescale_tags
,2CH,2ch_s18_7801,38,1,valid,0.9558668590457027,0.9977992919376789,0.14168641763872097,identity_without_rescale_tags
,2CH,2ch_s18_7801,39,1,valid,0.9604488012087786,0.998685047756714,0.126187878178734,identity_without_rescale_tags
,2CH,2ch_s18_7801,40,1,valid,0.9554643234515547,0.9939681927179516,0.13093003492191252,identity_without_rescale_tags
,2CH,2ch_s18_7801,41,1,valid,0.9512602304487147,1.0,0.12562581459840924,identity_without_rescale_tags
,2CH,2ch_s18_7801,42,1,valid,0.9673634664340657,0.9990024935174516,0.11911890972151194,identity_without_rescale_tags
,2CH,2ch_s18_7801,43,1,valid,0.9659841959370276,0.9942528735632183,0.11622021884207574,identity_without_rescale_tags
,2CH,2ch_s18_7801,44,1,valid,0.95077348620773,0.994413407821229,0.13786168358573778,identity_without_rescale_tags
,2CH,2ch_s18_7801,45,1,valid,0.9481732062920615,1.0,0.1413583571204858,identity_without_rescale_tags
,2CH,2ch_s18_7801,46,1,valid,0.9598849209800054,0.9981120171474944,0.138850445573095,identity_without_rescale_tags
,2CH,2ch_s18_7801,47,1,valid,0.9527414500845536,0.9956933645913704,0.14275917911786576,identity_without_rescale_tags
,2CH,2ch_s18_7801,48,1,valid,0.9435242298584662,0.9918235872086545,0.15471568619078635,identity_without_rescale_tags
,2CH,2ch_s18_7801,49,1,valid,0.9511948818177083,1.0,0.14010320845566787,identity_without_rescale_tags
,2CH,2ch_s19_7901,0,1,valid,0.8490202788613185,1.0439915626260312,0.2766843543270677,identity_without_rescale_tags
,2CH,2ch_s19_7901,1,1,valid,0.8558533098351158,1.0253466216401725,0.25810677508411367,identity_without_rescale_tags
,2CH,2ch_s19_7901,2,1,valid,0.8646475581168945,1.0348210591144857,0.24903507150028617,identity_without_rescale_tags
,2CH,2ch_s19_7901,3,1,valid,0.9031730015108892,1.0149253731343284,0.21648216993466635,identity_without_rescale_tags
,2CH,2ch_s19_7901,4,1,valid,0.9260372062431763,1.0075364294414257,0.18099963993916238,identity_without_rescale_tags
,2CH,2ch_s19_7901,5,1,valid,0.9338942693437877,1.0045454545454546,0.17070948347481327,identity_without_rescale_tags
,2CH,2ch_s19_7901,6,1,valid,0.9414026713701636,1.0097087378640777,0.16214994052216644,identity_without_rescale_tags
,2CH,2ch_s19_7901,7,1,valid,0.9508428431099774,1.0,0.1445484649055201,identity_without_rescale_tags
,2CH,2ch_s19_7901,8,1,valid,0.9517482126514637,1.0,0.14266685708939222,identity_without_rescale_tags
,2CH,2ch_s19_7901,9,1,valid,0.9422104963720165,1.0,0.15513993508790078,identity_without_rescale_tags
,2CH,2ch_s19_7901,10,1,valid,0.9277558556562685,1.0,0.1775425276172122,identity_without_rescale_tags
,2CH,2ch_s19_7901,11,1,valid,0.9304650070401064,1.0,0.1674207628299633,identity_without_rescale_tags
,2CH,2ch_s19_7901,12,1,valid,0.9397916772445365,0.9963258450151482,0.15836716526179226,identity_without_rescale_tags
,2CH,2ch_s19_7901,13,1,valid,0.943280915194021,1.0,0.15269811415890333,identity_without_rescale_tags
,2CH,2ch_s19_7901,14,1,valid,0.9387738354832482,1.0,0.16536209423534146,identity_without_rescale_tags
,2CH,2ch_s19_7901,15,1,valid,0.9584449581630917,0.9948480151188592,0.1322566842540114,identity_without_rescale_tags
,2CH,2ch_s19_7901,16,1,valid,0.9570799126229067,0.9966555183946488,0.1298065770936579,identity_without_rescale_tags
,2CH,2ch_s19_7901,17,1,valid,0.9617874102095955,0.9978483049179948,0.12515565242160612,identity_without_rescale_tags
,2CH,2ch_s19_7901,18,1,valid,0.9487752662698354,0.9946949560649176,0.14911293464230715,identity_without_rescale_tags
,2CH,2ch_s19_7901,19,1,valid,0.9624711608434855,0.9973172355470789,0.12774691100484636,identity_without_rescale_tags
,2CH,2ch_s19_7901,20,1,valid,0.9485605068559424,0.995999935998976,0.14459467315366803,identity_without_rescale_tags
,2CH,2ch_s19_7901,21,1,valid,0.9459930448093004,1.0,0.14994369557122458,identity_without_rescale_tags
,2CH,2ch_s19_7901,22,1,valid,0.9289405424809424,1.0,0.17693494849913127,identity_without_rescale_tags
,2CH,2ch_s19_7901,23,1,valid,0.9390543272321351,1.0,0.16553618902109923,identity_without_rescale_tags
,2CH,2ch_s19_7901,24,1,valid,0.9244698910591483,1.0,0.18074553013659833,identity_without_rescale_tags
,2CH,2ch_s19_7901,25,1,valid,0.9145527668680831,1.0,0.19310787773962232,identity_without_rescale_tags
,2CH,2ch_s19_7901,26,1,valid,0.9034258980805305,1.0040712478737313,0.21046673782819922,identity_without_rescale_tags
,2CH,2ch_s19_7901,27,1,valid,0.9197592126571795,1.0,0.19046427942599592,identity_without_rescale_tags
,2CH,2ch_s19_7901,28,1,valid,0.914508793891911,1.0,0.18946878440944792,identity_without_rescale_tags
,2CH,2ch_s19_7901,29,1,valid,0.9372143195103971,1.0027223252906983,0.1695031016967022,identity_without_rescale_tags
,2CH,2ch_s19_7901,30,1,valid,0.9382772652318029,1.0016519949021037,0.1656109816314193,identity_without_rescale_tags
,2CH,2ch_s19_7901,31,1,valid,0.9651780754692274,1.0,0.123417474352926,identity_without_rescale_tags
,2CH,2ch_s19_7901,32,1,valid,0.949129575080308,0.9980276134122288,0.14283788019516516,identity_without_rescale_tags
,2CH,2ch_s19_7901,33,1,valid,0.9414505647739574,1.0,0.15137842714843255,identity_without_rescale_tags
,2CH,2ch_s19_7901,34,1,valid,0.9370453367471697,1.0006978489402971,0.16341943739622486,identity_without_rescale_tags
,2CH,2ch_s19_7901,35,1,valid,0.9487349937926126,0.9966740535617493,0.1418294200809848,identity_without_rescale_tags
,2CH,2ch_s19_7901,36,1,valid,0.9380776881826357,0.9970432934276815,0.16110230438819487,identity_without_rescale_tags
,2CH,2ch_s19_7901,37,1,valid,0.913156044166246,1.0,0.18655204512838838,identity_without_rescale_tags
,2CH,2ch_s19_7901,38,1,valid,0.9030450570058555,1.0,0.20375552202685515,identity_without_rescale_tags
,2CH,2ch_s19_7901,39,1,valid,0.9172823879363883,1.0010386411165983,0.18441313248934035,identity_without_rescale_tags
,2CH,2ch_s19_7901,40,1,valid,0.9272718901434488,0.9924432942516501,0.17913139432162256,identity_without_rescale_tags
,2CH,2ch_s19_7901,41,1,valid,0.9201499882887111,1.0,0.18334769443048582,identity_without_rescale_tags
,2CH,2ch_s19_7901,42,1,valid,0.9335692918170774,0.9968520323054817,0.16831764469212845,identity_without_rescale_tags
,2CH,2ch_s19_7901,43,1,valid,0.9518572087720869,0.9963020027304781,0.14164003395042368,identity_without_rescale_tags
,2CH,2ch_s19_7901,44,1,valid,0.958581848561139,0.9978021978021978,0.13452068261270808,identity_without_rescale_tags
,2CH,2ch_s19_7901,45,1,valid,0.9454518641520212,0.9992952783650458,0.1474982059106469,identity_without_rescale_tags
,2CH,2ch_s19_7901,46,1,valid,0.9616046889032245,0.996742671009772,0.13140379897520094,identity_without_rescale_tags
,2CH,2ch_s19_7901,47,1,valid,0.9595668359065606,0.9960493817526308,0.12982342720099674,identity_without_rescale_tags
,2CH,2ch_s19_7901,48,1,valid,0.9526019207834547,0.9990627895844038,0.14095978759404257,identity_without_rescale_tags
,2CH,2ch_s19_7901,49,1,valid,0.9337042570798204,1.0,0.1635038548468321,identity_without_rescale_tags
,2CH,2ch_s1_6001,0,1,valid,0.9187936008067648,1.0457788902087222,0.2051247244258229,identity_without_rescale_tags
,2CH,2ch_s1_6001,1,1,valid,0.9447928519848644,1.03125,0.1773422898744663,identity_without_rescale_tags
,2CH,2ch_s1_6001,2,1,valid,0.9499983039321023,1.013799904781337,0.17211510012822717,identity_without_rescale_tags
,2CH,2ch_s1_6001,3,1,valid,0.9424288222885328,1.00665462983582,0.18338258158379211,identity_without_rescale_tags
,2CH,2ch_s1_6001,4,1,valid,0.9210578138860094,1.0,0.202918463069124,identity_without_rescale_tags
,2CH,2ch_s1_6001,5,1,valid,0.9169263980227879,1.000832076335043,0.2167870732783286,identity_without_rescale_tags
,2CH,2ch_s1_6001,6,1,valid,0.9098389068659011,1.0,0.21951976352881683,identity_without_rescale_tags
,2CH,2ch_s1_6001,7,1,valid,0.907481953304297,1.0,0.21406382498383786,identity_without_rescale_tags
,2CH,2ch_s1_6001,8,1,valid,0.9180562872691928,1.0,0.19874696117231638,identity_without_rescale_tags
,2CH,2ch_s1_6001,9,1,valid,0.9262254450188171,1.0,0.19612892748945635,identity_without_rescale_tags
,2CH,2ch_s1_6001,10,1,valid,0.9423929682913285,1.0,0.16991520481594596,identity_without_rescale_tags
,2CH,2ch_s1_6001,11,1,valid,0.9416585622821074,1.0,0.16423269631376514,identity_without_rescale_tags
,2CH,2ch_s1_6001,12,1,valid,0.9577137750026669,1.0,0.14364302990264247,identity_without_rescale_tags
,2CH,2ch_s1_6001,13,1,valid,0.959384807042567,1.0,0.14377624914786413,identity_without_rescale_tags
,2CH,2ch_s1_6001,14,1,valid,0.967031661985647,1.0,0.12612475317839458,identity_without_rescale_tags
,2CH,2ch_s1_6001,15,1,valid,0.9499945639472712,1.0,0.14260082970847515,identity_without_rescale_tags
,2CH,2ch_s1_6001,16,1,valid,0.961813831004672,1.0,0.1337357534145265,identity_without_rescale_tags
,2CH,2ch_s1_6001,17,1,valid,0.9561015724246131,1.0085470085470085,0.1513086788351592,identity_without_rescale_tags
,2CH,2ch_s1_6001,18,1,valid,0.9543511161020544,1.0,0.14991762393914182,identity_without_rescale_tags
,2CH,2ch_s1_6001,19,1,valid,0.9197409962215152,1.0,0.18920044628987376,identity_without_rescale_tags
,2CH,2ch_s1_6001,20,1,valid,0.9206521393587267,1.0,0.19085439617296654,identity_without_rescale_tags
,2CH,2ch_s1_6001,21,1,valid,0.9157225627731196,1.0,0.19738062656155134,identity_without_rescale_tags
,2CH,2ch_s1_6001,22,1,valid,0.9105242672159981,1.0,0.19852989915800145,identity_without_rescale_tags
,2CH,2ch_s1_6001,23,1,valid,0.8835172808536017,1.0,0.2255035009488225,identity_without_rescale_tags
,2CH,2ch_s1_6001,24,1,valid,0.8888358231786655,1.0,0.2227479262285194,identity_without_rescale_tags
,2CH,2ch_s1_6001,25,1,valid,0.8855178189384082,1.0,0.23038442503875703,identity_without_rescale_tags
,2CH,2ch_s1_6001,26,1,valid,0.8833160068147096,1.0,0.22986332494167339,identity_without_rescale_tags
,2CH,2ch_s1_6001,27,1,valid,0.8642005069395223,1.0,0.24959317079036775,identity_without_rescale_tags
,2CH,2ch_s1_6001,28,1,valid,0.8936430636442942,1.0,0.2268256452341247,identity_without_rescale_tags
,2CH,2ch_s1_6001,29,1,valid,0.9127963001824577,1.0,0.20670240824848618,identity_without_rescale_tags
,2CH,2ch_s1_6001,30,1,valid,0.9377859569167868,1.0,0.17944151531975402,identity_without_rescale_tags
,2CH,2ch_s1_6001,31,1,valid,0.9182277022217805,1.0,0.1973471326718362,identity_without_rescale_tags
,2CH,2ch_s1_6001,32,1,valid,0.9383082323527973,1.0006051103823104,0.18562506491720496,identity_without_rescale_tags
,2CH,2ch_s1_6001,33,1,valid,0.9394844408443725,1.0,0.1837333791299249,identity_without_rescale_tags
,2CH,2ch_s1_6001,34,1,valid,0.9363465954047678,1.0,0.1876670744097553,identity_without_rescale_tags
,2CH,2ch_s1_6001,35,1,valid,0.9108381625890256,0.9951573565967825,0.21052252724400883,identity_without_rescale_tags
,2CH,2ch_s1_6001,36,1,valid,0.9093033918925679,1.0,0.21510959065658775,identity_without_rescale_tags
,2CH,2ch_s1_6001,37,1,valid,0.9130107297085637,0.9965612088273343,0.20893666425667554,identity_without_rescale_tags
,2CH,2ch_s1_6001,38,1,valid,0.9296017161698593,0.9957203994293866,0.18461444644021485,identity_without_rescale_tags
,2CH,2ch_s1_6001,39,1,valid,0.9275909818116318,0.9926470588235294,0.18087310659206512,identity_without_rescale_tags
,2CH,2ch_s1_6001,40,1,valid,0.9505485896679764,1.0,0.15437609283944398,identity_without_rescale_tags
,2CH,2ch_s1_6001,41,1,valid,0.956598787929787,0.9959200319605819,0.147427896930444,identity_without_rescale_tags
,2CH,2ch_s1_6001,42,1,valid,0.9637996100087114,1.0,0.13154482084793673,identity_without_rescale_tags
,2CH,2ch_s1_6001,43,1,valid,0.939743337001726,1.0,0.16022131681875684,identity_without_rescale_tags
,2CH,2ch_s1_6001,44,1,valid,0.9553701154012303,1.0,0.1496671760799173,identity_without_rescale_tags
,2CH,2ch_s1_6001,45,1,valid,0.9373576635229054,1.0,0.17087604727154723,identity_without_rescale_tags
,2CH,2ch_s1_6001,46,1,valid,0.9369936181352292,1.0,0.16795926970138955,identity_without_rescale_tags
,2CH,2ch_s1_6001,47,1,valid,0.9071880146570015,1.0,0.20065989445427085,identity_without_rescale_tags
,2CH,2ch_s1_6001,48,1,valid,0.9159192062267342,1.0,0.19374243382485257,identity_without_rescale_tags
,2CH,2ch_s1_6001,49,1,valid,0.9100910578618807,1.0,0.20036169079100088,identity_without_rescale_tags
,2CH,2ch_s20_8001,0,1,valid,0.9015633647656127,1.0350877192982457,0.21968933509281174,identity_without_rescale_tags
,2CH,2ch_s20_8001,1,1,valid,0.8902516909434992,1.0263157894736843,0.22473941057821684,identity_without_rescale_tags
,2CH,2ch_s20_8001,2,1,valid,0.9130525345627196,1.011764705882353,0.2008523924465573,identity_without_rescale_tags
,2CH,2ch_s20_8001,3,1,valid,0.9463249613073373,1.0034702151573538,0.1580958027728472,identity_without_rescale_tags
,2CH,2ch_s20_8001,4,1,valid,0.9538599266822368,1.0020101497410039,0.14555615092919824,identity_without_rescale_tags
,2CH,2ch_s20_8001,5,1,valid,0.9434562026956468,1.003921568627451,0.15346617479323285,identity_without_rescale_tags
,2CH,2ch_s20_8001,6,1,valid,0.9619981783082494,1.0,0.1266670276835993,identity_without_rescale_tags
,2CH,2ch_s20_8001,7,1,valid,0.9696792929704467,1.006060606060606,0.10986152144147462,identity_without_rescale_tags
,2CH,2ch_s20_8001,8,1,valid,0.9613953046708862,1.0,0.1207022158892732,identity_without_rescale_tags
,2CH,2ch_s20_8001,9,1,valid,0.9513153671723854,1.0011827325247946,0.13819158111542987,identity_without_rescale_tags
,2CH,2ch_s20_8001,10,1,valid,0.9702079848356894,1.0,0.10894197897389721,identity_without_rescale_tags
,2CH,2ch_s20_8001,11,1,valid,0.9610592311584338,1.0,0.11440066091696448,identity_without_rescale_tags
,2CH,2ch_s20_8001,12,1,valid,0.9627340659915294,1.0,0.12151807884971709,identity_without_rescale_tags
,2CH,2ch_s20_8001,13,1,valid,0.9490390494190204,1.0021748652179547,0.14425609183849444,identity_without_rescale_tags
,2CH,2ch_s20_8001,14,1,valid,0.9664372772885133,1.0,0.1163504171577137,identity_without_rescale_tags
,2CH,2ch_s20_8001,15,1,valid,0.9428642603105906,1.0,0.1400134441293417,identity_without_rescale_tags
,2CH,2ch_s20_8001,16,1,valid,0.9444326906350737,1.0021119347731064,0.1471688761885348,identity_without_rescale_tags
,2CH,2ch_s20_8001,17,1,valid,0.9411229292767593,1.0,0.16014777332214625,identity_without_rescale_tags
,2CH,2ch_s20_8001,18,1,valid,0.9516741898916846,1.0,0.14080962328147886,identity_without_rescale_tags
,2CH,2ch_s20_8001,19,1,valid,0.9383791791268634,1.0,0.15257515628877596,identity_without_rescale_tags
,2CH,2ch_s20_8001,20,1,valid,0.943423900836818,1.005464480874317,0.1477950706628282,identity_without_rescale_tags
,2CH,2ch_s20_8001,21,1,valid,0.9521630735978507,1.0129390018484288,0.14580467087338664,identity_without_rescale_tags
,2CH,2ch_s20_8001,22,1,valid,0.9630400665125063,0.9970562237859197,0.12982812366999674,identity_without_rescale_tags
,2CH,2ch_s20_8001,23,1,valid,0.9458603939103222,0.994069651916263,0.1593385965716747,identity_without_rescale_tags
,2CH,2ch_s20_8001,24,1,valid,0.9201168157930637,1.0,0.18687229449695889,identity_without_rescale_tags
,2CH,2ch_s20_8001,25,1,valid,0.8971763016431651,0.9989637305699481,0.21478232936669367,identity_without_rescale_tags
,2CH,2ch_s20_8001,26,1,valid,0.894776961026313,0.9919209793455559,0.21272451664756545,identity_without_rescale_tags
,2CH,2ch_s20_8001,27,1,valid,0.8804146264777842,0.9881806479938533,0.23327690690265446,identity_without_rescale_tags
,2CH,2ch_s20_8001,28,1,valid,0.8577991090153605,1.0,0.25600597787548773,identity_without_rescale_tags
,2CH,2ch_s20_8001,29,1,valid,0.8588016165102761,0.9875600543038625,0.25023865022693564,identity_without_rescale_tags
,2CH,2ch_s20_8001,30,1,valid,0.8799780438525499,0.9835179440442599,0.23085600432413536,identity_without_rescale_tags
,2CH,2ch_s20_8001,31,1,valid,0.8851026489933664,0.9885057471264368,0.2237641605681835,identity_without_rescale_tags
,2CH,2ch_s20_8001,32,1,valid,0.8906956836203884,0.9943181818181818,0.22721498064666157,identity_without_rescale_tags
,2CH,2ch_s20_8001,33,1,valid,0.917040060643363,0.9895811622898429,0.1916886291426326,identity_without_rescale_tags
,2CH,2ch_s20_8001,34,1,valid,0.926170659756888,0.9885057471264368,0.17980054817240484,identity_without_rescale_tags
,2CH,2ch_s20_8001,35,1,valid,0.9488512718088369,0.99600796812749,0.1518230554394411,identity_without_rescale_tags
,2CH,2ch_s20_8001,36,1,valid,0.9397963027477025,0.9923625234782405,0.1616671672248861,identity_without_rescale_tags
,2CH,2ch_s20_8001,37,1,valid,0.9642289690348538,0.9952857968308998,0.12139292362729477,identity_without_rescale_tags
,2CH,2ch_s20_8001,38,1,valid,0.9472666807107677,0.9971698088018945,0.13499477978728477,identity_without_rescale_tags
,2CH,2ch_s20_8001,39,1,valid,0.9577606336162303,1.0,0.12825620833272097,identity_without_rescale_tags
,2CH,2ch_s20_8001,40,1,valid,0.9492563699867765,1.0,0.1423239524981158,identity_without_rescale_tags
,2CH,2ch_s20_8001,41,1,valid,0.9603851067304355,1.0,0.12378665982411591,identity_without_rescale_tags
,2CH,2ch_s20_8001,42,1,valid,0.9429483057803717,1.0,0.14385823032765555,identity_without_rescale_tags
,2CH,2ch_s20_8001,43,1,valid,0.9413072396065028,1.0,0.1511485656616317,identity_without_rescale_tags
,2CH,2ch_s20_8001,44,1,valid,0.9385868525148953,1.0,0.1604680103469748,identity_without_rescale_tags
,2CH,2ch_s20_8001,45,1,valid,0.9384706547271572,1.0,0.1541751056581372,identity_without_rescale_tags
,2CH,2ch_s20_8001,46,1,valid,0.9178011692177959,1.0,0.17931733110332557,identity_without_rescale_tags
,2CH,2ch_s20_8001,47,1,valid,0.9073554772391988,1.0082644628099173,0.19649271709909125,identity_without_rescale_tags
,2CH,2ch_s20_8001,48,1,valid,0.9188345958959654,1.0,0.1879981553711839,identity_without_rescale_tags
,2CH,2ch_s20_8001,49,1,valid,0.9090179832728951,1.0,0.19002152728963626,identity_without_rescale_tags
,2CH,2ch_s21_8101,0,1,valid,0.8677828860316315,1.0533642691415313,0.26026633321474407,identity_without_rescale_tags
,2CH,2ch_s21_8101,1,1,valid,0.8870268132043044,1.0261969286359531,0.22525251758206344,identity_without_rescale_tags
,2CH,2ch_s21_8101,2,1,valid,0.8985388873746153,1.0211920529801324,0.2114842655312013,identity_without_rescale_tags
,2CH,2ch_s21_8101,3,1,valid,0.9238157667107806,1.0277777777777777,0.19440201679009939,identity_without_rescale_tags
,2CH,2ch_s21_8101,4,1,valid,0.9528113345180272,1.0126050420168067,0.15491403188497815,identity_without_rescale_tags
,2CH,2ch_s21_8101,5,1,valid,0.9518616620616437,1.0048780487804878,0.148612098889077,identity_without_rescale_tags
,2CH,2ch_s21_8101,6,1,valid,0.9414818443019057,1.0095846645367412,0.1674530888474638,identity_without_rescale_tags
,2CH,2ch_s21_8101,7,1,valid,0.9179418932248946,1.0068027210884354,0.19149455017850642,identity_without_rescale_tags
,2CH,2ch_s21_8101,8,1,valid,0.9272322572437955,1.0,0.17097625032307123,identity_without_rescale_tags
,2CH,2ch_s21_8101,9,1,valid,0.9265272473671985,0.9968992248062015,0.17464789717590345,identity_without_rescale_tags
,2CH,2ch_s21_8101,10,1,valid,0.9271034747279788,1.0,0.1776098913441225,identity_without_rescale_tags
,2CH,2ch_s21_8101,11,1,valid,0.9154589635272891,1.0,0.19036942082204825,identity_without_rescale_tags
,2CH,2ch_s21_8101,12,1,valid,0.944952350321,0.9959100204498977,0.1532376666070495,identity_without_rescale_tags
,2CH,2ch_s21_8101,13,1,valid,0.9482174245341806,0.9959514170040485,0.15153564712953727,identity_without_rescale_tags
,2CH,2ch_s21_8101,14,1,valid,0.9451773550485023,0.9980119284294234,0.15548753975753604,identity_without_rescale_tags
,2CH,2ch_s21_8101,15,1,valid,0.9574861682577807,0.9976133651551312,0.1367974269944092,identity_without_rescale_tags
,2CH,2ch_s21_8101,16,1,valid,0.9504737971871148,0.9962546816479401,0.14286365226764092,identity_without_rescale_tags
,2CH,2ch_s21_8101,17,1,valid,0.9470317808974891,1.0,0.15224965922262412,identity_without_rescale_tags
,2CH,2ch_s21_8101,18,1,valid,0.9237915855179281,1.0124137931034483,0.17888232207155777,identity_without_rescale_tags
,2CH,2ch_s21_8101,19,1,valid,0.9309565373756229,1.0,0.17045308195411799,identity_without_rescale_tags
,2CH,2ch_s21_8101,20,1,valid,0.9005551014960568,1.0,0.20274795969621526,identity_without_rescale_tags
,2CH,2ch_s21_8101,21,1,valid,0.8965535642530009,1.0078003120124805,0.2115510873096697,identity_without_rescale_tags
,2CH,2ch_s21_8101,22,1,valid,0.8932710313975308,1.0,0.21756624787944595,identity_without_rescale_tags
,2CH,2ch_s21_8101,23,1,valid,0.8922054318222428,1.0,0.210687363426981,identity_without_rescale_tags
,2CH,2ch_s21_8101,24,1,valid,0.890834548851409,1.0,0.21416578561671942,identity_without_rescale_tags
,2CH,2ch_s21_8101,25,1,valid,0.9167252804455924,1.0078740157480315,0.19336837087911316,identity_without_rescale_tags
,2CH,2ch_s21_8101,26,1,valid,0.9425325826373179,1.0,0.16078340829525337,identity_without_rescale_tags
,2CH,2ch_s21_8101,27,1,valid,0.9571316150888002,1.0,0.1362787092936866,identity_without_rescale_tags
,2CH,2ch_s21_8101,28,1,valid,0.9593347789770118,1.0,0.13678866411568866,identity_without_rescale_tags
,2CH,2ch_s21_8101,29,1,valid,0.9495302459090971,1.0,0.15140055669554206,identity_without_rescale_tags
,2CH,2ch_s21_8101,30,1,valid,0.954156292777648,0.9967284623773174,0.1390440993835127,identity_without_rescale_tags
,2CH,2ch_s21_8101,31,1,valid,0.9391758072015699,0.9953917050691244,0.15922039169246752,identity_without_rescale_tags
,2CH,2ch_s21_8101,32,1,valid,0.9401913313463724,1.0,0.1629684004190985,identity_without_rescale_tags
,2CH,2ch_s21_8101,33,1,valid,0.9254368899406384,0.9975669099756691,0.18004082689508807,identity_without_rescale_tags
,2CH,2ch_s21_8101,34,1,valid,0.9510757749253906,0.9928057553956835,0.14606766744973337,identity_without_rescale_tags
,2CH,2ch_s21_8101,35,1,valid,0.9548258635622964,0.9919191919191919,0.14443982324536245,identity_without_rescale_tags
,2CH,2ch_s21_8101,36,1,valid,0.9520078799961953,0.9977467327625056,0.1466796280811579,identity_without_rescale_tags
,2CH,2ch_s21_8101,37,1,valid,0.9561528704413528,0.9937106918238994,0.13636548438486917,identity_without_rescale_tags
,2CH,2ch_s21_8101,38,1,valid,0.9588943255479313,0.9935064935064936,0.1311309670361454,identity_without_rescale_tags
,2CH,2ch_s21_8101,39,1,valid,0.9628450199236649,0.9993777224642191,0.13064690409911212,identity_without_rescale_tags
,2CH,2ch_s21_8101,40,1,valid,0.9414564884490796,0.9987515605493134,0.1609827418083497,identity_without_rescale_tags
,2CH,2ch_s21_8101,41,1,valid,0.9555834817488063,0.9956331877729258,0.1426247636471221,identity_without_rescale_tags
,2CH,2ch_s21_8101,42,1,valid,0.9405638621360598,0.9973045822102425,0.15819205722407687,identity_without_rescale_tags
,2CH,2ch_s21_8101,43,1,valid,0.957856882682214,1.0,0.13992503162001788,identity_without_rescale_tags
,2CH,2ch_s21_8101,44,1,valid,0.9541514688033753,1.0,0.13830989573102012,identity_without_rescale_tags
,2CH,2ch_s21_8101,45,1,valid,0.9713657658694284,0.9943181818181818,0.110874720951911,identity_without_rescale_tags
,2CH,2ch_s21_8101,46,1,valid,0.9547536802147825,0.9954586739327884,0.13949607294734898,identity_without_rescale_tags
,2CH,2ch_s21_8101,47,1,valid,0.9422749322826887,1.0,0.16222121838416645,identity_without_rescale_tags
,2CH,2ch_s21_8101,48,1,valid,0.913785043938342,0.9973725696269049,0.19098525244945203,identity_without_rescale_tags
,2CH,2ch_s21_8101,49,1,valid,0.8918064389538386,0.9924812030075187,0.21547357306893128,identity_without_rescale_tags
,2CH,2ch_s22_8201,0,0,low_ncc;scale_corrected_residual,0.758502799453584,1.0471311475409837,0.3614586698089145,identity_without_rescale_tags
,2CH,2ch_s22_8201,1,0,low_ncc;scale_corrected_residual,0.761092906957851,1.0326086956521738,0.3449036541762589,identity_without_rescale_tags
,2CH,2ch_s22_8201,2,1,valid,0.8068105306351896,1.035868005738881,0.3195103396110163,identity_without_rescale_tags
,2CH,2ch_s22_8201,3,1,valid,0.834966888876517,1.0220713073005094,0.29211131110419314,identity_without_rescale_tags
,2CH,2ch_s22_8201,4,1,valid,0.8625642587655165,1.0096153846153846,0.25227896348868745,identity_without_rescale_tags
,2CH,2ch_s22_8201,5,1,valid,0.8837174934386404,1.011764705882353,0.22787174954697656,identity_without_rescale_tags
,2CH,2ch_s22_8201,6,1,valid,0.911378229565978,1.0147737765466298,0.20695560403071175,identity_without_rescale_tags
,2CH,2ch_s22_8201,7,1,valid,0.936151202167757,1.0074349442379182,0.17167214182016396,identity_without_rescale_tags
,2CH,2ch_s22_8201,8,1,valid,0.9375641502801267,1.0,0.1724542712977645,identity_without_rescale_tags
,2CH,2ch_s22_8201,9,1,valid,0.9496672378556494,1.0047169811320755,0.16353626266415855,identity_without_rescale_tags
,2CH,2ch_s22_8201,10,1,valid,0.9188591343637392,1.0,0.1915203120314048,identity_without_rescale_tags
,2CH,2ch_s22_8201,11,1,valid,0.9379975674044394,0.998165137614679,0.16668951519824884,identity_without_rescale_tags
,2CH,2ch_s22_8201,12,1,valid,0.933739613636139,0.9944008958566629,0.17261758072855463,identity_without_rescale_tags
,2CH,2ch_s22_8201,13,1,valid,0.915315581755364,1.0,0.1985592727097133,identity_without_rescale_tags
,2CH,2ch_s22_8201,14,1,valid,0.9145188631250605,0.9925650557620818,0.1928331610584878,identity_without_rescale_tags
,2CH,2ch_s22_8201,15,1,valid,0.933957474122487,0.9923736892278361,0.17095364313574607,identity_without_rescale_tags
,2CH,2ch_s22_8201,16,1,valid,0.9438050391177094,0.995334370139969,0.16586952807368172,identity_without_rescale_tags
,2CH,2ch_s22_8201,17,1,valid,0.9335037554448039,0.9940476190476191,0.17899943979129465,identity_without_rescale_tags
,2CH,2ch_s22_8201,18,1,valid,0.9573132251499255,0.9935760171306209,0.13822253378626256,identity_without_rescale_tags
,2CH,2ch_s22_8201,19,1,valid,0.9477796553064312,0.9961489088575096,0.14841231332235183,identity_without_rescale_tags
,2CH,2ch_s22_8201,20,1,valid,0.9532350802075338,1.0010235414534288,0.1501745106470787,identity_without_rescale_tags
,2CH,2ch_s22_8201,21,1,valid,0.9394576137428393,1.0,0.1594512529199659,identity_without_rescale_tags
,2CH,2ch_s22_8201,22,1,valid,0.9407094003427227,1.0,0.15784791935875148,identity_without_rescale_tags
,2CH,2ch_s22_8201,23,1,valid,0.9099936403383272,1.0,0.19363827949370072,identity_without_rescale_tags
,2CH,2ch_s22_8201,24,1,valid,0.9116784065302556,1.0077220077220077,0.20175975104671315,identity_without_rescale_tags
,2CH,2ch_s22_8201,25,1,valid,0.9065590213552672,1.0006301197227474,0.20643105932243944,identity_without_rescale_tags
,2CH,2ch_s22_8201,26,1,valid,0.8890655972484017,1.0,0.22115522973375853,identity_without_rescale_tags
,2CH,2ch_s22_8201,27,1,valid,0.8786064303113691,1.0,0.2287769233170724,identity_without_rescale_tags
,2CH,2ch_s22_8201,28,1,valid,0.9024568634584341,1.0033898305084745,0.21362952281990566,identity_without_rescale_tags
,2CH,2ch_s22_8201,29,1,valid,0.9330779171709498,1.0018691588785047,0.17404735238827765,identity_without_rescale_tags
,2CH,2ch_s22_8201,30,1,valid,0.9257761722152675,1.0,0.17619617890298164,identity_without_rescale_tags
,2CH,2ch_s22_8201,31,1,valid,0.9505127171004398,1.0071942446043165,0.159104673210126,identity_without_rescale_tags
,2CH,2ch_s22_8201,32,1,valid,0.9368635039310812,1.0046296296296295,0.17240249583986472,identity_without_rescale_tags
,2CH,2ch_s22_8201,33,1,valid,0.9514130912181828,1.0,0.1478371889014189,identity_without_rescale_tags
,2CH,2ch_s22_8201,34,1,valid,0.9366758917078065,0.9987878787878788,0.16678844758760422,identity_without_rescale_tags
,2CH,2ch_s22_8201,35,1,valid,0.9264299418356265,1.0,0.18943091077465093,identity_without_rescale_tags
,2CH,2ch_s22_8201,36,1,valid,0.9033865904309676,0.9957627118644068,0.20767495682689685,identity_without_rescale_tags
,2CH,2ch_s22_8201,37,1,valid,0.9305709326780994,0.9878934624697336,0.17320395536182603,identity_without_rescale_tags
,2CH,2ch_s22_8201,38,1,valid,0.9270487179024941,0.990521327014218,0.18148637594879305,identity_without_rescale_tags
,2CH,2ch_s22_8201,39,1,valid,0.9160098369391257,0.9952996474735605,0.20052914804490807,identity_without_rescale_tags
,2CH,2ch_s22_8201,40,1,valid,0.9352452364038809,0.9935483870967742,0.16740372974810253,identity_without_rescale_tags
,2CH,2ch_s22_8201,41,1,valid,0.9384475412119132,0.9945945945945946,0.16313032756224588,identity_without_rescale_tags
,2CH,2ch_s22_8201,42,1,valid,0.9546908316149118,0.996415770609319,0.15132471144631376,identity_without_rescale_tags
,2CH,2ch_s22_8201,43,1,valid,0.9401251156620248,0.9916317991631799,0.16844801648728341,identity_without_rescale_tags
,2CH,2ch_s22_8201,44,1,valid,0.9602357786315174,0.9929577464788732,0.13478153225790887,identity_without_rescale_tags
,2CH,2ch_s22_8201,45,1,valid,0.9425089542045636,0.9952830188679245,0.15594845719304892,identity_without_rescale_tags
,2CH,2ch_s22_8201,46,1,valid,0.9459979394031474,1.0053418803418803,0.15932678635817282,identity_without_rescale_tags
,2CH,2ch_s22_8201,47,1,valid,0.929818291225408,1.0,0.17319637356000456,identity_without_rescale_tags
,2CH,2ch_s22_8201,48,1,valid,0.9305059405773295,1.0,0.17186357876892389,identity_without_rescale_tags
,2CH,2ch_s22_8201,49,1,valid,0.9023095662150399,1.0,0.20308148877157975,identity_without_rescale_tags
,2CH,2ch_s23_8301,0,1,valid,0.8306554069120654,1.051774797664601,0.2991346090805553,identity_without_rescale_tags
,2CH,2ch_s23_8301,1,1,valid,0.8618487576479124,1.0617362535461412,0.274304820583572,identity_without_rescale_tags
,2CH,2ch_s23_8301,2,1,valid,0.8848760898181102,1.0384615384615385,0.24783053623995827,identity_without_rescale_tags
,2CH,2ch_s23_8301,3,1,valid,0.9073998284766343,1.0109986886737217,0.2104557451426841,identity_without_rescale_tags
,2CH,2ch_s23_8301,4,1,valid,0.9135782486558617,1.0095738559028555,0.19755384449808513,identity_without_rescale_tags
,2CH,2ch_s23_8301,5,1,valid,0.9254304360014461,1.0166337253737794,0.18697324758813813,identity_without_rescale_tags
,2CH,2ch_s23_8301,6,1,valid,0.9487866161979223,1.002684568595232,0.14685452503565616,identity_without_rescale_tags
,2CH,2ch_s23_8301,7,1,valid,0.9408132764043675,1.0,0.15846130568333544,identity_without_rescale_tags
,2CH,2ch_s23_8301,8,1,valid,0.9506834096381638,1.0038251468919115,0.15538195877028269,identity_without_rescale_tags
,2CH,2ch_s23_8301,9,1,valid,0.9137236650370032,1.0,0.1953258625325439,identity_without_rescale_tags
,2CH,2ch_s23_8301,10,1,valid,0.9382534327652466,0.9975124224179006,0.1663530931520887,identity_without_rescale_tags
,2CH,2ch_s23_8301,11,1,valid,0.9291526900525026,0.9944966747851546,0.18090552302308724,identity_without_rescale_tags
,2CH,2ch_s23_8301,12,1,valid,0.9120657353284776,1.0,0.21040467276155897,identity_without_rescale_tags
,2CH,2ch_s23_8301,13,1,valid,0.9025590039299075,0.990990990990991,0.20723488032845663,identity_without_rescale_tags
,2CH,2ch_s23_8301,14,1,valid,0.9310143421650753,0.9942362633712045,0.1756068356605797,identity_without_rescale_tags
,2CH,2ch_s23_8301,15,1,valid,0.9352150491499235,0.9931695992179863,0.17630164024546666,identity_without_rescale_tags
,2CH,2ch_s23_8301,16,1,valid,0.918363356417612,0.9942196531791907,0.1973493007456455,identity_without_rescale_tags
,2CH,2ch_s23_8301,17,1,valid,0.9444006978472557,0.9959919678714859,0.1555120682979923,identity_without_rescale_tags
,2CH,2ch_s23_8301,18,1,valid,0.9411523764436466,0.9931772853086407,0.1606888031968128,identity_without_rescale_tags
,2CH,2ch_s23_8301,19,1,valid,0.9513477366229294,1.0,0.15406907069333925,identity_without_rescale_tags
,2CH,2ch_s23_8301,20,1,valid,0.935087460078139,1.0,0.16886917125813644,identity_without_rescale_tags
,2CH,2ch_s23_8301,21,1,valid,0.948702782454626,0.9950980392156863,0.14857846423949922,identity_without_rescale_tags
,2CH,2ch_s23_8301,22,1,valid,0.9275670924896877,0.9980769159649259,0.17783964759957038,identity_without_rescale_tags
,2CH,2ch_s23_8301,23,1,valid,0.9286681167435883,1.0040619139392788,0.18262399496705836,identity_without_rescale_tags
,2CH,2ch_s23_8301,24,1,valid,0.9344575603551405,1.0,0.17514049150008287,identity_without_rescale_tags
,2CH,2ch_s23_8301,25,1,valid,0.9222239402572089,1.0,0.18641738439182665,identity_without_rescale_tags
,2CH,2ch_s23_8301,26,1,valid,0.9019030622237978,1.0,0.20746234542032174,identity_without_rescale_tags
,2CH,2ch_s23_8301,27,1,valid,0.9042016577440679,1.0047846889952152,0.21276252124113826,identity_without_rescale_tags
,2CH,2ch_s23_8301,28,1,valid,0.910247637427085,1.0,0.20694832012821351,identity_without_rescale_tags
,2CH,2ch_s23_8301,29,1,valid,0.8772957540564261,1.0,0.23478594722941207,identity_without_rescale_tags
,2CH,2ch_s23_8301,30,1,valid,0.880493216786084,1.002514247472583,0.2387568764126758,identity_without_rescale_tags
,2CH,2ch_s23_8301,31,1,valid,0.8779076926928652,1.0062565240083508,0.24249821534034502,identity_without_rescale_tags
,2CH,2ch_s23_8301,32,1,valid,0.8916104611130725,0.9983207282202257,0.22561179411338803,identity_without_rescale_tags
,2CH,2ch_s23_8301,33,1,valid,0.8758408546832177,1.0,0.2360966764445837,identity_without_rescale_tags
,2CH,2ch_s23_8301,34,1,valid,0.9214971381314602,1.013029315960912,0.19871558813970455,identity_without_rescale_tags
,2CH,2ch_s23_8301,35,1,valid,0.9205827283123195,1.002004008016032,0.190288510983476,identity_without_rescale_tags
,2CH,2ch_s23_8301,36,1,valid,0.9436279809354281,1.0,0.15476381627088498,identity_without_rescale_tags
,2CH,2ch_s23_8301,37,1,valid,0.9363831956226026,1.0,0.16275546309529043,identity_without_rescale_tags
,2CH,2ch_s23_8301,38,1,valid,0.9436102276502434,1.001889466647388,0.16014344027818883,identity_without_rescale_tags
,2CH,2ch_s23_8301,39,1,valid,0.9347377025165622,0.9979858931387513,0.1603563168099203,identity_without_rescale_tags
,2CH,2ch_s23_8301,40,1,valid,0.9546124520439035,0.9964498527636413,0.13901047754246196,identity_without_rescale_tags
,2CH,2ch_s23_8301,41,1,valid,0.9431062447550908,0.9940830593489458,0.1582980552798851,identity_without_rescale_tags
,2CH,2ch_s23_8301,42,1,valid,0.922806237474742,0.9984251968503937,0.19157967558152517,identity_without_rescale_tags
,2CH,2ch_s23_8301,43,1,valid,0.9286511565862023,0.9930499140256988,0.17505567211512546,identity_without_rescale_tags
,2CH,2ch_s23_8301,44,1,valid,0.9248664583138821,0.9923705699412928,0.18584734426949837,identity_without_rescale_tags
,2CH,2ch_s23_8301,45,1,valid,0.9148083557853672,0.9920459551414833,0.2051122485868127,identity_without_rescale_tags
,2CH,2ch_s23_8301,46,1,valid,0.8906518158982938,0.9975161426052492,0.23573166008559934,identity_without_rescale_tags
,2CH,2ch_s23_8301,47,1,valid,0.906360427506988,0.990990990990991,0.20804842068860072,identity_without_rescale_tags
,2CH,2ch_s23_8301,48,1,valid,0.9000778760148507,0.9900990099009901,0.21985084358403514,identity_without_rescale_tags
,2CH,2ch_s23_8301,49,1,valid,0.9093255731570502,0.9975144919329098,0.21840296839127318,identity_without_rescale_tags
,2CH,2ch_s24_8401,0,1,valid,0.9454072543385221,1.0389610389610389,0.17370901142503645,identity_without_rescale_tags
,2CH,2ch_s24_8401,1,1,valid,0.9309130675981779,1.0263157894736843,0.17588442512309932,identity_without_rescale_tags
,2CH,2ch_s24_8401,2,1,valid,0.941377268096314,1.0185185185185186,0.1676487258795803,identity_without_rescale_tags
,2CH,2ch_s24_8401,3,1,valid,0.9328638671869133,1.0113207547169811,0.166738056036078,identity_without_rescale_tags
,2CH,2ch_s24_8401,4,1,valid,0.9611372251178556,1.0067114093959733,0.12954210248924936,identity_without_rescale_tags
,2CH,2ch_s24_8401,5,1,valid,0.9489405227316556,1.0022284129478862,0.1420228584302354,identity_without_rescale_tags
,2CH,2ch_s24_8401,6,1,valid,0.9369195494442106,1.0,0.1626021894204428,identity_without_rescale_tags
,2CH,2ch_s24_8401,7,1,valid,0.9459503109007863,1.0033003300330032,0.14653558754266907,identity_without_rescale_tags
,2CH,2ch_s24_8401,8,1,valid,0.9514783855598988,1.0,0.145040812928033,identity_without_rescale_tags
,2CH,2ch_s24_8401,9,1,valid,0.939055058270357,1.0081967213114753,0.16573982137328575,identity_without_rescale_tags
,2CH,2ch_s24_8401,10,1,valid,0.9082267913955506,1.0,0.20593579273365448,identity_without_rescale_tags
,2CH,2ch_s24_8401,11,1,valid,0.9262639836978982,0.995667241113902,0.17822441348863827,identity_without_rescale_tags
,2CH,2ch_s24_8401,12,1,valid,0.9120737085860764,0.9943117104990681,0.20080169528986241,identity_without_rescale_tags
,2CH,2ch_s24_8401,13,1,valid,0.9106720498588943,1.0,0.2117919704958541,identity_without_rescale_tags
,2CH,2ch_s24_8401,14,1,valid,0.8804010081253015,1.0,0.24163964249543796,identity_without_rescale_tags
,2CH,2ch_s24_8401,15,1,valid,0.8984376988345387,0.9974239973032264,0.21645437274233875,identity_without_rescale_tags
,2CH,2ch_s24_8401,16,1,valid,0.8915005122585106,0.9946588663769067,0.22960871083467252,identity_without_rescale_tags
,2CH,2ch_s24_8401,17,1,valid,0.888928342020912,0.9969239998031966,0.23876524947070296,identity_without_rescale_tags
,2CH,2ch_s24_8401,18,1,valid,0.8834542845923877,0.996186322705041,0.23599828610239673,identity_without_rescale_tags
,2CH,2ch_s24_8401,19,1,valid,0.9072924145730469,0.9933774834437086,0.20667724766685597,identity_without_rescale_tags
,2CH,2ch_s24_8401,20,1,valid,0.9147565357064111,0.9942957261748326,0.20008362623938183,identity_without_rescale_tags
,2CH,2ch_s24_8401,21,1,valid,0.9175221178315668,1.0,0.20122775677093824,identity_without_rescale_tags
,2CH,2ch_s24_8401,22,1,valid,0.9238138071106817,0.9968958761562179,0.18746017190622122,identity_without_rescale_tags
,2CH,2ch_s24_8401,23,1,valid,0.9440784218098941,0.9986868017976072,0.15822050053369563,identity_without_rescale_tags
,2CH,2ch_s24_8401,24,1,valid,0.9396674367276537,1.0,0.16354557708373552,identity_without_rescale_tags
,2CH,2ch_s24_8401,25,1,valid,0.9469709439786305,1.0063694267515924,0.15663559893986467,identity_without_rescale_tags
,2CH,2ch_s24_8401,26,1,valid,0.9450472354735402,0.9976232909018503,0.1558116771536043,identity_without_rescale_tags
,2CH,2ch_s24_8401,27,1,valid,0.9505725650055453,1.0,0.14723855968993277,identity_without_rescale_tags
,2CH,2ch_s24_8401,28,1,valid,0.9326342927591669,0.9976019184652278,0.16851764067860586,identity_without_rescale_tags
,2CH,2ch_s24_8401,29,1,valid,0.9439514106732988,1.0021910642600165,0.1641319926612886,identity_without_rescale_tags
,2CH,2ch_s24_8401,30,1,valid,0.9379790166022677,1.0,0.16754421764195152,identity_without_rescale_tags
,2CH,2ch_s24_8401,31,1,valid,0.9302378596452767,1.0,0.17611552601913621,identity_without_rescale_tags
,2CH,2ch_s24_8401,32,1,valid,0.9018109383306516,1.0,0.20371439363973953,identity_without_rescale_tags
,2CH,2ch_s24_8401,33,1,valid,0.9111077879792653,1.005128205128205,0.2052444353716513,identity_without_rescale_tags
,2CH,2ch_s24_8401,34,1,valid,0.9146070690905642,1.0,0.19832541489332361,identity_without_rescale_tags
,2CH,2ch_s24_8401,35,1,valid,0.898587339656936,0.9990113670794523,0.21303225758187613,identity_without_rescale_tags
,2CH,2ch_s24_8401,36,1,valid,0.8724638423899566,0.9980676310463544,0.23783706587582756,identity_without_rescale_tags
,2CH,2ch_s24_8401,37,1,valid,0.8856620695325387,1.002440214738897,0.23635564917090235,identity_without_rescale_tags
,2CH,2ch_s24_8401,38,1,valid,0.8867512974822797,1.0,0.2327816259607996,identity_without_rescale_tags
,2CH,2ch_s24_8401,39,1,valid,0.8651156796521843,0.9951842016767745,0.2487673340074156,identity_without_rescale_tags
,2CH,2ch_s24_8401,40,1,valid,0.8767275651683479,0.9984567864482987,0.24223685821414798,identity_without_rescale_tags
,2CH,2ch_s24_8401,41,1,valid,0.9099311206438587,1.0,0.21165974435931156,identity_without_rescale_tags
,2CH,2ch_s24_8401,42,1,valid,0.9346923079303363,0.9917808219178083,0.17894224490427812,identity_without_rescale_tags
,2CH,2ch_s24_8401,43,1,valid,0.9213181344872154,0.9970893890379493,0.1867985980629375,identity_without_rescale_tags
,2CH,2ch_s24_8401,44,1,valid,0.9545818465986625,1.0,0.15712453624846434,identity_without_rescale_tags
,2CH,2ch_s24_8401,45,1,valid,0.9400404509620676,1.0,0.1669982938900877,identity_without_rescale_tags
,2CH,2ch_s24_8401,46,1,valid,0.9603440766699786,0.9968051118210862,0.13815721447508575,identity_without_rescale_tags
,2CH,2ch_s24_8401,47,1,valid,0.9405051983869738,0.9941783438705463,0.16478606294886472,identity_without_rescale_tags
,2CH,2ch_s24_8401,48,1,valid,0.9324558965574843,1.0,0.182267227014559,identity_without_rescale_tags
,2CH,2ch_s24_8401,49,1,valid,0.9149853988273345,0.9925558312655087,0.19454864477374229,identity_without_rescale_tags
,2CH,2ch_s25_8501,0,1,valid,0.9398621069987334,1.0500761795670701,0.17827030455157908,identity_without_rescale_tags
,2CH,2ch_s25_8501,1,1,valid,0.9347926588922183,1.0263157894736843,0.1809753459123856,identity_without_rescale_tags
,2CH,2ch_s25_8501,2,1,valid,0.9307999794088262,1.0147058823529411,0.17883124373925838,identity_without_rescale_tags
,2CH,2ch_s25_8501,3,1,valid,0.9446018180833169,1.0078390646379733,0.16170433852162547,identity_without_rescale_tags
,2CH,2ch_s25_8501,4,1,valid,0.9324613461416291,1.0047077292455442,0.1769746844555102,identity_without_rescale_tags
,2CH,2ch_s25_8501,5,1,valid,0.9124841503892508,1.0022421637382801,0.20407636248116542,identity_without_rescale_tags
,2CH,2ch_s25_8501,6,1,valid,0.9195769195703297,1.0,0.18713322588421752,identity_without_rescale_tags
,2CH,2ch_s25_8501,7,1,valid,0.9310588141219776,1.0,0.17689201260284393,identity_without_rescale_tags
,2CH,2ch_s25_8501,8,1,valid,0.9367718233194884,1.0,0.17388604978974403,identity_without_rescale_tags
,2CH,2ch_s25_8501,9,1,valid,0.9337109142223927,1.0,0.17677471221052202,identity_without_rescale_tags
,2CH,2ch_s25_8501,10,1,valid,0.9541555371684801,0.9976133651551312,0.142030006732254,identity_without_rescale_tags
,2CH,2ch_s25_8501,11,1,valid,0.9488287937219705,1.0,0.14877453026112758,identity_without_rescale_tags
,2CH,2ch_s25_8501,12,1,valid,0.9468644720122065,1.0,0.1585820169262999,identity_without_rescale_tags
,2CH,2ch_s25_8501,13,1,valid,0.9388427186494707,1.0,0.16804381700482815,identity_without_rescale_tags
,2CH,2ch_s25_8501,14,1,valid,0.9489290014154287,1.0,0.1528420659404285,identity_without_rescale_tags
,2CH,2ch_s25_8501,15,1,valid,0.9206847005711466,1.0,0.18639334438091848,identity_without_rescale_tags
,2CH,2ch_s25_8501,16,1,valid,0.9150159070757061,1.0,0.1996959339057604,identity_without_rescale_tags
,2CH,2ch_s25_8501,17,1,valid,0.9040265113209066,1.0,0.21152601077937955,identity_without_rescale_tags
,2CH,2ch_s25_8501,18,1,valid,0.9070140346618839,0.9973045822102425,0.20639302161413287,identity_without_rescale_tags
,2CH,2ch_s25_8501,19,1,valid,0.8802127611684183,0.9982758159403788,0.23272187461492633,identity_without_rescale_tags
,2CH,2ch_s25_8501,20,1,valid,0.9059836481701341,1.0,0.21634965494781946,identity_without_rescale_tags
,2CH,2ch_s25_8501,21,1,valid,0.9154986528997391,1.0,0.20236138895748437,identity_without_rescale_tags
,2CH,2ch_s25_8501,22,1,valid,0.9382434603855219,0.9952830188679245,0.1694361605409473,identity_without_rescale_tags
,2CH,2ch_s25_8501,23,1,valid,0.930199643068405,1.0,0.1764184953458329,identity_without_rescale_tags
,2CH,2ch_s25_8501,24,1,valid,0.949995344025459,1.0,0.16363655038794148,identity_without_rescale_tags
,2CH,2ch_s25_8501,25,1,valid,0.9230149772269539,1.0109449120733442,0.19034684100994606,identity_without_rescale_tags
,2CH,2ch_s25_8501,26,1,valid,0.9426825010555431,1.0,0.16392345730779284,identity_without_rescale_tags
,2CH,2ch_s25_8501,27,1,valid,0.9321301018891032,1.0,0.17692619284961322,identity_without_rescale_tags
,2CH,2ch_s25_8501,28,1,valid,0.9105729823493536,1.0,0.21185693771400957,identity_without_rescale_tags
,2CH,2ch_s25_8501,29,1,valid,0.9041166411637601,0.9932614432862361,0.20970458797272645,identity_without_rescale_tags
,2CH,2ch_s25_8501,30,1,valid,0.9004016338872857,1.0,0.2187530614409788,identity_without_rescale_tags
,2CH,2ch_s25_8501,31,1,valid,0.9052545337290667,0.9952705872127874,0.22079742744686423,identity_without_rescale_tags
,2CH,2ch_s25_8501,32,1,valid,0.8889645907424402,0.9967585003992772,0.23647746139460546,identity_without_rescale_tags
,2CH,2ch_s25_8501,33,1,valid,0.915266217029557,0.9938445150038593,0.19734757688948848,identity_without_rescale_tags
,2CH,2ch_s25_8501,34,1,valid,0.9108844900706219,0.9983857939444474,0.2033384556691661,identity_without_rescale_tags
,2CH,2ch_s25_8501,35,1,valid,0.9353782341190866,1.0,0.18086589785854712,identity_without_rescale_tags
,2CH,2ch_s25_8501,36,1,valid,0.9257877096722918,0.9950071098064455,0.18617084598226932,identity_without_rescale_tags
,2CH,2ch_s25_8501,37,1,valid,0.953582090715837,0.9973273936790776,0.14507842553291203,identity_without_rescale_tags
,2CH,2ch_s25_8501,38,1,valid,0.9421876186372695,1.0040788598047916,0.15896539876616245,identity_without_rescale_tags
,2CH,2ch_s25_8501,39,1,valid,0.9550692900441975,1.0,0.1486910648605571,identity_without_rescale_tags
,2CH,2ch_s25_8501,40,1,valid,0.9371453309610122,0.9976047595006425,0.1661537456463482,identity_without_rescale_tags
,2CH,2ch_s25_8501,41,1,valid,0.9483937087021728,1.0,0.1530623386418306,identity_without_rescale_tags
,2CH,2ch_s25_8501,42,1,valid,0.9143800078101355,1.0,0.1910454831192306,identity_without_rescale_tags
,2CH,2ch_s25_8501,43,1,valid,0.9221730488803511,1.0041580221300137,0.19252294999389946,identity_without_rescale_tags
,2CH,2ch_s25_8501,44,1,valid,0.9117233222959112,0.9994526487218134,0.1991191664816304,identity_without_rescale_tags
,2CH,2ch_s25_8501,45,1,valid,0.9095487664170012,0.9967931578225696,0.20091947202170096,identity_without_rescale_tags
,2CH,2ch_s25_8501,46,1,valid,0.8957398754284281,0.9965034537563421,0.21019581463847414,identity_without_rescale_tags
,2CH,2ch_s25_8501,47,1,valid,0.9237668687717842,1.0,0.1904302386773833,identity_without_rescale_tags
,2CH,2ch_s25_8501,48,1,valid,0.9270246495002941,0.9985438985781723,0.17794070152415098,identity_without_rescale_tags
,2CH,2ch_s25_8501,49,1,valid,0.9478266083809028,0.9978236982447499,0.15477464032285865,identity_without_rescale_tags
,2CH,2ch_s26_8601,0,1,valid,0.9494870665280808,1.050696215431574,0.16577746100722837,identity_without_rescale_tags
,2CH,2ch_s26_8601,1,1,valid,0.952561884797039,1.0290425535201737,0.1530579709028316,identity_without_rescale_tags
,2CH,2ch_s26_8601,2,1,valid,0.9470429083123711,1.0244626317294787,0.15463456875190207,identity_without_rescale_tags
,2CH,2ch_s26_8601,3,1,valid,0.9658329168014252,1.0126646435743294,0.12170770745749727,identity_without_rescale_tags
,2CH,2ch_s26_8601,4,1,valid,0.9614366365720838,1.0141315020164088,0.1309760645855895,identity_without_rescale_tags
,2CH,2ch_s26_8601,5,1,valid,0.9560405759748036,1.0087762088147199,0.14125295521764447,identity_without_rescale_tags
,2CH,2ch_s26_8601,6,1,valid,0.9407899016236981,1.0088078020668827,0.15787800241086233,identity_without_rescale_tags
,2CH,2ch_s26_8601,7,1,valid,0.9597640980805789,1.0,0.13426916857074034,identity_without_rescale_tags
,2CH,2ch_s26_8601,8,1,valid,0.9392104583589787,1.0,0.15932928614046826,identity_without_rescale_tags
,2CH,2ch_s26_8601,9,1,valid,0.9581215620963341,1.0017064896110892,0.14133561068339953,identity_without_rescale_tags
,2CH,2ch_s26_8601,10,1,valid,0.9526266216562014,1.0,0.14018014982462357,identity_without_rescale_tags
,2CH,2ch_s26_8601,11,1,valid,0.9783819332248693,1.0,0.10166191200242561,identity_without_rescale_tags
,2CH,2ch_s26_8601,12,1,valid,0.9593483046909383,1.0,0.12965881482588715,identity_without_rescale_tags
,2CH,2ch_s26_8601,13,1,valid,0.9587672824053922,1.0061665018886101,0.13858906068744667,identity_without_rescale_tags
,2CH,2ch_s26_8601,14,1,valid,0.9375211662501727,1.0,0.16125456479845396,identity_without_rescale_tags
,2CH,2ch_s26_8601,15,1,valid,0.9590588805480839,0.9977407466956586,0.13634496014924763,identity_without_rescale_tags
,2CH,2ch_s26_8601,16,1,valid,0.953285483645619,0.99550559528138,0.1440040890908867,identity_without_rescale_tags
,2CH,2ch_s26_8601,17,1,valid,0.9510686813001709,1.0,0.14741525486925025,identity_without_rescale_tags
,2CH,2ch_s26_8601,18,1,valid,0.9577276395406688,0.9957805907172996,0.12914156829032086,identity_without_rescale_tags
,2CH,2ch_s26_8601,19,1,valid,0.9730528772764017,0.9988876033978209,0.1052671231401891,identity_without_rescale_tags
,2CH,2ch_s26_8601,20,1,valid,0.9655695222000819,1.0,0.12002450612190621,identity_without_rescale_tags
,2CH,2ch_s26_8601,21,1,valid,0.9571728233463782,1.0,0.13181105756680672,identity_without_rescale_tags
,2CH,2ch_s26_8601,22,1,valid,0.9729451056388988,0.9959677393130458,0.10673260355932289,identity_without_rescale_tags
,2CH,2ch_s26_8601,23,1,valid,0.9548299558086843,1.0,0.13280948289933117,identity_without_rescale_tags
,2CH,2ch_s26_8601,24,1,valid,0.9502232962379504,1.0,0.1473136876089359,identity_without_rescale_tags
,2CH,2ch_s26_8601,25,1,valid,0.9427631485717319,1.0,0.1597096426157227,identity_without_rescale_tags
,2CH,2ch_s26_8601,26,1,valid,0.9542119769327159,1.0,0.14034104103025696,identity_without_rescale_tags
,2CH,2ch_s26_8601,27,1,valid,0.9304095406311583,0.9921630072651189,0.1690530746894755,identity_without_rescale_tags
,2CH,2ch_s26_8601,28,1,valid,0.9563897364221712,1.0,0.14385273530463802,identity_without_rescale_tags
,2CH,2ch_s26_8601,29,1,valid,0.9540999803758132,0.9990356789489737,0.1425986838256909,identity_without_rescale_tags
,2CH,2ch_s26_8601,30,1,valid,0.975658351815018,0.9961089494163424,0.10569092089614318,identity_without_rescale_tags
,2CH,2ch_s26_8601,31,1,valid,0.9532144330503486,0.9939024390243902,0.13805792073895104,identity_without_rescale_tags
,2CH,2ch_s26_8601,32,1,valid,0.9604060771387177,1.0,0.13868338668739005,identity_without_rescale_tags
,2CH,2ch_s26_8601,33,1,valid,0.9399122484704685,0.9954864582429481,0.16233755369034447,identity_without_rescale_tags
,2CH,2ch_s26_8601,34,1,valid,0.9517773788986736,1.0,0.14744141739569713,identity_without_rescale_tags
,2CH,2ch_s26_8601,35,1,valid,0.9327034532114336,0.9953560260235075,0.17366143314030574,identity_without_rescale_tags
,2CH,2ch_s26_8601,36,1,valid,0.9149529576027378,1.0,0.2015102776652261,identity_without_rescale_tags
,2CH,2ch_s26_8601,37,1,valid,0.8973285792050816,0.9959839357429718,0.2117937753017252,identity_without_rescale_tags
,2CH,2ch_s26_8601,38,1,valid,0.9157786053191304,1.0,0.19363660700694116,identity_without_rescale_tags
,2CH,2ch_s26_8601,39,1,valid,0.9251691796622042,1.0,0.18461845079682807,identity_without_rescale_tags
,2CH,2ch_s26_8601,40,1,valid,0.921687165968913,1.0,0.191883467774558,identity_without_rescale_tags
,2CH,2ch_s26_8601,41,1,valid,0.943250460441393,0.9916324712284685,0.1573526411748968,identity_without_rescale_tags
,2CH,2ch_s26_8601,42,1,valid,0.9613721539259318,0.9979057568660474,0.13235229332341994,identity_without_rescale_tags
,2CH,2ch_s26_8601,43,1,valid,0.9598302471553206,1.0,0.13647790237194962,identity_without_rescale_tags
,2CH,2ch_s26_8601,44,1,valid,0.950080423531389,0.998002995008983,0.14505803343974016,identity_without_rescale_tags
,2CH,2ch_s26_8601,45,1,valid,0.966398171795689,0.9941520467836257,0.11876929740574435,identity_without_rescale_tags
,2CH,2ch_s26_8601,46,1,valid,0.9573278179604384,1.0,0.1323930488000274,identity_without_rescale_tags
,2CH,2ch_s26_8601,47,1,valid,0.9322019530404225,0.9993646449539932,0.16770653622834278,identity_without_rescale_tags
,2CH,2ch_s26_8601,48,1,valid,0.9305147363158257,1.0,0.17479967128535243,identity_without_rescale_tags
,2CH,2ch_s26_8601,49,1,valid,0.9432487546769878,0.993932029898008,0.15612319513755982,identity_without_rescale_tags
,2CH,2ch_s27_8701,0,1,valid,0.9228025893157368,1.047551659626178,0.20347241487954465,identity_without_rescale_tags
,2CH,2ch_s27_8701,1,1,valid,0.9386542210946562,1.0454907556031152,0.18749839036107302,identity_without_rescale_tags
,2CH,2ch_s27_8701,2,1,valid,0.964156777004166,1.0236818138241779,0.13913459384378354,identity_without_rescale_tags
,2CH,2ch_s27_8701,3,1,valid,0.9460257170411869,1.0141363762311393,0.16184051675666564,identity_without_rescale_tags
,2CH,2ch_s27_8701,4,1,valid,0.949729958559389,1.0138248847926268,0.15567572331801946,identity_without_rescale_tags
,2CH,2ch_s27_8701,5,1,valid,0.9321164009087106,1.0145492345492346,0.17923469108871154,identity_without_rescale_tags
,2CH,2ch_s27_8701,6,1,valid,0.9420447859829769,1.0084990184014262,0.16006949138514878,identity_without_rescale_tags
,2CH,2ch_s27_8701,7,1,valid,0.9106081616311794,1.0,0.20080812131608514,identity_without_rescale_tags
,2CH,2ch_s27_8701,8,1,valid,0.9215379382462875,1.0060431617489662,0.19412174572305085,identity_without_rescale_tags
,2CH,2ch_s27_8701,9,1,valid,0.9061965297369281,1.0,0.20406088682861612,identity_without_rescale_tags
,2CH,2ch_s27_8701,10,1,valid,0.9282051659696916,1.0,0.17852542331749724,identity_without_rescale_tags
,2CH,2ch_s27_8701,11,1,valid,0.9319131594964428,0.999798630688683,0.1753522787203101,identity_without_rescale_tags
,2CH,2ch_s27_8701,12,1,valid,0.9397895058473137,1.0,0.17328467054279245,identity_without_rescale_tags
,2CH,2ch_s27_8701,13,1,valid,0.9442164697942353,0.9957446808510638,0.15599304928458504,identity_without_rescale_tags
,2CH,2ch_s27_8701,14,1,valid,0.95982893650083,1.0,0.1338499648935994,identity_without_rescale_tags
,2CH,2ch_s27_8701,15,1,valid,0.9631256721627373,0.9984218762322606,0.13337744652896957,identity_without_rescale_tags
,2CH,2ch_s27_8701,16,1,valid,0.9522247264554297,1.0,0.14976227904886127,identity_without_rescale_tags
,2CH,2ch_s27_8701,17,1,valid,0.9658874900982418,0.995706105892837,0.12583344342090122,identity_without_rescale_tags
,2CH,2ch_s27_8701,18,1,valid,0.9400316251766018,1.0,0.15852715392046532,identity_without_rescale_tags
,2CH,2ch_s27_8701,19,1,valid,0.942601418192014,1.0,0.16132005949417533,identity_without_rescale_tags
,2CH,2ch_s27_8701,20,1,valid,0.9323813584387057,1.0,0.17358625956805684,identity_without_rescale_tags
,2CH,2ch_s27_8701,21,1,valid,0.9458587975523465,0.9982876662121944,0.15494505652253202,identity_without_rescale_tags
,2CH,2ch_s27_8701,22,1,valid,0.9108280276165729,0.9983991457554725,0.19381882299737258,identity_without_rescale_tags
,2CH,2ch_s27_8701,23,1,valid,0.9257842411826761,1.0,0.1846773982026732,identity_without_rescale_tags
,2CH,2ch_s27_8701,24,1,valid,0.9275402141518805,1.0,0.1787395833920619,identity_without_rescale_tags
,2CH,2ch_s27_8701,25,1,valid,0.951976407330834,0.9956426808429846,0.14616912330041346,identity_without_rescale_tags
,2CH,2ch_s27_8701,26,1,valid,0.9405956818067593,0.9987966235951558,0.15595226555977387,identity_without_rescale_tags
,2CH,2ch_s27_8701,27,1,valid,0.960895812387413,1.0006418699426478,0.13921553679144044,identity_without_rescale_tags
,2CH,2ch_s27_8701,28,1,valid,0.948784396822292,1.0,0.14814704961200748,identity_without_rescale_tags
,2CH,2ch_s27_8701,29,1,valid,0.9661365347106009,1.0,0.12731093305565244,identity_without_rescale_tags
,2CH,2ch_s27_8701,30,1,valid,0.9485311914472999,1.0,0.15079663707400962,identity_without_rescale_tags
,2CH,2ch_s27_8701,31,1,valid,0.9360465755648026,1.0,0.17195959082924234,identity_without_rescale_tags
,2CH,2ch_s27_8701,32,1,valid,0.9282838347749545,0.9972066821157433,0.17211223219996863,identity_without_rescale_tags
,2CH,2ch_s27_8701,33,1,valid,0.9370801596933416,0.9950920171508406,0.165714361479936,identity_without_rescale_tags
,2CH,2ch_s27_8701,34,1,valid,0.9447091982737599,1.0,0.15896111201127525,identity_without_rescale_tags
,2CH,2ch_s27_8701,35,1,valid,0.9355177298041282,1.0,0.17318261562744286,identity_without_rescale_tags
,2CH,2ch_s27_8701,36,1,valid,0.9556963621896064,0.9956043743720535,0.13836257694124673,identity_without_rescale_tags
,2CH,2ch_s27_8701,37,1,valid,0.9479776776569219,0.995850622406639,0.1499173949620824,identity_without_rescale_tags
,2CH,2ch_s27_8701,38,1,valid,0.961164658132958,1.0,0.13827297099671212,identity_without_rescale_tags
,2CH,2ch_s27_8701,39,1,valid,0.9523207410393824,0.998035333124901,0.14941167176785955,identity_without_rescale_tags
,2CH,2ch_s27_8701,40,1,valid,0.9658073034362854,0.9957850322007551,0.12646408466180528,identity_without_rescale_tags
,2CH,2ch_s27_8701,41,1,valid,0.9311835457856411,0.9940298448353703,0.17090264452514106,identity_without_rescale_tags
,2CH,2ch_s27_8701,42,1,valid,0.9345554571480104,1.0,0.17574730712703648,identity_without_rescale_tags
,2CH,2ch_s27_8701,43,1,valid,0.9153091962446049,0.999383465705755,0.19316246921437302,identity_without_rescale_tags
,2CH,2ch_s27_8701,44,1,valid,0.9261702964120441,1.0,0.1775039753617046,identity_without_rescale_tags
,2CH,2ch_s27_8701,45,1,valid,0.9087392760731395,0.994561520260278,0.19356210358870418,identity_without_rescale_tags
,2CH,2ch_s27_8701,46,1,valid,0.9376740155176259,1.0,0.17109894677529755,identity_without_rescale_tags
,2CH,2ch_s27_8701,47,1,valid,0.941445023395437,0.9992175269074618,0.1605428295782874,identity_without_rescale_tags
,2CH,2ch_s27_8701,48,1,valid,0.9699120637382928,0.9969418960244648,0.12025526710089086,identity_without_rescale_tags
,2CH,2ch_s27_8701,49,1,valid,0.9547505320512529,0.9971857386116134,0.14587077506095764,identity_without_rescale_tags
,2CH,2ch_s28_8801,0,1,valid,0.9330968566895866,1.042009884678748,0.1923656908955265,identity_without_rescale_tags
,2CH,2ch_s28_8801,1,1,valid,0.9278680369005563,1.0273889227023738,0.1930181866617331,identity_without_rescale_tags
,2CH,2ch_s28_8801,2,1,valid,0.9435463570040522,1.0209205020920502,0.17232644991890797,identity_without_rescale_tags
,2CH,2ch_s28_8801,3,1,valid,0.9327416862407034,1.0057803468208093,0.18095233730942567,identity_without_rescale_tags
,2CH,2ch_s28_8801,4,1,valid,0.9429190057210373,1.0,0.1661398185230525,identity_without_rescale_tags
,2CH,2ch_s28_8801,5,1,valid,0.9438156548825221,1.0,0.16134188513488423,identity_without_rescale_tags
,2CH,2ch_s28_8801,6,1,valid,0.9414399737263521,0.9979879275653923,0.1734743671643528,identity_without_rescale_tags
,2CH,2ch_s28_8801,7,1,valid,0.9547119832473872,0.9966329966329966,0.14895758656608216,identity_without_rescale_tags
,2CH,2ch_s28_8801,8,1,valid,0.9023313865625268,1.0,0.21188173389075118,identity_without_rescale_tags
,2CH,2ch_s28_8801,9,1,valid,0.8968615248477357,1.0,0.2154855741557473,identity_without_rescale_tags
,2CH,2ch_s28_8801,10,1,valid,0.8739998540738011,0.9978021978021978,0.24060555002036688,identity_without_rescale_tags
,2CH,2ch_s28_8801,11,1,valid,0.8735677097339207,0.9927007299270073,0.24916303776800003,identity_without_rescale_tags
,2CH,2ch_s28_8801,12,1,valid,0.840388382800634,0.9901960784313726,0.27907165769067177,identity_without_rescale_tags
,2CH,2ch_s28_8801,13,1,valid,0.85119383492554,1.0,0.27142159188133996,identity_without_rescale_tags
,2CH,2ch_s28_8801,14,1,valid,0.8459543341288012,0.9910071942446043,0.27293093483993586,identity_without_rescale_tags
,2CH,2ch_s28_8801,15,1,valid,0.8454776215770563,0.9850299401197605,0.2749470071838889,identity_without_rescale_tags
,2CH,2ch_s28_8801,16,1,valid,0.8323236008988405,0.9830508474576272,0.2804330867756465,identity_without_rescale_tags
,2CH,2ch_s28_8801,17,1,valid,0.850360107813193,0.995846313603323,0.27296350008563347,identity_without_rescale_tags
,2CH,2ch_s28_8801,18,1,valid,0.8806480756762954,0.9850746268656716,0.23629299968971745,identity_without_rescale_tags
,2CH,2ch_s28_8801,19,1,valid,0.8978323907825098,0.9830508474576272,0.21657929349299787,identity_without_rescale_tags
,2CH,2ch_s28_8801,20,1,valid,0.9140528518560912,0.9879518072289156,0.20718372168090232,identity_without_rescale_tags
,2CH,2ch_s28_8801,21,1,valid,0.9157565037127012,0.9901768172888016,0.2048817858446328,identity_without_rescale_tags
,2CH,2ch_s28_8801,22,1,valid,0.9485586288308954,0.9866666666666667,0.15187556154882562,identity_without_rescale_tags
,2CH,2ch_s28_8801,23,1,valid,0.9327194330752958,0.9880578252671276,0.16917572380215917,identity_without_rescale_tags
,2CH,2ch_s28_8801,24,1,valid,0.9487762835401498,0.9910588235294118,0.15371973926779076,identity_without_rescale_tags
,2CH,2ch_s28_8801,25,1,valid,0.9398458276495077,0.9994428969359331,0.15671887271204038,identity_without_rescale_tags
,2CH,2ch_s28_8801,26,1,valid,0.9591835174636374,0.9914529914529915,0.13594908305971037,identity_without_rescale_tags
,2CH,2ch_s28_8801,27,1,valid,0.9427183383934022,0.9869346733668342,0.16318283620001633,identity_without_rescale_tags
,2CH,2ch_s28_8801,28,1,valid,0.92553865186365,0.9956875898418783,0.1908113262389729,identity_without_rescale_tags
,2CH,2ch_s28_8801,29,1,valid,0.916213086023539,0.9886643666830951,0.19348582274580045,identity_without_rescale_tags
,2CH,2ch_s28_8801,30,1,valid,0.8910017023935597,0.9921507064364207,0.22395595589176795,identity_without_rescale_tags
,2CH,2ch_s28_8801,31,1,valid,0.90347402945006,0.9911788291900562,0.2148555968074384,identity_without_rescale_tags
,2CH,2ch_s28_8801,32,1,valid,0.8973069580855701,0.9887640449438202,0.22236241978722648,identity_without_rescale_tags
,2CH,2ch_s28_8801,33,1,valid,0.9016046771770503,1.0020703933747412,0.2294488616338026,identity_without_rescale_tags
,2CH,2ch_s28_8801,34,1,valid,0.7281796887916274,1.013986013986014,0.35366130566854326,identity_without_rescale_tags
,2CH,2ch_s28_8801,35,1,valid,0.7659539000856688,1.0183861082737486,0.33937017199720226,identity_without_rescale_tags
,2CH,2ch_s28_8801,36,1,valid,0.7539457985995903,1.0112359550561798,0.3332920849093959,identity_without_rescale_tags
,2CH,2ch_s28_8801,37,1,valid,0.7790697957990919,1.005763688760807,0.29092131976423935,identity_without_rescale_tags
,2CH,2ch_s28_8801,38,1,valid,0.737152244604538,1.00990099009901,0.3222202731879386,identity_without_rescale_tags
,2CH,2ch_s28_8801,39,1,valid,0.7598194287414995,1.0138248847926268,0.3173587969334512,identity_without_rescale_tags
,2CH,2ch_s28_8801,40,1,valid,0.7385476518910806,1.0108695652173914,0.29935213297753543,identity_without_rescale_tags
,2CH,2ch_s28_8801,41,1,valid,0.7722084241130375,1.0088105726872247,0.3165064195057579,identity_without_rescale_tags
,2CH,2ch_s28_8801,42,1,valid,0.7714994912186715,1.0085287846481876,0.31423303471817937,identity_without_rescale_tags
,2CH,2ch_s28_8801,43,1,valid,0.7329023045680821,1.0076726342710998,0.3308762096136312,identity_without_rescale_tags
,2CH,2ch_s28_8801,44,1,valid,0.734492866794563,1.007390562819784,0.29595704386090577,identity_without_rescale_tags
,2CH,2ch_s28_8801,45,1,valid,0.7927008761849692,1.003257328990228,0.26643678856286485,identity_without_rescale_tags
,2CH,2ch_s28_8801,46,1,valid,0.7900659755869873,1.004995004995005,0.28482957030836425,identity_without_rescale_tags
,2CH,2ch_s28_8801,47,1,valid,0.7418400777444151,1.005050505050505,0.317529164549236,identity_without_rescale_tags
,2CH,2ch_s28_8801,48,1,valid,0.7345478746331158,1.0093457943925233,0.3349653080156749,identity_without_rescale_tags
,2CH,2ch_s28_8801,49,1,valid,0.9258714769944176,1.0031347962382444,0.19037775902671267,identity_without_rescale_tags
,2CH,2ch_s29_8901,0,1,valid,0.9659208689827238,1.042654028436019,0.13304209726237512,identity_without_rescale_tags
,2CH,2ch_s29_8901,1,1,valid,0.9490060907705313,1.0384615384615385,0.14929836041132433,identity_without_rescale_tags
,2CH,2ch_s29_8901,2,1,valid,0.9529514661982548,1.0227272727272727,0.14741504271954062,identity_without_rescale_tags
,2CH,2ch_s29_8901,3,1,valid,0.9578755943833005,1.0078247261345852,0.13144397789993661,identity_without_rescale_tags
,2CH,2ch_s29_8901,4,1,valid,0.9510331734827078,1.007278020378457,0.13971849935739156,identity_without_rescale_tags
,2CH,2ch_s29_8901,5,1,valid,0.9469731815430449,1.0051201260338716,0.15542439151781842,identity_without_rescale_tags
,2CH,2ch_s29_8901,6,1,valid,0.9340355408034818,1.0046948356807512,0.17313853109038296,identity_without_rescale_tags
,2CH,2ch_s29_8901,7,1,valid,0.9466982417744625,1.0,0.15200689379644486,identity_without_rescale_tags
,2CH,2ch_s29_8901,8,1,valid,0.9264270758765231,1.0,0.17132033146335232,identity_without_rescale_tags
,2CH,2ch_s29_8901,9,1,valid,0.9473707985036564,1.0,0.15291329921082922,identity_without_rescale_tags
,2CH,2ch_s29_8901,10,1,valid,0.9496301737762003,1.002770083102493,0.14341804029323016,identity_without_rescale_tags
,2CH,2ch_s29_8901,11,1,valid,0.9754656885181333,1.0,0.10574621966209653,identity_without_rescale_tags
,2CH,2ch_s29_8901,12,1,valid,0.9538662776409285,1.0,0.13983241246967132,identity_without_rescale_tags
,2CH,2ch_s29_8901,13,1,valid,0.9441823852733306,1.0044247787610618,0.1610079860969516,identity_without_rescale_tags
,2CH,2ch_s29_8901,14,1,valid,0.9212744158968853,1.0,0.18303927077095575,identity_without_rescale_tags
,2CH,2ch_s29_8901,15,1,valid,0.9141641680394543,1.0004933399111988,0.19470337832067658,identity_without_rescale_tags
,2CH,2ch_s29_8901,16,1,valid,0.9023861207267116,1.0,0.21131437869413913,identity_without_rescale_tags
,2CH,2ch_s29_8901,17,1,valid,0.8827408791369418,1.0,0.23515321538236425,identity_without_rescale_tags
,2CH,2ch_s29_8901,18,1,valid,0.8847900754956817,1.0,0.22369986596132252,identity_without_rescale_tags
,2CH,2ch_s29_8901,19,1,valid,0.8762878316113356,0.9915492957746479,0.2391949038340214,identity_without_rescale_tags
,2CH,2ch_s29_8901,20,1,valid,0.8922045306599066,1.0,0.22273528965575348,identity_without_rescale_tags
,2CH,2ch_s29_8901,21,1,valid,0.8977218949586734,0.9974424552429667,0.21716503593978467,identity_without_rescale_tags
,2CH,2ch_s29_8901,22,1,valid,0.918986732291987,0.9977324263038548,0.189075419265759,identity_without_rescale_tags
,2CH,2ch_s29_8901,23,1,valid,0.9151588584181907,0.9930675909878682,0.1944945984687993,identity_without_rescale_tags
,2CH,2ch_s29_8901,24,1,valid,0.9336068534658418,1.0,0.17257272111927346,identity_without_rescale_tags
,2CH,2ch_s29_8901,25,1,valid,0.9423490907877303,0.9947089947089947,0.16293810007380707,identity_without_rescale_tags
,2CH,2ch_s29_8901,26,1,valid,0.9645601373675177,0.9977528089887641,0.1282482846203736,identity_without_rescale_tags
,2CH,2ch_s29_8901,27,1,valid,0.9447516588456307,0.9936305732484076,0.14824121633114123,identity_without_rescale_tags
,2CH,2ch_s29_8901,28,1,valid,0.9571807807093554,0.9983136593591906,0.13164505263404003,identity_without_rescale_tags
,2CH,2ch_s29_8901,29,1,valid,0.960217632802533,0.9927360774818402,0.1280302160978333,identity_without_rescale_tags
,2CH,2ch_s29_8901,30,1,valid,0.9738417863786976,0.9985693848354793,0.10597025849715631,identity_without_rescale_tags
,2CH,2ch_s29_8901,31,1,valid,0.9416010012541117,0.9953239812959251,0.1447616159885817,identity_without_rescale_tags
,2CH,2ch_s29_8901,32,1,valid,0.9520259453221821,1.0,0.13492788895379615,identity_without_rescale_tags
,2CH,2ch_s29_8901,33,1,valid,0.958122324644203,0.9957716701902748,0.12937847507034508,identity_without_rescale_tags
,2CH,2ch_s29_8901,34,1,valid,0.9744723918825375,0.99637943519189,0.10639814369165977,identity_without_rescale_tags
,2CH,2ch_s29_8901,35,1,valid,0.9425595504512317,0.993479549496147,0.14321804295755503,identity_without_rescale_tags
,2CH,2ch_s29_8901,36,1,valid,0.9490973027753564,1.0,0.14125245281734453,identity_without_rescale_tags
,2CH,2ch_s29_8901,37,1,valid,0.9496374087621776,0.9954921111945906,0.14227242503101156,identity_without_rescale_tags
,2CH,2ch_s29_8901,38,1,valid,0.9611037629605226,0.9964271536323938,0.12995168724132275,identity_without_rescale_tags
,2CH,2ch_s29_8901,39,1,valid,0.9241945882295257,0.9951219512195122,0.16987698361777606,identity_without_rescale_tags
,2CH,2ch_s29_8901,40,1,valid,0.9397068505807592,1.0,0.1577748573633763,identity_without_rescale_tags
,2CH,2ch_s29_8901,41,1,valid,0.9497291775375329,0.9926650366748166,0.14406920761452016,identity_without_rescale_tags
,2CH,2ch_s29_8901,42,1,valid,0.9712165703538964,0.9983079526226735,0.11293515123945673,identity_without_rescale_tags
,2CH,2ch_s29_8901,43,1,valid,0.9498528585713837,0.9964664310954063,0.14087882542942073,identity_without_rescale_tags
,2CH,2ch_s29_8901,44,1,valid,0.9548238688127845,1.0010427528675705,0.1416569331794118,identity_without_rescale_tags
,2CH,2ch_s29_8901,45,1,valid,0.9391157670224943,0.9961089494163424,0.1626861828552644,identity_without_rescale_tags
,2CH,2ch_s29_8901,46,1,valid,0.9407672322074171,1.0,0.16149249195871257,identity_without_rescale_tags
,2CH,2ch_s29_8901,47,1,valid,0.9220302358372234,0.9951969260326609,0.18501688146198897,identity_without_rescale_tags
,2CH,2ch_s29_8901,48,1,valid,0.9130826520722,1.0152365677626303,0.1995313361406076,identity_without_rescale_tags
,2CH,2ch_s29_8901,49,1,valid,0.8974453747877372,0.9955156950672646,0.20824971070148512,identity_without_rescale_tags
,2CH,2ch_s2_6201,0,1,valid,0.9203291001750622,1.0445103857566767,0.20967355564856086,identity_without_rescale_tags
,2CH,2ch_s2_6201,1,1,valid,0.9327452400742821,1.0253807106598984,0.191926505870029,identity_without_rescale_tags
,2CH,2ch_s2_6201,2,1,valid,0.9490990107037042,1.0151057401812689,0.1635789686274828,identity_without_rescale_tags
,2CH,2ch_s2_6201,3,1,valid,0.9543614250174631,1.0040983606557377,0.15071098148587148,identity_without_rescale_tags
,2CH,2ch_s2_6201,4,1,valid,0.955141672212455,1.002661934338953,0.14063286229531016,identity_without_rescale_tags
,2CH,2ch_s2_6201,5,1,valid,0.9566814201007077,1.0009940357852882,0.14850536112109233,identity_without_rescale_tags
,2CH,2ch_s2_6201,6,1,valid,0.9639980171196427,1.0,0.13758782588556703,identity_without_rescale_tags
,2CH,2ch_s2_6201,7,1,valid,0.9594470070994616,1.0,0.14257527447498614,identity_without_rescale_tags
,2CH,2ch_s2_6201,8,1,valid,0.943841719765876,1.0,0.15735225728336513,identity_without_rescale_tags
,2CH,2ch_s2_6201,9,1,valid,0.9470799487415648,1.0,0.16225940308365885,identity_without_rescale_tags
,2CH,2ch_s2_6201,10,1,valid,0.9409641583836883,1.0,0.17241162236338514,identity_without_rescale_tags
,2CH,2ch_s2_6201,11,1,valid,0.9279853845605358,1.0,0.18412546109962027,identity_without_rescale_tags
,2CH,2ch_s2_6201,12,1,valid,0.9048474914464234,1.0,0.20289980883386757,identity_without_rescale_tags
,2CH,2ch_s2_6201,13,1,valid,0.9148669112835156,1.0056603773584907,0.20141082448846812,identity_without_rescale_tags
,2CH,2ch_s2_6201,14,1,valid,0.9179394518346916,1.0,0.20050574887032543,identity_without_rescale_tags
,2CH,2ch_s2_6201,15,1,valid,0.926050501826055,0.9981515711645101,0.19092150969376787,identity_without_rescale_tags
,2CH,2ch_s2_6201,16,1,valid,0.9248311189332447,1.0,0.19250795079607946,identity_without_rescale_tags
,2CH,2ch_s2_6201,17,1,valid,0.9401841624741087,1.0,0.18121414114130366,identity_without_rescale_tags
,2CH,2ch_s2_6201,18,1,valid,0.942880294944679,1.0,0.18095683365361873,identity_without_rescale_tags
,2CH,2ch_s2_6201,19,1,valid,0.9365783711857699,1.0,0.19062903481178808,identity_without_rescale_tags
,2CH,2ch_s2_6201,20,1,valid,0.9118844810355757,0.9980276134122288,0.21764402183820106,identity_without_rescale_tags
,2CH,2ch_s2_6201,21,1,valid,0.9016157796748653,1.0,0.2324317678891788,identity_without_rescale_tags
,2CH,2ch_s2_6201,22,1,valid,0.8910958468240194,1.0,0.24498354877280887,identity_without_rescale_tags
,2CH,2ch_s2_6201,23,1,valid,0.8731595808515515,1.0082101806239738,0.2582570773937422,identity_without_rescale_tags
,2CH,2ch_s2_6201,24,1,valid,0.856504114837154,1.0,0.27419165165221404,identity_without_rescale_tags
,2CH,2ch_s2_6201,25,1,valid,0.8367532875491916,1.0,0.2999355197169533,identity_without_rescale_tags
,2CH,2ch_s2_6201,26,1,valid,0.829744557071124,1.0,0.3078418001197982,identity_without_rescale_tags
,2CH,2ch_s2_6201,27,1,valid,0.8392178025541636,0.9946091644204852,0.291014799681089,identity_without_rescale_tags
,2CH,2ch_s2_6201,28,1,valid,0.8481742334485523,0.9880952380952381,0.27864802623467155,identity_without_rescale_tags
,2CH,2ch_s2_6201,29,1,valid,0.8456405025924443,0.9982768523836876,0.28490146062419663,identity_without_rescale_tags
,2CH,2ch_s2_6201,30,1,valid,0.8615424493190849,1.0,0.265689924480993,identity_without_rescale_tags
,2CH,2ch_s2_6201,31,1,valid,0.8767768466591457,1.0,0.2475249892175784,identity_without_rescale_tags
,2CH,2ch_s2_6201,32,1,valid,0.888577717095843,0.9904761904761905,0.23480810113613393,identity_without_rescale_tags
,2CH,2ch_s2_6201,33,1,valid,0.9018771498014654,0.9993002099370188,0.21802523938595866,identity_without_rescale_tags
,2CH,2ch_s2_6201,34,1,valid,0.9199615924487019,1.0,0.20064847411740067,identity_without_rescale_tags
,2CH,2ch_s2_6201,35,1,valid,0.9333828140129629,0.9928205128205129,0.18099605295208704,identity_without_rescale_tags
,2CH,2ch_s2_6201,36,1,valid,0.9325128469175856,0.9946524064171123,0.17343234957217632,identity_without_rescale_tags
,2CH,2ch_s2_6201,37,1,valid,0.9523725959234748,1.0,0.15243960984270968,identity_without_rescale_tags
,2CH,2ch_s2_6201,38,1,valid,0.9605466454785873,1.0,0.1398416998206624,identity_without_rescale_tags
,2CH,2ch_s2_6201,39,1,valid,0.9671328693129756,0.9953703703703703,0.12619185795388566,identity_without_rescale_tags
,2CH,2ch_s2_6201,40,1,valid,0.9502354276297509,0.9968354430379747,0.14358334292698668,identity_without_rescale_tags
,2CH,2ch_s2_6201,41,1,valid,0.9605342328711527,1.0,0.14117034596800912,identity_without_rescale_tags
,2CH,2ch_s2_6201,42,1,valid,0.9543145520525793,1.0,0.15069939867599852,identity_without_rescale_tags
,2CH,2ch_s2_6201,43,1,valid,0.9490137610332057,0.9972144846796658,0.1561789104211506,identity_without_rescale_tags
,2CH,2ch_s2_6201,44,1,valid,0.9231550539504306,0.9971537001897534,0.18208705190489635,identity_without_rescale_tags
,2CH,2ch_s2_6201,45,1,valid,0.9255499047922244,0.9963636363636363,0.18714794485229994,identity_without_rescale_tags
,2CH,2ch_s2_6201,46,1,valid,0.926482223663955,1.0,0.18988197553113711,identity_without_rescale_tags
,2CH,2ch_s2_6201,47,1,valid,0.9321261124773398,0.9988193624557261,0.17925925257104944,identity_without_rescale_tags
,2CH,2ch_s2_6201,48,1,valid,0.9217608215864169,1.0,0.1905844926850137,identity_without_rescale_tags
,2CH,2ch_s2_6201,49,1,valid,0.931105607775333,1.0,0.18834045822210368,identity_without_rescale_tags
,2CH,2ch_s30_9001,0,1,valid,0.9288586376722004,1.0433008505932535,0.18360127048758756,identity_without_rescale_tags
,2CH,2ch_s30_9001,1,1,valid,0.9314737706058863,1.0256410256410255,0.16980098598932192,identity_without_rescale_tags
,2CH,2ch_s30_9001,2,1,valid,0.9334840512320376,1.0234113712374582,0.17110836761542564,identity_without_rescale_tags
,2CH,2ch_s30_9001,3,1,valid,0.944956767610625,1.009387223584818,0.14920426168397924,identity_without_rescale_tags
,2CH,2ch_s30_9001,4,1,valid,0.9611035328762657,1.0086421136162067,0.12041612291132062,identity_without_rescale_tags
,2CH,2ch_s30_9001,5,1,valid,0.9507015354923222,1.0050556117290192,0.13392308014571686,identity_without_rescale_tags
,2CH,2ch_s30_9001,6,1,valid,0.9518879269937889,1.0064585650723026,0.1418887789076254,identity_without_rescale_tags
,2CH,2ch_s30_9001,7,1,valid,0.9623642155515449,1.0,0.1251596004431997,identity_without_rescale_tags
,2CH,2ch_s30_9001,8,1,valid,0.9570817706156903,1.002169197396963,0.13218874111962609,identity_without_rescale_tags
,2CH,2ch_s30_9001,9,1,valid,0.92979483206752,1.0,0.16440851835315656,identity_without_rescale_tags
,2CH,2ch_s30_9001,10,1,valid,0.9294100985843691,1.0,0.17701105791117708,identity_without_rescale_tags
,2CH,2ch_s30_9001,11,1,valid,0.9414328768692098,1.0,0.15497394420580088,identity_without_rescale_tags
,2CH,2ch_s30_9001,12,1,valid,0.9281301690052867,1.0,0.16722402597277694,identity_without_rescale_tags
,2CH,2ch_s30_9001,13,1,valid,0.912616777082871,0.998812349868752,0.18779672749481902,identity_without_rescale_tags
,2CH,2ch_s30_9001,14,1,valid,0.8981111893196582,1.0,0.2126714615595961,identity_without_rescale_tags
,2CH,2ch_s30_9001,15,1,valid,0.912599337326176,1.0079681274900398,0.19284089900558318,identity_without_rescale_tags
,2CH,2ch_s30_9001,16,1,valid,0.9019850237337814,0.9975942013886879,0.1961873233771066,identity_without_rescale_tags
,2CH,2ch_s30_9001,17,1,valid,0.9344403226440127,0.9945382310268613,0.17297985448115336,identity_without_rescale_tags
,2CH,2ch_s30_9001,18,1,valid,0.9407258331774053,1.0,0.1676075671402855,identity_without_rescale_tags
,2CH,2ch_s30_9001,19,1,valid,0.9712040193878251,1.0,0.1178371571143886,identity_without_rescale_tags
,2CH,2ch_s30_9001,20,1,valid,0.943363989260265,1.0,0.15472904720757025,identity_without_rescale_tags
,2CH,2ch_s30_9001,21,1,valid,0.9475263106313266,1.001035947299758,0.15385890070680294,identity_without_rescale_tags
,2CH,2ch_s30_9001,22,1,valid,0.9247571403585021,1.0,0.18368690545829477,identity_without_rescale_tags
,2CH,2ch_s30_9001,23,1,valid,0.9292725270958229,1.0,0.17690203527640086,identity_without_rescale_tags
,2CH,2ch_s30_9001,24,1,valid,0.92131143784875,0.998948978802841,0.1841072407642811,identity_without_rescale_tags
,2CH,2ch_s30_9001,25,1,valid,0.9258386925866088,1.0,0.18213812236863636,identity_without_rescale_tags
,2CH,2ch_s30_9001,26,1,valid,0.9347851154665002,0.9948329289977164,0.1657692994367942,identity_without_rescale_tags
,2CH,2ch_s30_9001,27,1,valid,0.9551347135327499,0.9953488372093023,0.14039067026803648,identity_without_rescale_tags
,2CH,2ch_s30_9001,28,1,valid,0.955867204110952,0.9978323597572786,0.1393919844691599,identity_without_rescale_tags
,2CH,2ch_s30_9001,29,1,valid,0.9565050991818841,0.999235469984306,0.13662346904473135,identity_without_rescale_tags
,2CH,2ch_s30_9001,30,1,valid,0.9726578503895914,0.9960382960356802,0.10351594703790226,identity_without_rescale_tags
,2CH,2ch_s30_9001,31,1,valid,0.965907874662551,0.9968776018630395,0.11217408575002694,identity_without_rescale_tags
,2CH,2ch_s30_9001,32,1,valid,0.951869436886101,1.0,0.13456470693415504,identity_without_rescale_tags
,2CH,2ch_s30_9001,33,1,valid,0.9435756681717212,1.0,0.15369860250216566,identity_without_rescale_tags
,2CH,2ch_s30_9001,34,1,valid,0.962437881993704,0.9966329966329966,0.12312321274094376,identity_without_rescale_tags
,2CH,2ch_s30_9001,35,1,valid,0.956829258636834,0.9966063304988771,0.12754267883571851,identity_without_rescale_tags
,2CH,2ch_s30_9001,36,1,valid,0.9594711110879001,1.0,0.13480537228459968,identity_without_rescale_tags
,2CH,2ch_s30_9001,37,1,valid,0.952338798937822,1.0,0.15190684589054299,identity_without_rescale_tags
,2CH,2ch_s30_9001,38,1,valid,0.9514613226674528,1.0,0.1474302241673098,identity_without_rescale_tags
,2CH,2ch_s30_9001,39,1,valid,0.9167373397191071,0.9980694908748038,0.18581129351326145,identity_without_rescale_tags
,2CH,2ch_s30_9001,40,1,valid,0.909600820775416,1.0,0.19789862526073684,identity_without_rescale_tags
,2CH,2ch_s30_9001,41,1,valid,0.9110394637735884,0.9993414208585012,0.1991878513880436,identity_without_rescale_tags
,2CH,2ch_s30_9001,42,1,valid,0.9369472021296883,0.9984362544442651,0.16433275007918524,identity_without_rescale_tags
,2CH,2ch_s30_9001,43,1,valid,0.9308891208708571,0.9947521794520031,0.16705045532949378,identity_without_rescale_tags
,2CH,2ch_s30_9001,44,1,valid,0.9513498738767956,1.0,0.14013647910439253,identity_without_rescale_tags
,2CH,2ch_s30_9001,45,1,valid,0.961825571513435,0.9922967612979794,0.12961857499145618,identity_without_rescale_tags
,2CH,2ch_s30_9001,46,1,valid,0.9762656480659497,0.9967152066546108,0.10423956457630529,identity_without_rescale_tags
,2CH,2ch_s30_9001,47,1,valid,0.948342833724519,0.9977767738606337,0.1368011305443804,identity_without_rescale_tags
,2CH,2ch_s30_9001,48,1,valid,0.9524660007060429,1.0,0.13717763403340433,identity_without_rescale_tags
,2CH,2ch_s30_9001,49,1,valid,0.962138030542263,0.9951690821256038,0.12352382244366532,identity_without_rescale_tags
,2CH,2ch_s31_9101,0,1,valid,0.9430952150999654,1.059248811576033,0.17661993620779018,identity_without_rescale_tags
,2CH,2ch_s31_9101,1,1,valid,0.9532645628467306,1.0253164556962024,0.14802368639576297,identity_without_rescale_tags
,2CH,2ch_s31_9101,2,1,valid,0.9391382947102263,1.0108695652173914,0.15376733851947139,identity_without_rescale_tags
,2CH,2ch_s31_9101,3,1,valid,0.9615181930426334,1.0074074074074073,0.13116490851197043,identity_without_rescale_tags
,2CH,2ch_s31_9101,4,1,valid,0.96675222086034,1.0038535788535787,0.1251120269688861,identity_without_rescale_tags
,2CH,2ch_s31_9101,5,1,valid,0.978613633870735,1.0040000326533276,0.10332776271560805,identity_without_rescale_tags
,2CH,2ch_s31_9101,6,1,valid,0.9450684956824804,1.003003003003003,0.14603329707562074,identity_without_rescale_tags
,2CH,2ch_s31_9101,7,1,valid,0.9471847070505599,1.0,0.15198390845876253,identity_without_rescale_tags
,2CH,2ch_s31_9101,8,1,valid,0.948787681020824,1.0,0.1447491652138498,identity_without_rescale_tags
,2CH,2ch_s31_9101,9,1,valid,0.9343331775528297,1.0,0.16566231462947945,identity_without_rescale_tags
,2CH,2ch_s31_9101,10,1,valid,0.9291016425217853,1.0007722026140402,0.17544007911639253,identity_without_rescale_tags
,2CH,2ch_s31_9101,11,1,valid,0.9427605609716646,1.0,0.16308677538168134,identity_without_rescale_tags
,2CH,2ch_s31_9101,12,1,valid,0.9693367762260031,1.0,0.11685439379926316,identity_without_rescale_tags
,2CH,2ch_s31_9101,13,1,valid,0.9456141236685175,1.0,0.14877281477818435,identity_without_rescale_tags
,2CH,2ch_s31_9101,14,1,valid,0.9505546216501634,1.0068368291322463,0.14834138254784301,identity_without_rescale_tags
,2CH,2ch_s31_9101,15,1,valid,0.9275805342816318,1.0016008542445274,0.1818488821529731,identity_without_rescale_tags
,2CH,2ch_s31_9101,16,1,valid,0.9337530703146376,1.0,0.17260549460346192,identity_without_rescale_tags
,2CH,2ch_s31_9101,17,1,valid,0.9393867029549836,0.995907620606165,0.16578442291460085,identity_without_rescale_tags
,2CH,2ch_s31_9101,18,1,valid,0.9472932034593076,0.9994529525747589,0.15652588582907234,identity_without_rescale_tags
,2CH,2ch_s31_9101,19,1,valid,0.9620473667618956,0.9953317725877453,0.12978084266952708,identity_without_rescale_tags
,2CH,2ch_s31_9101,20,1,valid,0.9492752428750335,0.9978536165570517,0.13463881406945993,identity_without_rescale_tags
,2CH,2ch_s31_9101,21,1,valid,0.9686303806066342,1.0,0.11979218990268627,identity_without_rescale_tags
,2CH,2ch_s31_9101,22,1,valid,0.9615450413254031,0.998764414946915,0.12961983991535433,identity_without_rescale_tags
,2CH,2ch_s31_9101,23,1,valid,0.9689501004450709,0.9977997773151959,0.11315973421807561,identity_without_rescale_tags
,2CH,2ch_s31_9101,24,1,valid,0.9332792562997034,1.0,0.1566937825603665,identity_without_rescale_tags
,2CH,2ch_s31_9101,25,1,valid,0.936187802578132,1.0,0.16334364147698846,identity_without_rescale_tags
,2CH,2ch_s31_9101,26,1,valid,0.9380227189699265,0.9963692108848679,0.1611480710636256,identity_without_rescale_tags
,2CH,2ch_s31_9101,27,1,valid,0.9333782839351901,0.996415770609319,0.16905557150610967,identity_without_rescale_tags
,2CH,2ch_s31_9101,28,1,valid,0.9115909303860953,1.0,0.18804199290641466,identity_without_rescale_tags
,2CH,2ch_s31_9101,29,1,valid,0.9344858422316319,1.0,0.17392528651059025,identity_without_rescale_tags
,2CH,2ch_s31_9101,30,1,valid,0.9661288504188711,1.0,0.12378931981957315,identity_without_rescale_tags
,2CH,2ch_s31_9101,31,1,valid,0.9466605114398563,0.999393549559211,0.141826848140856,identity_without_rescale_tags
,2CH,2ch_s31_9101,32,1,valid,0.9566681266316208,1.0026200953302808,0.13933038277277976,identity_without_rescale_tags
,2CH,2ch_s31_9101,33,1,valid,0.9435502589562218,1.0,0.16463041756942692,identity_without_rescale_tags
,2CH,2ch_s31_9101,34,1,valid,0.9315289953324267,1.0,0.176036540864312,identity_without_rescale_tags
,2CH,2ch_s31_9101,35,1,valid,0.9208323245906332,0.9956615847920196,0.18813297651533958,identity_without_rescale_tags
,2CH,2ch_s31_9101,36,1,valid,0.9313276681923182,1.0,0.17679368826276706,identity_without_rescale_tags
,2CH,2ch_s31_9101,37,1,valid,0.9436065651865895,0.9890453834115805,0.15900571043719164,identity_without_rescale_tags
,2CH,2ch_s31_9101,38,1,valid,0.942108285241263,0.9944289261328367,0.15330556067514375,identity_without_rescale_tags
,2CH,2ch_s31_9101,39,1,valid,0.9609838734694252,0.9965457582627371,0.13274642341255186,identity_without_rescale_tags
,2CH,2ch_s31_9101,40,1,valid,0.959278432311015,1.0,0.13533583675238714,identity_without_rescale_tags
,2CH,2ch_s31_9101,41,1,valid,0.9774101428031946,0.9955627547673509,0.09968201985803739,identity_without_rescale_tags
,2CH,2ch_s31_9101,42,1,valid,0.9439251949248133,0.9979746788712347,0.1424680298457631,identity_without_rescale_tags
,2CH,2ch_s31_9101,43,1,valid,0.9478127493019531,1.0,0.14348340613307736,identity_without_rescale_tags
,2CH,2ch_s31_9101,44,1,valid,0.9523479842402345,0.9961764303533891,0.1403234023772176,identity_without_rescale_tags
,2CH,2ch_s31_9101,45,1,valid,0.9639068072118535,0.9969788519637462,0.1246829154475743,identity_without_rescale_tags
,2CH,2ch_s31_9101,46,1,valid,0.9425869077837085,1.0,0.14553214443027984,identity_without_rescale_tags
,2CH,2ch_s31_9101,47,1,valid,0.9578153344344777,1.0,0.13976798059801193,identity_without_rescale_tags
,2CH,2ch_s31_9101,48,1,valid,0.9657236469302497,1.0,0.12696946117387958,identity_without_rescale_tags
,2CH,2ch_s31_9101,49,1,valid,0.9340089307788133,0.9971231214628712,0.16493540171009566,identity_without_rescale_tags
,2CH,2ch_s32_9201,0,1,valid,0.9443659688955294,1.0358565737051793,0.16562313577710333,identity_without_rescale_tags
,2CH,2ch_s32_9201,1,1,valid,0.9632131872311188,1.0212765957446808,0.1328166567516221,identity_without_rescale_tags
,2CH,2ch_s32_9201,2,1,valid,0.9483649200126921,1.016141429669485,0.14251866836529112,identity_without_rescale_tags
,2CH,2ch_s32_9201,3,1,valid,0.9498220741112242,1.0062111801242235,0.14866785261483528,identity_without_rescale_tags
,2CH,2ch_s32_9201,4,1,valid,0.9648820994652859,1.00187617260788,0.12042561547569101,identity_without_rescale_tags
,2CH,2ch_s32_9201,5,1,valid,0.9515697089331361,1.0,0.1354127683486119,identity_without_rescale_tags
,2CH,2ch_s32_9201,6,1,valid,0.9619711986238957,1.0016806722689076,0.1332543646222119,identity_without_rescale_tags
,2CH,2ch_s32_9201,7,1,valid,0.9498255716215592,1.0,0.14883124604225204,identity_without_rescale_tags
,2CH,2ch_s32_9201,8,1,valid,0.9733346318137843,1.0,0.10537905065668335,identity_without_rescale_tags
,2CH,2ch_s32_9201,9,1,valid,0.9534200359628806,1.0,0.13554943823845417,identity_without_rescale_tags
,2CH,2ch_s32_9201,10,1,valid,0.9550227916877422,1.002962336013542,0.1436260763576952,identity_without_rescale_tags
,2CH,2ch_s32_9201,11,1,valid,0.9425956166316933,0.9982608695652174,0.16062766870611708,identity_without_rescale_tags
,2CH,2ch_s32_9201,12,1,valid,0.9389205957454986,1.0,0.16708252499244014,identity_without_rescale_tags
,2CH,2ch_s32_9201,13,1,valid,0.9201502046995693,1.0,0.19326360074823556,identity_without_rescale_tags
,2CH,2ch_s32_9201,14,1,valid,0.8892661259032856,1.0066518847006651,0.22395316781854577,identity_without_rescale_tags
,2CH,2ch_s32_9201,15,1,valid,0.8926578028543058,0.9983615510649918,0.21999575013113684,identity_without_rescale_tags
,2CH,2ch_s32_9201,16,1,valid,0.88388993372407,0.9971830985915493,0.22692462818339879,identity_without_rescale_tags
,2CH,2ch_s32_9201,17,1,valid,0.9017752916957895,0.9963310232368529,0.21222183318916082,identity_without_rescale_tags
,2CH,2ch_s32_9201,18,1,valid,0.9084252380138963,0.9932584269662922,0.20543015508979856,identity_without_rescale_tags
,2CH,2ch_s32_9201,19,1,valid,0.9340424904055057,0.9922480620155039,0.17548305018856444,identity_without_rescale_tags
,2CH,2ch_s32_9201,20,1,valid,0.9344991038347553,0.9940828402366864,0.1733320603566806,identity_without_rescale_tags
,2CH,2ch_s32_9201,21,1,valid,0.937269554007942,0.9959514170040485,0.16967120896472265,identity_without_rescale_tags
,2CH,2ch_s32_9201,22,1,valid,0.9550459523581977,0.9918946301925026,0.139267192651607,identity_without_rescale_tags
,2CH,2ch_s32_9201,23,1,valid,0.9626768255713434,0.9923664122137404,0.12436900124880276,identity_without_rescale_tags
,2CH,2ch_s32_9201,24,1,valid,0.9679822123455194,0.9976798143851509,0.11989220567632543,identity_without_rescale_tags
,2CH,2ch_s32_9201,25,1,valid,0.9567604971672893,0.9928057553956835,0.13124410648081386,identity_without_rescale_tags
,2CH,2ch_s32_9201,26,1,valid,0.9786694621159626,0.9951219512195122,0.09336212667126387,identity_without_rescale_tags
,2CH,2ch_s32_9201,27,1,valid,0.9541750521670712,0.9937106918238994,0.12147106255930684,identity_without_rescale_tags
,2CH,2ch_s32_9201,28,1,valid,0.9641791504886574,0.9966329966329966,0.11942687257232706,identity_without_rescale_tags
,2CH,2ch_s32_9201,29,1,valid,0.9614094868473885,1.0,0.12452664560999484,identity_without_rescale_tags
,2CH,2ch_s32_9201,30,1,valid,0.971316275848619,0.9975429975429976,0.10976076911885084,identity_without_rescale_tags
,2CH,2ch_s32_9201,31,1,valid,0.9370011925711289,0.9964806435394671,0.1525189328743546,identity_without_rescale_tags
,2CH,2ch_s32_9201,32,1,valid,0.9326034368605216,0.9954954954954955,0.1711474843337173,identity_without_rescale_tags
,2CH,2ch_s32_9201,33,1,valid,0.9475679016099555,0.9906542056074766,0.1482728485238855,identity_without_rescale_tags
,2CH,2ch_s32_9201,34,1,valid,0.9299285787121303,0.993103448275862,0.16487926438628775,identity_without_rescale_tags
,2CH,2ch_s32_9201,35,1,valid,0.9391674443683043,0.9948186528497409,0.16298417110240077,identity_without_rescale_tags
,2CH,2ch_s32_9201,36,1,valid,0.9227776787572938,0.9942965779467681,0.18619341334193204,identity_without_rescale_tags
,2CH,2ch_s32_9201,37,1,valid,0.9329614835656744,0.994535519125683,0.17064564123633363,identity_without_rescale_tags
,2CH,2ch_s32_9201,38,1,valid,0.9002156031499029,0.9954462659380692,0.1981999158497625,identity_without_rescale_tags
,2CH,2ch_s32_9201,39,1,valid,0.9090458459224596,0.9940828402366864,0.20145185560289788,identity_without_rescale_tags
,2CH,2ch_s32_9201,40,1,valid,0.9195385602502272,0.9904458598726115,0.19061343185948704,identity_without_rescale_tags
,2CH,2ch_s32_9201,41,1,valid,0.7734561219058642,1.0033670033670035,0.3166150779731632,identity_without_rescale_tags
,2CH,2ch_s32_9201,42,1,valid,0.7606536742295781,1.0105263157894737,0.3294047304019767,identity_without_rescale_tags
,2CH,2ch_s32_9201,43,1,valid,0.7933555171252697,1.024793388429752,0.3020952945504641,identity_without_rescale_tags
,2CH,2ch_s32_9201,44,1,valid,0.8042283869734058,1.0120481927710843,0.2762204755744896,identity_without_rescale_tags
,2CH,2ch_s32_9201,45,1,valid,0.7739475889721937,1.0129735339906591,0.3213257007197108,identity_without_rescale_tags
,2CH,2ch_s32_9201,46,1,valid,0.7540683987900294,1.0191458026509572,0.3443525308321669,identity_without_rescale_tags
,2CH,2ch_s32_9201,47,1,valid,0.777151583962466,1.0230179028132993,0.33392481435421745,identity_without_rescale_tags
,2CH,2ch_s32_9201,48,1,valid,0.8145608958778547,1.0191158900836321,0.31101543749036353,identity_without_rescale_tags
,2CH,2ch_s32_9201,49,1,valid,0.7677402620965452,1.0095238095238095,0.3393194397653415,identity_without_rescale_tags
,2CH,2ch_s33_9301,0,1,valid,0.9104108548788852,1.0571428571428572,0.21487633002751957,identity_without_rescale_tags
,2CH,2ch_s33_9301,1,1,valid,0.9513304774805708,1.0259553126988286,0.15476399604506738,identity_without_rescale_tags
,2CH,2ch_s33_9301,2,1,valid,0.8931578564103606,1.0129046614123491,0.21155169854438197,identity_without_rescale_tags
,2CH,2ch_s33_9301,3,1,valid,0.903912422613003,1.0105513064582567,0.20703382265645803,identity_without_rescale_tags
,2CH,2ch_s33_9301,4,1,valid,0.917479493318129,1.009090909090909,0.1994918753301244,identity_without_rescale_tags
,2CH,2ch_s33_9301,5,1,valid,0.9167327533180958,1.0076335877862594,0.19493735958073558,identity_without_rescale_tags
,2CH,2ch_s33_9301,6,1,valid,0.9125802731682928,1.0011421565324006,0.19700377529261373,identity_without_rescale_tags
,2CH,2ch_s33_9301,7,1,valid,0.8992734155141462,1.0,0.22707676373365757,identity_without_rescale_tags
,2CH,2ch_s33_9301,8,1,valid,0.9000765596576448,0.9993856972355244,0.2206205723570001,identity_without_rescale_tags
,2CH,2ch_s33_9301,9,1,valid,0.8774262392206845,0.9950226234152911,0.24252748418402476,identity_without_rescale_tags
,2CH,2ch_s33_9301,10,1,valid,0.8787209451581587,0.989010989010989,0.24145493617263686,identity_without_rescale_tags
,2CH,2ch_s33_9301,11,1,valid,0.8605261424320145,0.996621072438444,0.265355311024891,identity_without_rescale_tags
,2CH,2ch_s33_9301,12,1,valid,0.8922354737544409,1.0,0.23739463545280626,identity_without_rescale_tags
,2CH,2ch_s33_9301,13,1,valid,0.8924459901283577,1.0,0.23112178801111075,identity_without_rescale_tags
,2CH,2ch_s33_9301,14,1,valid,0.9206066719558806,1.0,0.19970089256741053,identity_without_rescale_tags
,2CH,2ch_s33_9301,15,1,valid,0.8906651729031618,1.0,0.22224025927982977,identity_without_rescale_tags
,2CH,2ch_s33_9301,16,1,valid,0.9147704440468184,1.0019120458891013,0.1902127219888068,identity_without_rescale_tags
,2CH,2ch_s33_9301,17,1,valid,0.9075670845580047,1.0,0.20536738344228142,identity_without_rescale_tags
,2CH,2ch_s33_9301,18,1,valid,0.9105342007935951,1.004341534008683,0.1988861609227572,identity_without_rescale_tags
,2CH,2ch_s33_9301,19,1,valid,0.915016695213585,1.0,0.2035591248538289,identity_without_rescale_tags
,2CH,2ch_s33_9301,20,1,valid,0.8936043990265674,1.008933004681515,0.23049961112504216,identity_without_rescale_tags
,2CH,2ch_s33_9301,21,1,valid,0.8718890559333137,1.0,0.2449817003576843,identity_without_rescale_tags
,2CH,2ch_s33_9301,22,1,valid,0.872813258147422,1.0,0.24751370283422977,identity_without_rescale_tags
,2CH,2ch_s33_9301,23,1,valid,0.8782970139749058,0.9926488601319998,0.23445712804247074,identity_without_rescale_tags
,2CH,2ch_s33_9301,24,1,valid,0.90535496866034,0.9978947368421053,0.21052471258712965,identity_without_rescale_tags
,2CH,2ch_s33_9301,25,1,valid,0.9196636511809477,0.9994736724009596,0.1934481278728699,identity_without_rescale_tags
,2CH,2ch_s33_9301,26,1,valid,0.933878750266254,0.9936828579181765,0.17677564571518062,identity_without_rescale_tags
,2CH,2ch_s33_9301,27,1,valid,0.9186599652464522,0.9915552386046236,0.18311758861706465,identity_without_rescale_tags
,2CH,2ch_s33_9301,28,1,valid,0.9070801965112534,0.9984399375975039,0.19075488850373376,identity_without_rescale_tags
,2CH,2ch_s33_9301,29,1,valid,0.9062792055852407,1.0,0.20145269312641842,identity_without_rescale_tags
,2CH,2ch_s33_9301,30,1,valid,0.9133390171445032,0.9962825278810409,0.18158930822058295,identity_without_rescale_tags
,2CH,2ch_s33_9301,31,1,valid,0.9316939827879509,0.9957081545064378,0.16678825754220472,identity_without_rescale_tags
,2CH,2ch_s33_9301,32,1,valid,0.9371545106570158,1.0,0.17185146800052653,identity_without_rescale_tags
,2CH,2ch_s33_9301,33,1,valid,0.9085995190333686,1.0,0.20574543868673018,identity_without_rescale_tags
,2CH,2ch_s33_9301,34,1,valid,0.9009670562171627,0.9947817010075338,0.20060252568924786,identity_without_rescale_tags
,2CH,2ch_s33_9301,35,1,valid,0.8761465086735518,1.0,0.22128968224506756,identity_without_rescale_tags
,2CH,2ch_s33_9301,36,1,valid,0.8956640306157616,1.0,0.21108612802525528,identity_without_rescale_tags
,2CH,2ch_s33_9301,37,1,valid,0.9316151863644998,1.0,0.1748604941111973,identity_without_rescale_tags
,2CH,2ch_s33_9301,38,1,valid,0.943684098784356,0.9978308026030369,0.16512707659181783,identity_without_rescale_tags
,2CH,2ch_s33_9301,39,1,valid,0.9383590741717523,0.9943555923707574,0.17099957430876903,identity_without_rescale_tags
,2CH,2ch_s33_9301,40,1,valid,0.8788904947461278,1.0,0.2293276105623897,identity_without_rescale_tags
,2CH,2ch_s33_9301,41,1,valid,0.885513494418589,1.0,0.225299403570303,identity_without_rescale_tags
,2CH,2ch_s33_9301,42,1,valid,0.880072065768019,1.0,0.23843363670626122,identity_without_rescale_tags
,2CH,2ch_s33_9301,43,1,valid,0.8825208502124886,1.0019389279974438,0.23165790111051243,identity_without_rescale_tags
,2CH,2ch_s33_9301,44,1,valid,0.877124052683633,0.9984177175575768,0.24121952728752477,identity_without_rescale_tags
,2CH,2ch_s33_9301,45,1,valid,0.8736072841901013,0.9912600099303601,0.25270232456241104,identity_without_rescale_tags
,2CH,2ch_s33_9301,46,1,valid,0.8636723560812589,0.98989898989899,0.25671133946494396,identity_without_rescale_tags
,2CH,2ch_s33_9301,47,1,valid,0.8484396303177476,0.9933774834437086,0.2655970321495444,identity_without_rescale_tags
,2CH,2ch_s33_9301,48,1,valid,0.8716348435072304,0.980128986671839,0.24764366940085372,identity_without_rescale_tags
,2CH,2ch_s33_9301,49,1,valid,0.9000672491448752,0.9860408635856597,0.2224174398386715,identity_without_rescale_tags
,2CH,2ch_s34_9401,0,1,valid,0.8793085043580208,1.0484455991063921,0.23380791636283135,identity_without_rescale_tags
,2CH,2ch_s34_9401,1,1,valid,0.8765345627875478,1.041375830752636,0.24254095403801812,identity_without_rescale_tags
,2CH,2ch_s34_9401,2,1,valid,0.8703245027140698,1.0294117647058822,0.24122623214743086,identity_without_rescale_tags
,2CH,2ch_s34_9401,3,1,valid,0.8775329054848602,1.008695652173913,0.23154180184133796,identity_without_rescale_tags
,2CH,2ch_s34_9401,4,1,valid,0.8977111200704974,1.0120481927710843,0.21381904148107952,identity_without_rescale_tags
,2CH,2ch_s34_9401,5,1,valid,0.9161308027257664,1.0206185567010309,0.20516987993476113,identity_without_rescale_tags
,2CH,2ch_s34_9401,6,1,valid,0.9446312541115129,1.0098039215686274,0.16536356449307313,identity_without_rescale_tags
,2CH,2ch_s34_9401,7,1,valid,0.883253228384842,1.0,0.2315816434281298,identity_without_rescale_tags
,2CH,2ch_s34_9401,8,1,valid,0.8778560169452243,1.0084191127247526,0.2346949214970995,identity_without_rescale_tags
,2CH,2ch_s34_9401,9,1,valid,0.860238333630103,1.0126582278481013,0.25668557973949646,identity_without_rescale_tags
,2CH,2ch_s34_9401,10,1,valid,0.9189882717461341,1.0055577618921543,0.20241107604569844,identity_without_rescale_tags
,2CH,2ch_s34_9401,11,1,valid,0.910659135261858,0.9990118567426619,0.21191419854739535,identity_without_rescale_tags
,2CH,2ch_s34_9401,12,1,valid,0.885003514225299,1.0018005082262644,0.23498361270775533,identity_without_rescale_tags
,2CH,2ch_s34_9401,13,1,valid,0.8791411521816523,0.9914953890663613,0.23241128589887197,identity_without_rescale_tags
,2CH,2ch_s34_9401,14,1,valid,0.8946112884131847,0.99375,0.21051282337925117,identity_without_rescale_tags
,2CH,2ch_s34_9401,15,1,valid,0.8895889894211281,0.9889773381812945,0.20991314849453802,identity_without_rescale_tags
,2CH,2ch_s34_9401,16,1,valid,0.8830384051052418,0.9930204732475445,0.21975336231709067,identity_without_rescale_tags
,2CH,2ch_s34_9401,17,1,valid,0.9286859469784147,0.9940973801620099,0.17648161902640883,identity_without_rescale_tags
,2CH,2ch_s34_9401,18,1,valid,0.9330255439694481,1.0,0.16764901667641316,identity_without_rescale_tags
,2CH,2ch_s34_9401,19,1,valid,0.9433376918425662,0.9974554707379135,0.1553949887298023,identity_without_rescale_tags
,2CH,2ch_s34_9401,20,1,valid,0.8698585117018105,0.9935483870967742,0.223255162718833,identity_without_rescale_tags
,2CH,2ch_s34_9401,21,1,valid,0.8864044975524867,0.9975429975429976,0.19483143819509055,identity_without_rescale_tags
,2CH,2ch_s34_9401,22,1,valid,0.8997063172027981,1.0,0.19439611151159725,identity_without_rescale_tags
,2CH,2ch_s34_9401,23,1,valid,0.9378394356473357,1.0,0.16750920672294584,identity_without_rescale_tags
,2CH,2ch_s34_9401,24,1,valid,0.9275443450189733,0.9924395840393261,0.17987558709969267,identity_without_rescale_tags
,2CH,2ch_s34_9401,25,1,valid,0.9286691164087952,1.006060606060606,0.1732961445951733,identity_without_rescale_tags
,2CH,2ch_s34_9401,26,1,valid,0.8797696725199504,0.9967068506414911,0.2135012227784633,identity_without_rescale_tags
,2CH,2ch_s34_9401,27,1,valid,0.873163184611313,1.0023696815529837,0.2272702269246281,identity_without_rescale_tags
,2CH,2ch_s34_9401,28,1,valid,0.8852776864901388,0.9911465232761392,0.21897287715831287,identity_without_rescale_tags
,2CH,2ch_s34_9401,29,1,valid,0.8877994926659983,0.9978947368421053,0.22831998917849194,identity_without_rescale_tags
,2CH,2ch_s34_9401,30,1,valid,0.898725977873409,1.0046583963253646,0.22891548211872978,identity_without_rescale_tags
,2CH,2ch_s34_9401,31,1,valid,0.8986621512988205,1.0057030951200274,0.22134041031409965,identity_without_rescale_tags
,2CH,2ch_s34_9401,32,1,valid,0.8783161234285871,0.9916453713146761,0.23964157994030147,identity_without_rescale_tags
,2CH,2ch_s34_9401,33,1,valid,0.8519565120103275,0.9854055559651667,0.2593739778147425,identity_without_rescale_tags
,2CH,2ch_s34_9401,34,1,valid,0.8643532448561486,1.0,0.2486066185698174,identity_without_rescale_tags
,2CH,2ch_s34_9401,35,1,valid,0.9304886254044168,0.9936061276517809,0.18348093376354724,identity_without_rescale_tags
,2CH,2ch_s34_9401,36,1,valid,0.9417026262181857,0.9874213836477987,0.16470036675611516,identity_without_rescale_tags
,2CH,2ch_s34_9401,37,1,valid,0.9226755510465541,0.9894982497082847,0.17847417693784468,identity_without_rescale_tags
,2CH,2ch_s34_9401,38,1,valid,0.8785691671755139,1.004803846153846,0.22475711923202632,identity_without_rescale_tags
,2CH,2ch_s34_9401,39,1,valid,0.8920213029633999,0.9888785817357246,0.19876036322233015,identity_without_rescale_tags
,2CH,2ch_s34_9401,40,1,valid,0.9133671762803692,1.0,0.18144860571988325,identity_without_rescale_tags
,2CH,2ch_s34_9401,41,1,valid,0.9179737480876686,1.0018492837979485,0.1805791474994188,identity_without_rescale_tags
,2CH,2ch_s34_9401,42,1,valid,0.9093986298078786,1.0,0.20956959974425948,identity_without_rescale_tags
,2CH,2ch_s34_9401,43,1,valid,0.9314318101956823,1.0,0.17191456828701995,identity_without_rescale_tags
,2CH,2ch_s34_9401,44,1,valid,0.9246286459187122,0.9965870307167235,0.18025927274607148,identity_without_rescale_tags
,2CH,2ch_s34_9401,45,1,valid,0.871183211078686,0.9945508549381077,0.23580241782552194,identity_without_rescale_tags
,2CH,2ch_s34_9401,46,1,valid,0.8814142473259329,0.9921259842519685,0.23069153309988474,identity_without_rescale_tags
,2CH,2ch_s34_9401,47,1,valid,0.8969563949320557,0.9983560739055987,0.2163053470583712,identity_without_rescale_tags
,2CH,2ch_s34_9401,48,1,valid,0.9117731087372849,0.9994230722549629,0.1997444866620989,identity_without_rescale_tags
,2CH,2ch_s34_9401,49,1,valid,0.9020193173087517,0.994535519125683,0.22221277210107818,identity_without_rescale_tags
,2CH,2ch_s35_9501,0,1,valid,0.9149140427056074,1.0480370750920456,0.20257212791986715,identity_without_rescale_tags
,2CH,2ch_s35_9501,1,1,valid,0.9317959039121513,1.0359670364551414,0.17613565536110787,identity_without_rescale_tags
,2CH,2ch_s35_9501,2,1,valid,0.9573886773426645,1.018153714624824,0.1443904241646311,identity_without_rescale_tags
,2CH,2ch_s35_9501,3,1,valid,0.9456034841238488,1.0116508755026974,0.14827919237857912,identity_without_rescale_tags
,2CH,2ch_s35_9501,4,1,valid,0.923578312513735,1.0122687286177023,0.1545498051019105,identity_without_rescale_tags
,2CH,2ch_s35_9501,5,1,valid,0.9632992384360999,1.0035481975743843,0.12528085248950466,identity_without_rescale_tags
,2CH,2ch_s35_9501,6,1,valid,0.9481385808291916,1.003395595526346,0.1437990679723305,identity_without_rescale_tags
,2CH,2ch_s35_9501,7,1,valid,0.9649407754319961,1.0010015045135405,0.1266253099646575,identity_without_rescale_tags
,2CH,2ch_s35_9501,8,1,valid,0.9471747387922401,1.0,0.13612556698990955,identity_without_rescale_tags
,2CH,2ch_s35_9501,9,1,valid,0.9799471114302287,0.997275204359673,0.09795248934537977,identity_without_rescale_tags
,2CH,2ch_s35_9501,10,1,valid,0.9497291486908758,0.9995324116954349,0.13591358781992563,identity_without_rescale_tags
,2CH,2ch_s35_9501,11,1,valid,0.9373125721967753,1.0,0.14354490857734994,identity_without_rescale_tags
,2CH,2ch_s35_9501,12,1,valid,0.9530729959981676,0.9941864441831851,0.14342053178767564,identity_without_rescale_tags
,2CH,2ch_s35_9501,13,1,valid,0.9531821608750096,0.9991094828577433,0.14470784560109382,identity_without_rescale_tags
,2CH,2ch_s35_9501,14,1,valid,0.9201202746963474,0.9987421304038948,0.17538755437409068,identity_without_rescale_tags
,2CH,2ch_s35_9501,15,1,valid,0.9129966459294915,1.0,0.187426474591388,identity_without_rescale_tags
,2CH,2ch_s35_9501,16,1,valid,0.9303147168146415,1.0,0.1719255169814318,identity_without_rescale_tags
,2CH,2ch_s35_9501,17,1,valid,0.9270051040196555,0.9955257046764894,0.1749924157678258,identity_without_rescale_tags
,2CH,2ch_s35_9501,18,1,valid,0.9462861256273445,0.9992307578514474,0.15089802836598015,identity_without_rescale_tags
,2CH,2ch_s35_9501,19,1,valid,0.9394477145074865,1.0,0.15182470578257004,identity_without_rescale_tags
,2CH,2ch_s35_9501,20,1,valid,0.9767834875328031,1.0,0.10321268402090941,identity_without_rescale_tags
,2CH,2ch_s35_9501,21,1,valid,0.9445122431720656,1.0,0.14505214860672935,identity_without_rescale_tags
,2CH,2ch_s35_9501,22,1,valid,0.9307892655939509,1.005028738227442,0.15379002450886214,identity_without_rescale_tags
,2CH,2ch_s35_9501,23,1,valid,0.9281874446903744,1.0010752800063822,0.16679085787932768,identity_without_rescale_tags
,2CH,2ch_s35_9501,24,1,valid,0.9401054971467759,1.0010319928431457,0.15981738046977878,identity_without_rescale_tags
,2CH,2ch_s35_9501,25,1,valid,0.922192532472733,0.9967888678460581,0.1803235523095965,identity_without_rescale_tags
,2CH,2ch_s35_9501,26,1,valid,0.8797911934011913,1.0,0.19601295907513022,identity_without_rescale_tags
,2CH,2ch_s35_9501,27,1,valid,0.9383972321373119,0.9870270118650248,0.1646428237477858,identity_without_rescale_tags
,2CH,2ch_s35_9501,28,1,valid,0.9567493541112969,0.9936457145164383,0.14174751516488304,identity_without_rescale_tags
,2CH,2ch_s35_9501,29,1,valid,0.9544867436508329,0.9925925925925926,0.14092285604631255,identity_without_rescale_tags
,2CH,2ch_s35_9501,30,1,valid,0.9263869409653004,0.9983164553733133,0.16120843983435287,identity_without_rescale_tags
,2CH,2ch_s35_9501,31,1,valid,0.9674231915471896,0.9897469738422537,0.12408222435847349,identity_without_rescale_tags
,2CH,2ch_s35_9501,32,1,valid,0.9454954808890867,0.9975772250348521,0.14266179128790654,identity_without_rescale_tags
,2CH,2ch_s35_9501,33,1,valid,0.9597619522673236,0.9978528062740103,0.13233416194751754,identity_without_rescale_tags
,2CH,2ch_s35_9501,34,1,valid,0.9336832002209691,0.9962264150943396,0.1670817326256694,identity_without_rescale_tags
,2CH,2ch_s35_9501,35,1,valid,0.9494667436479546,0.9952305246422893,0.1455337874910759,identity_without_rescale_tags
,2CH,2ch_s35_9501,36,1,valid,0.9308309575507028,0.9948186528497409,0.16066650752059625,identity_without_rescale_tags
,2CH,2ch_s35_9501,37,1,valid,0.9336501072194706,0.9982608485244434,0.15094040007615264,identity_without_rescale_tags
,2CH,2ch_s35_9501,38,1,valid,0.96229002912705,0.9962264150943396,0.12624194461543026,identity_without_rescale_tags
,2CH,2ch_s35_9501,39,1,valid,0.9722605400924342,0.9990627928772259,0.11156066684725434,identity_without_rescale_tags
,2CH,2ch_s35_9501,40,1,valid,0.952085289938802,1.0,0.13574287229227366,identity_without_rescale_tags
,2CH,2ch_s35_9501,41,1,valid,0.8951851377296882,1.0,0.1788062765271398,identity_without_rescale_tags
,2CH,2ch_s35_9501,42,1,valid,0.9297698562568281,1.0,0.16998068378886277,identity_without_rescale_tags
,2CH,2ch_s35_9501,43,1,valid,0.9011209923080441,1.0,0.20553788081444418,identity_without_rescale_tags
,2CH,2ch_s35_9501,44,1,valid,0.8785583827775091,1.0,0.23059420869025246,identity_without_rescale_tags
,2CH,2ch_s35_9501,45,1,valid,0.8534365228626788,1.011049723756906,0.25734489418696377,identity_without_rescale_tags
,2CH,2ch_s35_9501,46,1,valid,0.8649379935239773,1.0,0.25250173370569123,identity_without_rescale_tags
,2CH,2ch_s35_9501,47,1,valid,0.8425111531803354,0.996761131479704,0.27314711057430335,identity_without_rescale_tags
,2CH,2ch_s35_9501,48,1,valid,0.8163479110726227,1.0,0.2981120318985142,identity_without_rescale_tags
,2CH,2ch_s35_9501,49,1,valid,0.8305569859090529,0.9953760784755312,0.2898815564042972,identity_without_rescale_tags
,2CH,2ch_s36_9601,0,1,valid,0.9113774397716556,1.0407619712522282,0.19590934460155135,identity_without_rescale_tags
,2CH,2ch_s36_9601,1,1,valid,0.9011478252158215,1.0223302280833488,0.19756991151927114,identity_without_rescale_tags
,2CH,2ch_s36_9601,2,1,valid,0.8936633452865866,1.0177777777777777,0.2007656875301415,identity_without_rescale_tags
,2CH,2ch_s36_9601,3,1,valid,0.937507307651131,1.0084033613445378,0.1616715703444824,identity_without_rescale_tags
,2CH,2ch_s36_9601,4,1,valid,0.9313199310028648,1.007973862815649,0.16592765018404596,identity_without_rescale_tags
,2CH,2ch_s36_9601,5,1,valid,0.9554737130621066,1.0125268448401863,0.13821153150951376,identity_without_rescale_tags
,2CH,2ch_s36_9601,6,1,valid,0.9348334781101155,1.0080731993245973,0.1580889008856225,identity_without_rescale_tags
,2CH,2ch_s36_9601,7,1,valid,0.9546420452086872,1.0044085255247475,0.141378920870201,identity_without_rescale_tags
,2CH,2ch_s36_9601,8,1,valid,0.9380403160908628,1.0050761421319796,0.16154180557501022,identity_without_rescale_tags
,2CH,2ch_s36_9601,9,1,valid,0.8989359431075168,1.006896551724138,0.18822745671323315,identity_without_rescale_tags
,2CH,2ch_s36_9601,10,1,valid,0.9195295941060243,1.0,0.18542620875030796,identity_without_rescale_tags
,2CH,2ch_s36_9601,11,1,valid,0.9084815374599338,1.0,0.20121273104293438,identity_without_rescale_tags
,2CH,2ch_s36_9601,12,1,valid,0.8963823019636519,1.0034742339384577,0.21510831809030181,identity_without_rescale_tags
,2CH,2ch_s36_9601,13,1,valid,0.8771401396698861,1.0,0.2370216786153027,identity_without_rescale_tags
,2CH,2ch_s36_9601,14,1,valid,0.8997324640425177,0.998901065724723,0.22004218590642002,identity_without_rescale_tags
,2CH,2ch_s36_9601,15,1,valid,0.8964895775445023,0.9930555555555556,0.22002242432736074,identity_without_rescale_tags
,2CH,2ch_s36_9601,16,1,valid,0.8830635577542455,0.9995048863064543,0.23059357407615982,identity_without_rescale_tags
,2CH,2ch_s36_9601,17,1,valid,0.8994246882825696,0.989823006857038,0.22141056846001317,identity_without_rescale_tags
,2CH,2ch_s36_9601,18,1,valid,0.9209514108317238,0.9964664310954063,0.19649151603816467,identity_without_rescale_tags
,2CH,2ch_s36_9601,19,1,valid,0.9299986753856391,0.9936842105263158,0.18345351975410143,identity_without_rescale_tags
,2CH,2ch_s36_9601,20,1,valid,0.9148816033360362,0.9936305732484076,0.19523593704541173,identity_without_rescale_tags
,2CH,2ch_s36_9601,21,1,valid,0.9445813670492863,0.9903030160558546,0.1635899812393868,identity_without_rescale_tags
,2CH,2ch_s36_9601,22,1,valid,0.9371147188455499,0.995821718914578,0.16552368287321445,identity_without_rescale_tags
,2CH,2ch_s36_9601,23,1,valid,0.9529969365170307,0.9982195444358386,0.1440094764826748,identity_without_rescale_tags
,2CH,2ch_s36_9601,24,1,valid,0.9358843603448157,0.9931685093616311,0.16285432043239803,identity_without_rescale_tags
,2CH,2ch_s36_9601,25,1,valid,0.9614663974934293,0.9940535124941066,0.13067789480034972,identity_without_rescale_tags
,2CH,2ch_s36_9601,26,1,valid,0.9367485964991815,0.998745294855709,0.15754488999037983,identity_without_rescale_tags
,2CH,2ch_s36_9601,27,1,valid,0.9138275907021822,1.0,0.17249038069445125,identity_without_rescale_tags
,2CH,2ch_s36_9601,28,1,valid,0.9388860220562937,0.995688810338069,0.1610418389941623,identity_without_rescale_tags
,2CH,2ch_s36_9601,29,1,valid,0.9398602616441198,0.9987405521584303,0.16153503413577872,identity_without_rescale_tags
,2CH,2ch_s36_9601,30,1,valid,0.9139067856026518,1.0,0.18143098464864418,identity_without_rescale_tags
,2CH,2ch_s36_9601,31,1,valid,0.8950614978952398,1.0,0.19705241378564164,identity_without_rescale_tags
,2CH,2ch_s36_9601,32,1,valid,0.9240620630838561,1.0,0.17559582683543848,identity_without_rescale_tags
,2CH,2ch_s36_9601,33,1,valid,0.9058605103960861,1.0,0.19711823919599783,identity_without_rescale_tags
,2CH,2ch_s36_9601,34,1,valid,0.9034396933356116,1.0,0.19994895882548702,identity_without_rescale_tags
,2CH,2ch_s36_9601,35,1,valid,0.8825704979518554,0.9935826913867576,0.22220049102828662,identity_without_rescale_tags
,2CH,2ch_s36_9601,36,1,valid,0.8928519916643407,0.9942304907702831,0.2173489400987669,identity_without_rescale_tags
,2CH,2ch_s36_9601,37,1,valid,0.8669903096146555,0.996485050654806,0.24069452320575543,identity_without_rescale_tags
,2CH,2ch_s36_9601,38,1,valid,0.887429620091075,0.9964428627916173,0.22794187538403568,identity_without_rescale_tags
,2CH,2ch_s36_9601,39,1,valid,0.880606358266991,0.9927007299270073,0.23001124682101706,identity_without_rescale_tags
,2CH,2ch_s36_9601,40,1,valid,0.8992331999294362,0.9959758388392279,0.2157513088202938,identity_without_rescale_tags
,2CH,2ch_s36_9601,41,1,valid,0.8958655260647583,0.9921425563206834,0.21380861022313927,identity_without_rescale_tags
,2CH,2ch_s36_9601,42,1,valid,0.8869682090250839,1.0,0.20825824413139035,identity_without_rescale_tags
,2CH,2ch_s36_9601,43,1,valid,0.9375334443738377,0.9964841646138496,0.1647814701095625,identity_without_rescale_tags
,2CH,2ch_s36_9601,44,1,valid,0.9388680773007063,1.0,0.16320740894501498,identity_without_rescale_tags
,2CH,2ch_s36_9601,45,1,valid,0.9424195237435771,1.0,0.1591501425025557,identity_without_rescale_tags
,2CH,2ch_s36_9601,46,1,valid,0.9172858436916564,1.0029150319799531,0.17596135054040715,identity_without_rescale_tags
,2CH,2ch_s36_9601,47,1,valid,0.9441533671885014,1.0,0.15695959390412817,identity_without_rescale_tags
,2CH,2ch_s36_9601,48,1,valid,0.9180095301104886,1.0,0.18621263325058623,identity_without_rescale_tags
,2CH,2ch_s36_9601,49,1,valid,0.8966573455027967,1.0,0.1964411454060238,identity_without_rescale_tags
,2CH,2ch_s37_9701,0,1,valid,0.9440421772618653,1.0516717325227964,0.1658078309431326,identity_without_rescale_tags
,2CH,2ch_s37_9701,1,1,valid,0.9355736754901038,1.0381471389645776,0.16579458440578715,identity_without_rescale_tags
,2CH,2ch_s37_9701,2,1,valid,0.9534316302636158,1.0265486725663717,0.14537889494422,identity_without_rescale_tags
,2CH,2ch_s37_9701,3,1,valid,0.9218834646696273,1.0148148148148148,0.17913781586360455,identity_without_rescale_tags
,2CH,2ch_s37_9701,4,1,valid,0.9159937055424343,1.0134797803295057,0.17477654009988722,identity_without_rescale_tags
,2CH,2ch_s37_9701,5,1,valid,0.9410933382487662,1.002824858757062,0.15629108988458043,identity_without_rescale_tags
,2CH,2ch_s37_9701,6,1,valid,0.9637910185147772,1.0024449877750612,0.1276852282649641,identity_without_rescale_tags
,2CH,2ch_s37_9701,7,1,valid,0.9485815639692213,1.0,0.13853805506997308,identity_without_rescale_tags
,2CH,2ch_s37_9701,8,1,valid,0.9472035556017651,1.0,0.14457735875381766,identity_without_rescale_tags
,2CH,2ch_s37_9701,9,1,valid,0.9641949500327726,0.9983471074380166,0.12502849660250825,identity_without_rescale_tags
,2CH,2ch_s37_9701,10,1,valid,0.9440842277105984,1.0,0.1473686518657269,identity_without_rescale_tags
,2CH,2ch_s37_9701,11,1,valid,0.9480825463643242,1.0,0.14597424434924786,identity_without_rescale_tags
,2CH,2ch_s37_9701,12,1,valid,0.9228058541517328,1.0,0.17747017725848926,identity_without_rescale_tags
,2CH,2ch_s37_9701,13,1,valid,0.9264756155137279,1.0,0.17460461687134723,identity_without_rescale_tags
,2CH,2ch_s37_9701,14,1,valid,0.8891508314183167,1.0,0.2080192587284887,identity_without_rescale_tags
,2CH,2ch_s37_9701,15,1,valid,0.8714823368283372,1.0035906642728905,0.22280605026752084,identity_without_rescale_tags
,2CH,2ch_s37_9701,16,1,valid,0.8847276598365924,0.9958095238095238,0.2165749931270569,identity_without_rescale_tags
,2CH,2ch_s37_9701,17,1,valid,0.8732875165564757,0.9958847736625515,0.23218674448982282,identity_without_rescale_tags
,2CH,2ch_s37_9701,18,1,valid,0.8583757006302238,0.9990662931839402,0.24030703857186175,identity_without_rescale_tags
,2CH,2ch_s37_9701,19,1,valid,0.8463302307186817,0.9987041036717063,0.2509460545797869,identity_without_rescale_tags
,2CH,2ch_s37_9701,20,1,valid,0.8636361820061268,0.998272884283247,0.24573046179288635,identity_without_rescale_tags
,2CH,2ch_s37_9701,21,1,valid,0.838578092739521,0.9989637305699481,0.2679836807623444,identity_without_rescale_tags
,2CH,2ch_s37_9701,22,1,valid,0.8716499486362068,0.999168744804655,0.2397548221097056,identity_without_rescale_tags
,2CH,2ch_s37_9701,23,1,valid,0.8716885083190334,0.9957081545064378,0.2365778349333899,identity_without_rescale_tags
,2CH,2ch_s37_9701,24,1,valid,0.8927395784108649,0.9971671388101983,0.22296751309492358,identity_without_rescale_tags
,2CH,2ch_s37_9701,25,1,valid,0.8909120733551579,0.9972033559728326,0.2181730931836649,identity_without_rescale_tags
,2CH,2ch_s37_9701,26,1,valid,0.91129643110646,1.0,0.19337846791191887,identity_without_rescale_tags
,2CH,2ch_s37_9701,27,1,valid,0.9435976004801508,0.9991596638655462,0.16000524136845096,identity_without_rescale_tags
,2CH,2ch_s37_9701,28,1,valid,0.9336299421870219,1.0,0.1729732148951769,identity_without_rescale_tags
,2CH,2ch_s37_9701,29,1,valid,0.9459663846488304,1.0,0.15546070604073797,identity_without_rescale_tags
,2CH,2ch_s37_9701,30,1,valid,0.9302960884736239,1.0030395136778116,0.16398252236629524,identity_without_rescale_tags
,2CH,2ch_s37_9701,31,1,valid,0.9441852947911092,1.0,0.15164987117368656,identity_without_rescale_tags
,2CH,2ch_s37_9701,32,1,valid,0.9196938176715075,1.0,0.17695518739646043,identity_without_rescale_tags
,2CH,2ch_s37_9701,33,1,valid,0.9024835098991012,1.0029940119760479,0.19409536909147315,identity_without_rescale_tags
,2CH,2ch_s37_9701,34,1,valid,0.9026733335316743,1.0,0.20114206398595097,identity_without_rescale_tags
,2CH,2ch_s37_9701,35,1,valid,0.9135599691377176,0.9970501474926253,0.19303671052063198,identity_without_rescale_tags
,2CH,2ch_s37_9701,36,1,valid,0.9164892696370318,0.9948849104859335,0.18862999028368155,identity_without_rescale_tags
,2CH,2ch_s37_9701,37,1,valid,0.9000258504001317,0.998019801980198,0.2019077675856739,identity_without_rescale_tags
,2CH,2ch_s37_9701,38,1,valid,0.9289832846729075,0.9907120743034056,0.17645838489740043,identity_without_rescale_tags
,2CH,2ch_s37_9701,39,1,valid,0.9233078258191133,0.9948717948717949,0.17575301331284474,identity_without_rescale_tags
,2CH,2ch_s37_9701,40,1,valid,0.9302153650951448,1.0,0.1641551586807819,identity_without_rescale_tags
,2CH,2ch_s37_9701,41,1,valid,0.9355821171466628,0.9929435483870968,0.1620405253626637,identity_without_rescale_tags
,2CH,2ch_s37_9701,42,1,valid,0.9608057382625921,0.99581589958159,0.12917974388379463,identity_without_rescale_tags
,2CH,2ch_s37_9701,43,1,valid,0.9496754181409816,0.9948892674616695,0.13731414097977962,identity_without_rescale_tags
,2CH,2ch_s37_9701,44,1,valid,0.9451760277076142,1.0,0.1455803799826189,identity_without_rescale_tags
,2CH,2ch_s37_9701,45,1,valid,0.9583745469714429,0.991869918699187,0.13157833832870183,identity_without_rescale_tags
,2CH,2ch_s37_9701,46,1,valid,0.9559960078989855,0.9985528219971056,0.13136411445419346,identity_without_rescale_tags
,2CH,2ch_s37_9701,47,1,valid,0.9544175459432875,0.9966703662597114,0.13251212953375494,identity_without_rescale_tags
,2CH,2ch_s37_9701,48,1,valid,0.9405036960106375,0.9963898916967509,0.1538046212228408,identity_without_rescale_tags
,2CH,2ch_s37_9701,49,1,valid,0.9560220650286677,0.9957698815566836,0.13335701588915802,identity_without_rescale_tags
,2CH,2ch_s38_9801,0,1,valid,0.9441328658180314,1.0578675347816482,0.15444591398944116,identity_without_rescale_tags
,2CH,2ch_s38_9801,1,1,valid,0.9589922030250235,1.0296647144082587,0.1299282374778401,identity_without_rescale_tags
,2CH,2ch_s38_9801,2,1,valid,0.943602900493608,1.0215423613142245,0.14439215739406808,identity_without_rescale_tags
,2CH,2ch_s38_9801,3,1,valid,0.9471481328178836,1.0189334193671735,0.14117155490730765,identity_without_rescale_tags
,2CH,2ch_s38_9801,4,1,valid,0.946907107520215,1.0089285714285714,0.14476326869482153,identity_without_rescale_tags
,2CH,2ch_s38_9801,5,1,valid,0.9657167861103376,1.0018416206261511,0.1128892961437793,identity_without_rescale_tags
,2CH,2ch_s38_9801,6,1,valid,0.9428167341107795,1.0011455294826221,0.13628559292436618,identity_without_rescale_tags
,2CH,2ch_s38_9801,7,1,valid,0.9611011130619376,1.0058479532163742,0.12460358897820259,identity_without_rescale_tags
,2CH,2ch_s38_9801,8,1,valid,0.9480687257934743,1.0045146956911664,0.1443630937412735,identity_without_rescale_tags
,2CH,2ch_s38_9801,9,1,valid,0.9474835104100231,1.0018354238487193,0.15030802099227789,identity_without_rescale_tags
,2CH,2ch_s38_9801,10,1,valid,0.9291547254485807,1.0,0.16932586222003745,identity_without_rescale_tags
,2CH,2ch_s38_9801,11,1,valid,0.9203083374725733,1.0016260334566298,0.17141640770553293,identity_without_rescale_tags
,2CH,2ch_s38_9801,12,1,valid,0.9472245339241159,1.0,0.1441822145722352,identity_without_rescale_tags
,2CH,2ch_s38_9801,13,1,valid,0.9411208523929219,1.0,0.14836206781327366,identity_without_rescale_tags
,2CH,2ch_s38_9801,14,1,valid,0.9639987322156084,1.001259974800504,0.11763726048662641,identity_without_rescale_tags
,2CH,2ch_s38_9801,15,1,valid,0.9586478535832733,1.0,0.12684031609165528,identity_without_rescale_tags
,2CH,2ch_s38_9801,16,1,valid,0.9733622983600522,0.9976735081224245,0.10601913483214839,identity_without_rescale_tags
,2CH,2ch_s38_9801,17,1,valid,0.9459215311263941,1.0,0.13404349007721106,identity_without_rescale_tags
,2CH,2ch_s38_9801,18,1,valid,0.9462032573098346,1.0,0.1398817700776269,identity_without_rescale_tags
,2CH,2ch_s38_9801,19,1,valid,0.9478987484781258,0.994132027936712,0.1398956877640554,identity_without_rescale_tags
,2CH,2ch_s38_9801,20,1,valid,0.9320760276564806,1.0,0.1628162364539043,identity_without_rescale_tags
,2CH,2ch_s38_9801,21,1,valid,0.9120911528354212,0.9987878716642595,0.177573272253583,identity_without_rescale_tags
,2CH,2ch_s38_9801,22,1,valid,0.9191991948780528,0.9983818727858758,0.17819791050711528,identity_without_rescale_tags
,2CH,2ch_s38_9801,23,1,valid,0.9446825212343325,0.9915966386554622,0.14863933166750537,identity_without_rescale_tags
,2CH,2ch_s38_9801,24,1,valid,0.9273231682254464,0.9951147916567229,0.16286916725972195,identity_without_rescale_tags
,2CH,2ch_s38_9801,25,1,valid,0.9596142907241489,1.0,0.1276656681750474,identity_without_rescale_tags
,2CH,2ch_s38_9801,26,1,valid,0.9602199518651521,1.0,0.12867896143010535,identity_without_rescale_tags
,2CH,2ch_s38_9801,27,1,valid,0.9645328486454632,1.0,0.12766099006607273,identity_without_rescale_tags
,2CH,2ch_s38_9801,28,1,valid,0.9325548145055612,0.9990024935174516,0.1651960563414906,identity_without_rescale_tags
,2CH,2ch_s38_9801,29,1,valid,0.9186834313130383,1.001587337581351,0.17167864771384428,identity_without_rescale_tags
,2CH,2ch_s38_9801,30,1,valid,0.9320597016272922,0.9980118577075099,0.16273651451845464,identity_without_rescale_tags
,2CH,2ch_s38_9801,31,1,valid,0.9223823464624843,1.0,0.17558918183586816,identity_without_rescale_tags
,2CH,2ch_s38_9801,32,1,valid,0.9318790809846054,0.9991311902693311,0.1625743095818197,identity_without_rescale_tags
,2CH,2ch_s38_9801,33,1,valid,0.9244608951341347,1.0,0.1664793442924843,identity_without_rescale_tags
,2CH,2ch_s38_9801,34,1,valid,0.9574776163774518,0.9960159362549801,0.13032496521120548,identity_without_rescale_tags
,2CH,2ch_s38_9801,35,1,valid,0.9399854210323715,0.9945698078169343,0.14843631389832213,identity_without_rescale_tags
,2CH,2ch_s38_9801,36,1,valid,0.9454246993188427,1.0,0.13707802343212808,identity_without_rescale_tags
,2CH,2ch_s38_9801,37,1,valid,0.958680198780377,0.9942775276299631,0.12534536851533687,identity_without_rescale_tags
,2CH,2ch_s38_9801,38,1,valid,0.9705932446206817,0.9978723307937112,0.10847928602033126,identity_without_rescale_tags
,2CH,2ch_s38_9801,39,1,valid,0.9545678088498246,1.0,0.124134809734625,identity_without_rescale_tags
,2CH,2ch_s38_9801,40,1,valid,0.9573408780073598,0.9994451940666844,0.1292646050563863,identity_without_rescale_tags
,2CH,2ch_s38_9801,41,1,valid,0.9658534606994766,0.9953508022125936,0.1162274361239106,identity_without_rescale_tags
,2CH,2ch_s38_9801,42,1,valid,0.9333217840998599,0.9987373556209197,0.15208602054272524,identity_without_rescale_tags
,2CH,2ch_s38_9801,43,1,valid,0.951437023785399,0.9982394311626883,0.13429814646180865,identity_without_rescale_tags
,2CH,2ch_s38_9801,44,1,valid,0.9533375107302815,0.9960474308300395,0.13513954513835333,identity_without_rescale_tags
,2CH,2ch_s38_9801,45,1,valid,0.970411767713196,0.9959404600811907,0.1076248428362009,identity_without_rescale_tags
,2CH,2ch_s38_9801,46,1,valid,0.9430242893941866,0.997272725018781,0.14015154883763206,identity_without_rescale_tags
,2CH,2ch_s38_9801,47,1,valid,0.9529670870438158,0.9995399832625005,0.13609163469113522,identity_without_rescale_tags
,2CH,2ch_s38_9801,48,1,valid,0.9428012369918328,0.9980842841571768,0.15013174513157615,identity_without_rescale_tags
,2CH,2ch_s38_9801,49,1,valid,0.9424129563723999,0.9998704998704999,0.1558534993890372,identity_without_rescale_tags
,2CH,2ch_s39_9901,0,1,valid,0.9459247514652119,1.0533333333333332,0.15309518887951754,identity_without_rescale_tags
,2CH,2ch_s39_9901,1,1,valid,0.9681886919971402,1.0364963503649636,0.12189820228640648,identity_without_rescale_tags
,2CH,2ch_s39_9901,2,1,valid,0.9519831148440699,1.0224719101123596,0.1401091471975423,identity_without_rescale_tags
,2CH,2ch_s39_9901,3,1,valid,0.9684691541701458,1.0154525386313467,0.11004901941456226,identity_without_rescale_tags
,2CH,2ch_s39_9901,4,1,valid,0.9451082281441929,1.011764705882353,0.13417483194699661,identity_without_rescale_tags
,2CH,2ch_s39_9901,5,1,valid,0.9479420407035622,1.0077841203943954,0.13936354491437616,identity_without_rescale_tags
,2CH,2ch_s39_9901,6,1,valid,0.9450638554558234,1.002288329519451,0.1412748684691423,identity_without_rescale_tags
,2CH,2ch_s39_9901,7,1,valid,0.9469339879110391,1.0,0.14233456809999764,identity_without_rescale_tags
,2CH,2ch_s39_9901,8,1,valid,0.9327287121477735,1.0,0.15551499129736931,identity_without_rescale_tags
,2CH,2ch_s39_9901,9,1,valid,0.9275263164910594,1.0,0.16567406892226733,identity_without_rescale_tags
,2CH,2ch_s39_9901,10,1,valid,0.9408415675628714,1.0,0.15238608973364254,identity_without_rescale_tags
,2CH,2ch_s39_9901,11,1,valid,0.9101803521742583,1.0,0.18481567657308848,identity_without_rescale_tags
,2CH,2ch_s39_9901,12,1,valid,0.9297580858590225,1.0,0.16229587033509477,identity_without_rescale_tags
,2CH,2ch_s39_9901,13,1,valid,0.9271776335330469,0.9953051643192489,0.17125165465759018,identity_without_rescale_tags
,2CH,2ch_s39_9901,14,1,valid,0.9443394438210233,0.9973190348525469,0.15068073942344676,identity_without_rescale_tags
,2CH,2ch_s39_9901,15,1,valid,0.9341658929100384,0.998003992015968,0.15817835067328484,identity_without_rescale_tags
,2CH,2ch_s39_9901,16,1,valid,0.9524267763867971,1.0,0.14036668905115088,identity_without_rescale_tags
,2CH,2ch_s39_9901,17,1,valid,0.9558881555870619,0.9972144846796658,0.13695613472428292,identity_without_rescale_tags
,2CH,2ch_s39_9901,18,1,valid,0.9468974215120851,1.0,0.15151004207969548,identity_without_rescale_tags
,2CH,2ch_s39_9901,19,1,valid,0.953416413467654,1.0,0.14505936963829463,identity_without_rescale_tags
,2CH,2ch_s39_9901,20,1,valid,0.9388616705353262,1.0,0.1557857099512729,identity_without_rescale_tags
,2CH,2ch_s39_9901,21,1,valid,0.9551072090450304,1.0,0.1373567633722662,identity_without_rescale_tags
,2CH,2ch_s39_9901,22,1,valid,0.9268770629579627,0.998389694041868,0.1704565627709885,identity_without_rescale_tags
,2CH,2ch_s39_9901,23,1,valid,0.9284351755128863,1.0,0.17407328869722374,identity_without_rescale_tags
,2CH,2ch_s39_9901,24,1,valid,0.930753404102149,0.9953198127925117,0.16804954881503054,identity_without_rescale_tags
,2CH,2ch_s39_9901,25,1,valid,0.9558342737221102,0.998289136013687,0.13767157229026816,identity_without_rescale_tags
,2CH,2ch_s39_9901,26,1,valid,0.9526561922456593,0.9991474850809889,0.13703169488740333,identity_without_rescale_tags
,2CH,2ch_s39_9901,27,1,valid,0.9507901928645537,1.0,0.13544426707533463,identity_without_rescale_tags
,2CH,2ch_s39_9901,28,1,valid,0.9662863608506204,0.993006993006993,0.11679895435446876,identity_without_rescale_tags
,2CH,2ch_s39_9901,29,1,valid,0.964070307276766,0.9967213114754099,0.11761591821520835,identity_without_rescale_tags
,2CH,2ch_s39_9901,30,1,valid,0.9690856709857775,1.0,0.10959716661244083,identity_without_rescale_tags
,2CH,2ch_s39_9901,31,1,valid,0.9525039233343672,0.9979070740895772,0.13460308069791083,identity_without_rescale_tags
,2CH,2ch_s39_9901,32,1,valid,0.9658848349391054,0.996996996996997,0.11591501410873943,identity_without_rescale_tags
,2CH,2ch_s39_9901,33,1,valid,0.9350212143009401,0.9966329966329966,0.15357513546911805,identity_without_rescale_tags
,2CH,2ch_s39_9901,34,1,valid,0.9454833441673135,1.0,0.139974979237066,identity_without_rescale_tags
,2CH,2ch_s39_9901,35,1,valid,0.9292401512262783,0.9945288753799392,0.16550144958510607,identity_without_rescale_tags
,2CH,2ch_s39_9901,36,1,valid,0.9427895918481874,0.995850622406639,0.15259621795267483,identity_without_rescale_tags
,2CH,2ch_s39_9901,37,1,valid,0.9289691832218365,0.9933444259567388,0.1611540895176236,identity_without_rescale_tags
,2CH,2ch_s39_9901,38,1,valid,0.9522382681344034,0.9974424552429667,0.13609714470756534,identity_without_rescale_tags
,2CH,2ch_s39_9901,39,1,valid,0.9496580239512327,0.9950980392156863,0.14439929692091713,identity_without_rescale_tags
,2CH,2ch_s39_9901,40,1,valid,0.9471005516914445,0.9977973568281938,0.15033760955729633,identity_without_rescale_tags
,2CH,2ch_s39_9901,41,1,valid,0.9239024012016623,0.9963302752293578,0.1780455328868888,identity_without_rescale_tags
,2CH,2ch_s39_9901,42,1,valid,0.9080006606339794,1.0,0.19359033467976117,identity_without_rescale_tags
,2CH,2ch_s39_9901,43,1,valid,0.9081922747758482,1.0,0.1955909806128273,identity_without_rescale_tags
,2CH,2ch_s39_9901,44,1,valid,0.8935464562497474,1.0,0.20713537343387914,identity_without_rescale_tags
,2CH,2ch_s39_9901,45,1,valid,0.9130416005089523,1.0,0.18562215990791833,identity_without_rescale_tags
,2CH,2ch_s39_9901,46,1,valid,0.914631802820319,0.9975111996017919,0.182381585392879,identity_without_rescale_tags
,2CH,2ch_s39_9901,47,1,valid,0.9431901339352042,0.9955156950672646,0.14723257377444413,identity_without_rescale_tags
,2CH,2ch_s39_9901,48,1,valid,0.9322212608885828,0.9969666329625885,0.15698479347914263,identity_without_rescale_tags
,2CH,2ch_s39_9901,49,1,valid,0.9410753088247484,0.9961389961389961,0.14641797043018492,identity_without_rescale_tags
,2CH,2ch_s3_6301,0,1,valid,0.9007950812973842,1.0376277366823485,0.2210232586521221,identity_without_rescale_tags
,2CH,2ch_s3_6301,1,1,valid,0.8730530794575241,1.0258686296121347,0.23522190416746785,identity_without_rescale_tags
,2CH,2ch_s3_6301,2,1,valid,0.8901325098810947,1.0185185185185186,0.22468078569603134,identity_without_rescale_tags
,2CH,2ch_s3_6301,3,1,valid,0.8874750058930783,1.0103092783505154,0.22654891520630968,identity_without_rescale_tags
,2CH,2ch_s3_6301,4,1,valid,0.8797976331368462,1.0036289207488105,0.23634314646077365,identity_without_rescale_tags
,2CH,2ch_s3_6301,5,1,valid,0.8751804762380708,1.0063694267515924,0.23681804298463466,identity_without_rescale_tags
,2CH,2ch_s3_6301,6,1,valid,0.9046849814802701,1.012117659597144,0.21483119308753182,identity_without_rescale_tags
,2CH,2ch_s3_6301,7,1,valid,0.9237241058322533,1.0041152263374487,0.19330614081027936,identity_without_rescale_tags
,2CH,2ch_s3_6301,8,1,valid,0.929892710650344,1.0033927081235072,0.18731743767228778,identity_without_rescale_tags
,2CH,2ch_s3_6301,9,1,valid,0.9336819727635158,1.001733435476845,0.17848489866243314,identity_without_rescale_tags
,2CH,2ch_s3_6301,10,1,valid,0.9414158775514162,1.0026109660574412,0.17314984317567914,identity_without_rescale_tags
,2CH,2ch_s3_6301,11,1,valid,0.946221918915525,1.0,0.16750950849266585,identity_without_rescale_tags
,2CH,2ch_s3_6301,12,1,valid,0.932684843655426,0.9985206291265365,0.18358276182679636,identity_without_rescale_tags
,2CH,2ch_s3_6301,13,1,valid,0.9282498947678489,1.0,0.19157148032867555,identity_without_rescale_tags
,2CH,2ch_s3_6301,14,1,valid,0.9152229140210608,1.0,0.2120240829534911,identity_without_rescale_tags
,2CH,2ch_s3_6301,15,1,valid,0.9001361035376655,1.0,0.2225486909466729,identity_without_rescale_tags
,2CH,2ch_s3_6301,16,1,valid,0.8765456104600735,1.0,0.24378810563612893,identity_without_rescale_tags
,2CH,2ch_s3_6301,17,1,valid,0.875980231857538,1.0,0.252525601159824,identity_without_rescale_tags
,2CH,2ch_s3_6301,18,1,valid,0.8737241598627339,1.0,0.2565979305898526,identity_without_rescale_tags
,2CH,2ch_s3_6301,19,1,valid,0.8788634227091676,0.998181764085543,0.24363813818143595,identity_without_rescale_tags
,2CH,2ch_s3_6301,20,1,valid,0.8781793990692986,0.9915966386554622,0.24407731819192074,identity_without_rescale_tags
,2CH,2ch_s3_6301,21,1,valid,0.8917457240548504,1.0,0.23147932260516835,identity_without_rescale_tags
,2CH,2ch_s3_6301,22,1,valid,0.8933330416176454,1.0,0.23207908321497495,identity_without_rescale_tags
,2CH,2ch_s3_6301,23,1,valid,0.9027441209168765,0.9951644055352125,0.21898316337734267,identity_without_rescale_tags
,2CH,2ch_s3_6301,24,1,valid,0.902418937308283,0.9944852754827919,0.21859888650718612,identity_without_rescale_tags
,2CH,2ch_s3_6301,25,1,valid,0.9214111617278742,1.0,0.19973260978795257,identity_without_rescale_tags
,2CH,2ch_s3_6301,26,1,valid,0.9268948245634194,1.0,0.19552610267383397,identity_without_rescale_tags
,2CH,2ch_s3_6301,27,1,valid,0.9380288563063409,0.9904761904761905,0.1780886657627958,identity_without_rescale_tags
,2CH,2ch_s3_6301,28,1,valid,0.9287214509843743,0.9933031960337162,0.17810262857792855,identity_without_rescale_tags
,2CH,2ch_s3_6301,29,1,valid,0.9455625958821171,1.0,0.16251891692906414,identity_without_rescale_tags
,2CH,2ch_s3_6301,30,1,valid,0.9419696462127298,0.998868776832959,0.1706978719032753,identity_without_rescale_tags
,2CH,2ch_s3_6301,31,1,valid,0.9461168617854532,0.992656047749173,0.16441001539566355,identity_without_rescale_tags
,2CH,2ch_s3_6301,32,1,valid,0.924272839797396,0.9951557093425606,0.17997012976443155,identity_without_rescale_tags
,2CH,2ch_s3_6301,33,1,valid,0.937478458291106,1.0,0.17733039177523321,identity_without_rescale_tags
,2CH,2ch_s3_6301,34,1,valid,0.9315660083841885,1.0,0.18629155174183668,identity_without_rescale_tags
,2CH,2ch_s3_6301,35,1,valid,0.9302068206768442,0.9927565380624249,0.18471492347267246,identity_without_rescale_tags
,2CH,2ch_s3_6301,36,1,valid,0.9041249188180581,1.0,0.201593472774965,identity_without_rescale_tags
,2CH,2ch_s3_6301,37,1,valid,0.9205878732692652,1.0,0.19528900997168894,identity_without_rescale_tags
,2CH,2ch_s3_6301,38,1,valid,0.9205242732117261,1.0,0.19749239847750816,identity_without_rescale_tags
,2CH,2ch_s3_6301,39,1,valid,0.9302847404292175,0.9941249747667823,0.18229334390324034,identity_without_rescale_tags
,2CH,2ch_s3_6301,40,1,valid,0.9184751076164778,1.0,0.18335663783245235,identity_without_rescale_tags
,2CH,2ch_s3_6301,41,1,valid,0.943797808556379,1.0,0.16827177202088955,identity_without_rescale_tags
,2CH,2ch_s3_6301,42,1,valid,0.949309668211351,1.0,0.15850565085802118,identity_without_rescale_tags
,2CH,2ch_s3_6301,43,1,valid,0.9513082686084543,1.0,0.1565340047323074,identity_without_rescale_tags
,2CH,2ch_s3_6301,44,1,valid,0.9338342361633695,1.0,0.1775639175960185,identity_without_rescale_tags
,2CH,2ch_s3_6301,45,1,valid,0.9333567683344233,1.0,0.18672429837738896,identity_without_rescale_tags
,2CH,2ch_s3_6301,46,1,valid,0.9256936165095512,1.0,0.19938326523125222,identity_without_rescale_tags
,2CH,2ch_s3_6301,47,1,valid,0.9186183573609512,0.9934390357642501,0.20489336293469523,identity_without_rescale_tags
,2CH,2ch_s3_6301,48,1,valid,0.9040088781495705,0.9963635882788533,0.2172531043183606,identity_without_rescale_tags
,2CH,2ch_s3_6301,49,1,valid,0.8909128813717504,1.0,0.2364220759952399,identity_without_rescale_tags
,2CH,2ch_s40_10001,0,1,valid,0.9516245105970139,1.0569395017793595,0.14851257035051704,identity_without_rescale_tags
,2CH,2ch_s40_10001,1,1,valid,0.9348452291095692,1.0299212598425196,0.1684532545375972,identity_without_rescale_tags
,2CH,2ch_s40_10001,2,1,valid,0.9430996177544642,1.0190930787589498,0.15526898352225607,identity_without_rescale_tags
,2CH,2ch_s40_10001,3,1,valid,0.9147743800486162,1.0108639420589758,0.17945878332281986,identity_without_rescale_tags
,2CH,2ch_s40_10001,4,1,valid,0.9118197272952873,1.0085470085470085,0.1830221926636645,identity_without_rescale_tags
,2CH,2ch_s40_10001,5,1,valid,0.9205972274169841,1.0,0.18165608217182078,identity_without_rescale_tags
,2CH,2ch_s40_10001,6,1,valid,0.8987361038964505,1.002309468822171,0.20214872733251416,identity_without_rescale_tags
,2CH,2ch_s40_10001,7,1,valid,0.926173914615186,1.0,0.17359702677150515,identity_without_rescale_tags
,2CH,2ch_s40_10001,8,1,valid,0.9347551537064599,1.0,0.16672003360324053,identity_without_rescale_tags
,2CH,2ch_s40_10001,9,1,valid,0.9627639344553713,0.9969604863221885,0.13275568873295243,identity_without_rescale_tags
,2CH,2ch_s40_10001,10,1,valid,0.9365073092516955,1.0,0.15539819051169712,identity_without_rescale_tags
,2CH,2ch_s40_10001,11,1,valid,0.9524003188590737,1.0033898305084745,0.14188959242985105,identity_without_rescale_tags
,2CH,2ch_s40_10001,12,1,valid,0.9399129917154349,1.0,0.15831091928288274,identity_without_rescale_tags
,2CH,2ch_s40_10001,13,1,valid,0.9141594014141322,1.0,0.18526636203664235,identity_without_rescale_tags
,2CH,2ch_s40_10001,14,1,valid,0.9198691403820671,1.0,0.18668350804635375,identity_without_rescale_tags
,2CH,2ch_s40_10001,15,1,valid,0.9081752947341255,1.0,0.19603401437294968,identity_without_rescale_tags
,2CH,2ch_s40_10001,16,1,valid,0.9402801474756501,0.9976190476190476,0.1586580491283066,identity_without_rescale_tags
,2CH,2ch_s40_10001,17,1,valid,0.9327171310393578,0.9976517946997652,0.1630490458543727,identity_without_rescale_tags
,2CH,2ch_s40_10001,18,1,valid,0.9467048057465279,1.0,0.14711952730495434,identity_without_rescale_tags
,2CH,2ch_s40_10001,19,1,valid,0.9494888098238157,0.9973142345568488,0.13930589931267612,identity_without_rescale_tags
,2CH,2ch_s40_10001,20,1,valid,0.9380493576585291,1.0033898305084745,0.1450322457265204,identity_without_rescale_tags
,2CH,2ch_s40_10001,21,1,valid,0.9712379744813008,1.0,0.11187137973152812,identity_without_rescale_tags
,2CH,2ch_s40_10001,22,1,valid,0.9453496302087729,1.0,0.14598676170322197,identity_without_rescale_tags
,2CH,2ch_s40_10001,23,1,valid,0.9575030585379786,1.0,0.13059043510240165,identity_without_rescale_tags
,2CH,2ch_s40_10001,24,1,valid,0.9341232738068019,1.0,0.15377789406984563,identity_without_rescale_tags
,2CH,2ch_s40_10001,25,1,valid,0.9417502195778338,0.9971014492753624,0.15135441864158983,identity_without_rescale_tags
,2CH,2ch_s40_10001,26,1,valid,0.9625180720746537,0.9940119760479041,0.12076753600957559,identity_without_rescale_tags
,2CH,2ch_s40_10001,27,1,valid,0.9395298410426965,0.9929676511954993,0.14160427097259068,identity_without_rescale_tags
,2CH,2ch_s40_10001,28,1,valid,0.9683456296471966,1.0,0.12050500887358219,identity_without_rescale_tags
,2CH,2ch_s40_10001,29,1,valid,0.9426161620080551,1.0,0.15313182889026378,identity_without_rescale_tags
,2CH,2ch_s40_10001,30,1,valid,0.9466983607161131,1.0,0.15191722937235158,identity_without_rescale_tags
,2CH,2ch_s40_10001,31,1,valid,0.9228810414629983,0.9985401459854014,0.17875798902067053,identity_without_rescale_tags
,2CH,2ch_s40_10001,32,1,valid,0.935215109917676,1.0,0.16639330187886214,identity_without_rescale_tags
,2CH,2ch_s40_10001,33,1,valid,0.947089211050644,0.9970326409495549,0.14888309286505005,identity_without_rescale_tags
,2CH,2ch_s40_10001,34,1,valid,0.9392333217601232,0.9971870604781997,0.1524519618981128,identity_without_rescale_tags
,2CH,2ch_s40_10001,35,1,valid,0.9637918703941235,1.0,0.12620099670539217,identity_without_rescale_tags
,2CH,2ch_s40_10001,36,1,valid,0.9534400423271633,0.9983844911147012,0.13360550427620563,identity_without_rescale_tags
,2CH,2ch_s40_10001,37,1,valid,0.9754668755020157,0.9977628635346756,0.10396682523615135,identity_without_rescale_tags
,2CH,2ch_s40_10001,38,1,valid,0.945908140544927,1.0,0.136082442084103,identity_without_rescale_tags
,2CH,2ch_s40_10001,39,1,valid,0.9521566348156553,0.9992641648270787,0.13523948401477087,identity_without_rescale_tags
,2CH,2ch_s40_10001,40,1,valid,0.9493167788202254,0.9952861952861953,0.14339946197589612,identity_without_rescale_tags
,2CH,2ch_s40_10001,41,1,valid,0.9469630491775746,0.9961089494163424,0.14674605567035243,identity_without_rescale_tags
,2CH,2ch_s40_10001,42,1,valid,0.9514031098369496,0.9970674486803519,0.13901039592483616,identity_without_rescale_tags
,2CH,2ch_s40_10001,43,1,valid,0.9526852025902881,0.9961340206185567,0.13773226509499376,identity_without_rescale_tags
,2CH,2ch_s40_10001,44,1,valid,0.9749944613344914,0.9943820224719101,0.10496887221642197,identity_without_rescale_tags
,2CH,2ch_s40_10001,45,1,valid,0.9264709224805279,0.9967213114754099,0.16374298394410497,identity_without_rescale_tags
,2CH,2ch_s40_10001,46,1,valid,0.9367110214068065,1.0015220700152208,0.1596631147443347,identity_without_rescale_tags
,2CH,2ch_s40_10001,47,1,valid,0.9156388018084018,1.0,0.18465132429206962,identity_without_rescale_tags
,2CH,2ch_s40_10001,48,1,valid,0.9285322682466705,1.0,0.16852815549108408,identity_without_rescale_tags
,2CH,2ch_s40_10001,49,1,valid,0.9214109677534899,1.0,0.17448481907249636,identity_without_rescale_tags
,2CH,2ch_s41_10101,0,1,valid,0.8493950887437657,1.0646519551453735,0.2777606464718117,identity_without_rescale_tags
,2CH,2ch_s41_10101,1,1,valid,0.8655793143086653,1.045045045045045,0.2640731879601119,identity_without_rescale_tags
,2CH,2ch_s41_10101,2,1,valid,0.8756541244440545,1.0283222791233753,0.24215079308282295,identity_without_rescale_tags
,2CH,2ch_s41_10101,3,1,valid,0.9003274735778846,1.020175236606634,0.21172513361029843,identity_without_rescale_tags
,2CH,2ch_s41_10101,4,1,valid,0.9154593393242523,1.0187583780160858,0.1975287301536761,identity_without_rescale_tags
,2CH,2ch_s41_10101,5,1,valid,0.9051558608777178,1.0099173824667234,0.20347701860618805,identity_without_rescale_tags
,2CH,2ch_s41_10101,6,1,valid,0.9339279514871849,1.0053368936359592,0.1624594969112915,identity_without_rescale_tags
,2CH,2ch_s41_10101,7,1,valid,0.9200808993816397,1.0126582278481013,0.17908686875740173,identity_without_rescale_tags
,2CH,2ch_s41_10101,8,1,valid,0.9495437963608604,1.0087829498369039,0.14977162880410214,identity_without_rescale_tags
,2CH,2ch_s41_10101,9,1,valid,0.9263203316638539,1.0,0.1689742768938774,identity_without_rescale_tags
,2CH,2ch_s41_10101,10,1,valid,0.9528962799378466,1.000447888755104,0.13327791713966694,identity_without_rescale_tags
,2CH,2ch_s41_10101,11,1,valid,0.9343396282520819,1.0,0.15533676029688487,identity_without_rescale_tags
,2CH,2ch_s41_10101,12,1,valid,0.9492660124143604,1.0,0.14600255930491043,identity_without_rescale_tags
,2CH,2ch_s41_10101,13,1,valid,0.9406546555378072,0.9982237786506396,0.1533332021623801,identity_without_rescale_tags
,2CH,2ch_s41_10101,14,1,valid,0.9435063051395216,1.0,0.1487476381037465,identity_without_rescale_tags
,2CH,2ch_s41_10101,15,1,valid,0.9397178511829091,1.0,0.15471419979809614,identity_without_rescale_tags
,2CH,2ch_s41_10101,16,1,valid,0.9304939450589373,1.0,0.16973243932931878,identity_without_rescale_tags
,2CH,2ch_s41_10101,17,1,valid,0.9447202232195352,0.9991042129670489,0.1518402160785363,identity_without_rescale_tags
,2CH,2ch_s41_10101,18,1,valid,0.9141739353940972,1.0,0.1814830010582381,identity_without_rescale_tags
,2CH,2ch_s41_10101,19,1,valid,0.9351662661214413,1.00402955185105,0.16352171809647198,identity_without_rescale_tags
,2CH,2ch_s41_10101,20,1,valid,0.9100521103596025,0.9990229546005617,0.19489704847510467,identity_without_rescale_tags
,2CH,2ch_s41_10101,21,1,valid,0.9153475474961752,0.9973821969596022,0.18921948786248258,identity_without_rescale_tags
,2CH,2ch_s41_10101,22,1,valid,0.8937104466358928,1.0,0.20654947411419833,identity_without_rescale_tags
,2CH,2ch_s41_10101,23,1,valid,0.8994874303272392,1.0,0.20579964817683655,identity_without_rescale_tags
,2CH,2ch_s41_10101,24,1,valid,0.8932933772607511,0.9950062413324448,0.21330392923765118,identity_without_rescale_tags
,2CH,2ch_s41_10101,25,1,valid,0.8736906748732376,0.9995291892679092,0.23478841298496336,identity_without_rescale_tags
,2CH,2ch_s41_10101,26,1,valid,0.8750311030662986,1.0,0.22985465162634944,identity_without_rescale_tags
,2CH,2ch_s41_10101,27,1,valid,0.8690119593519526,0.9968051118210862,0.2401535421844565,identity_without_rescale_tags
,2CH,2ch_s41_10101,28,1,valid,0.895895405128425,0.9918749968261706,0.21781991470567819,identity_without_rescale_tags
,2CH,2ch_s41_10101,29,1,valid,0.8811910800180928,0.9909056447722104,0.22776583296448596,identity_without_rescale_tags
,2CH,2ch_s41_10101,30,1,valid,0.9167749381556529,1.0,0.1893299402001578,identity_without_rescale_tags
,2CH,2ch_s41_10101,31,1,valid,0.9213837731119658,0.9908256880733946,0.18755961982356525,identity_without_rescale_tags
,2CH,2ch_s41_10101,32,1,valid,0.9357897871249864,0.9939393939393939,0.1632821480901022,identity_without_rescale_tags
,2CH,2ch_s41_10101,33,1,valid,0.9268302214792885,0.992449659115622,0.16836663047898615,identity_without_rescale_tags
,2CH,2ch_s41_10101,34,1,valid,0.940743656200441,0.9957597088433294,0.14918856456945262,identity_without_rescale_tags
,2CH,2ch_s41_10101,35,1,valid,0.9532694307216101,0.9918200066912011,0.13335694431596823,identity_without_rescale_tags
,2CH,2ch_s41_10101,36,1,valid,0.9265951076618028,0.9944077217223193,0.15733323923656523,identity_without_rescale_tags
,2CH,2ch_s41_10101,37,1,valid,0.9450231387385829,0.998457557453011,0.14470723158518395,identity_without_rescale_tags
,2CH,2ch_s41_10101,38,1,valid,0.9371530282882091,1.0,0.1482160142674958,identity_without_rescale_tags
,2CH,2ch_s41_10101,39,1,valid,0.955520542980209,0.99568320470626,0.12508702509109607,identity_without_rescale_tags
,2CH,2ch_s41_10101,40,1,valid,0.9231406340617705,0.9956709956709957,0.16414589226115053,identity_without_rescale_tags
,2CH,2ch_s41_10101,41,1,valid,0.9427351417807165,1.0,0.1516881274768338,identity_without_rescale_tags
,2CH,2ch_s41_10101,42,1,valid,0.9246832576518685,0.9974137911814738,0.17081550083914596,identity_without_rescale_tags
,2CH,2ch_s41_10101,43,1,valid,0.9311605622597514,0.9964179091710079,0.16515297578658902,identity_without_rescale_tags
,2CH,2ch_s41_10101,44,1,valid,0.9093262286240303,0.997624703087886,0.19144545860972498,identity_without_rescale_tags
,2CH,2ch_s41_10101,45,1,valid,0.9079272631721007,1.0,0.19723676446130983,identity_without_rescale_tags
,2CH,2ch_s41_10101,46,1,valid,0.8958388504762885,0.9956709956709957,0.2114278089019324,identity_without_rescale_tags
,2CH,2ch_s41_10101,47,1,valid,0.8993800071618354,0.9920529661908972,0.20792953955501706,identity_without_rescale_tags
,2CH,2ch_s41_10101,48,1,valid,0.8811939711044721,0.9973118085313948,0.22622150600158408,identity_without_rescale_tags
,2CH,2ch_s41_10101,49,1,valid,0.8648381287246522,1.0,0.24970675985596824,identity_without_rescale_tags
,2CH,2ch_s42_10201,0,1,valid,0.9345881744288299,1.0695481656868544,0.17579989456699954,identity_without_rescale_tags
,2CH,2ch_s42_10201,1,1,valid,0.9624769742071836,1.0407918563108698,0.13033170038165226,identity_without_rescale_tags
,2CH,2ch_s42_10201,2,1,valid,0.9365643252460027,1.033932135728543,0.158213958843826,identity_without_rescale_tags
,2CH,2ch_s42_10201,3,1,valid,0.9570325304927644,1.0253164556962024,0.1385549364096884,identity_without_rescale_tags
,2CH,2ch_s42_10201,4,1,valid,0.9338986576148025,1.012117874783073,0.16655467152852266,identity_without_rescale_tags
,2CH,2ch_s42_10201,5,1,valid,0.9486533549907864,1.0061412551543798,0.1484881721600465,identity_without_rescale_tags
,2CH,2ch_s42_10201,6,1,valid,0.9258088612902625,1.0056179775280898,0.17071668306626925,identity_without_rescale_tags
,2CH,2ch_s42_10201,7,1,valid,0.9330888685051694,1.0030518946273614,0.1673695219223308,identity_without_rescale_tags
,2CH,2ch_s42_10201,8,1,valid,0.9263286829012622,1.0,0.17510999380872613,identity_without_rescale_tags
,2CH,2ch_s42_10201,9,1,valid,0.9332896597481767,1.0,0.1689234349539228,identity_without_rescale_tags
,2CH,2ch_s42_10201,10,1,valid,0.9365357868950238,1.0,0.1639092702398431,identity_without_rescale_tags
,2CH,2ch_s42_10201,11,1,valid,0.9482144085687784,1.0,0.14930879076693773,identity_without_rescale_tags
,2CH,2ch_s42_10201,12,1,valid,0.962416300927694,1.0,0.13077276415774447,identity_without_rescale_tags
,2CH,2ch_s42_10201,13,1,valid,0.9237806785308312,1.0,0.1796723395998854,identity_without_rescale_tags
,2CH,2ch_s42_10201,14,1,valid,0.9328709283785471,1.002247191011236,0.17208477915246304,identity_without_rescale_tags
,2CH,2ch_s42_10201,15,1,valid,0.9098253728346613,1.0,0.19731700239062877,identity_without_rescale_tags
,2CH,2ch_s42_10201,16,1,valid,0.9220191248796282,1.0,0.18266136463609473,identity_without_rescale_tags
,2CH,2ch_s42_10201,17,1,valid,0.897015110842264,1.0,0.2113588639339867,identity_without_rescale_tags
,2CH,2ch_s42_10201,18,1,valid,0.8834576546927924,1.0013514130484409,0.22728926195483332,identity_without_rescale_tags
,2CH,2ch_s42_10201,19,1,valid,0.8741695203514369,1.0,0.23906740592734488,identity_without_rescale_tags
,2CH,2ch_s42_10201,20,1,valid,0.876023452426175,1.0,0.2344614274656435,identity_without_rescale_tags
,2CH,2ch_s42_10201,21,1,valid,0.8813256930090047,1.0,0.23208543022430597,identity_without_rescale_tags
,2CH,2ch_s42_10201,22,1,valid,0.8711136500553921,1.0,0.24085372596250545,identity_without_rescale_tags
,2CH,2ch_s42_10201,23,1,valid,0.9075879468117072,0.9973661025023182,0.20088060760222956,identity_without_rescale_tags
,2CH,2ch_s42_10201,24,1,valid,0.907723551172716,1.0,0.19886914296416638,identity_without_rescale_tags
,2CH,2ch_s42_10201,25,1,valid,0.9152356217037761,1.0,0.19298838701130988,identity_without_rescale_tags
,2CH,2ch_s42_10201,26,1,valid,0.9139143564502296,0.9980617012070614,0.19076402668567466,identity_without_rescale_tags
,2CH,2ch_s42_10201,27,1,valid,0.9439855428167601,0.9983713311847637,0.15366495852655648,identity_without_rescale_tags
,2CH,2ch_s42_10201,28,1,valid,0.9508287207968114,1.0,0.14460918542556542,identity_without_rescale_tags
,2CH,2ch_s42_10201,29,1,valid,0.9339956815166244,0.9971933743784935,0.16067687948120107,identity_without_rescale_tags
,2CH,2ch_s42_10201,30,1,valid,0.9678257376884968,0.9961807750279574,0.11670947579452522,identity_without_rescale_tags
,2CH,2ch_s42_10201,31,1,valid,0.9452176542208524,0.998462325395906,0.14343832901305903,identity_without_rescale_tags
,2CH,2ch_s42_10201,32,1,valid,0.964206341264294,1.0,0.12230959774681788,identity_without_rescale_tags
,2CH,2ch_s42_10201,33,1,valid,0.9393367035916541,0.9919354838709677,0.15609216112155067,identity_without_rescale_tags
,2CH,2ch_s42_10201,34,1,valid,0.95138056318469,0.9970149253731343,0.14075152713926753,identity_without_rescale_tags
,2CH,2ch_s42_10201,35,1,valid,0.9323738841336511,0.9955318855031796,0.16070984328505533,identity_without_rescale_tags
,2CH,2ch_s42_10201,36,1,valid,0.9260079628185087,0.9968152543232416,0.1748453416125579,identity_without_rescale_tags
,2CH,2ch_s42_10201,37,1,valid,0.9354136127745291,0.9934640522875817,0.16458741222270767,identity_without_rescale_tags
,2CH,2ch_s42_10201,38,1,valid,0.905809741621772,1.0,0.1939425429576926,identity_without_rescale_tags
,2CH,2ch_s42_10201,39,1,valid,0.9201682468166066,0.9995024815280797,0.1823177080240459,identity_without_rescale_tags
,2CH,2ch_s42_10201,40,1,valid,0.8932357780102662,0.9964804216680911,0.21378080731426927,identity_without_rescale_tags
,2CH,2ch_s42_10201,41,1,valid,0.911429741420054,0.9875592373399763,0.19759420593653793,identity_without_rescale_tags
,2CH,2ch_s42_10201,42,1,valid,0.9096949948911254,0.9913825965414871,0.19491019168769175,identity_without_rescale_tags
,2CH,2ch_s42_10201,43,1,valid,0.9336591142466711,0.9921875,0.17048996692475796,identity_without_rescale_tags
,2CH,2ch_s42_10201,44,1,valid,0.9445393838492968,0.9912792947928366,0.15727478790362137,identity_without_rescale_tags
,2CH,2ch_s42_10201,45,1,valid,0.9232842901999772,0.9909433910677913,0.1825260506564694,identity_without_rescale_tags
,2CH,2ch_s42_10201,46,1,valid,0.9323288006720654,1.0021097140313788,0.17580680360028583,identity_without_rescale_tags
,2CH,2ch_s42_10201,47,1,valid,0.9157700647717292,0.995912798953142,0.18919863828988875,identity_without_rescale_tags
,2CH,2ch_s42_10201,48,1,valid,0.9457978615530253,0.992375869004162,0.15098107275024086,identity_without_rescale_tags
,2CH,2ch_s42_10201,49,1,valid,0.9364771390527573,0.9898091229944233,0.15931562720658396,identity_without_rescale_tags
,2CH,2ch_s43_10301,0,1,valid,0.9443557704331735,1.0678264234834023,0.16740756067269202,identity_without_rescale_tags
,2CH,2ch_s43_10301,1,1,valid,0.95615607049395,1.042093626505794,0.14726659257566865,identity_without_rescale_tags
,2CH,2ch_s43_10301,2,1,valid,0.9400845710011974,1.0319389937805532,0.1634788714356238,identity_without_rescale_tags
,2CH,2ch_s43_10301,3,1,valid,0.9383274749584614,1.0217391304347827,0.16759295403571126,identity_without_rescale_tags
,2CH,2ch_s43_10301,4,1,valid,0.9457922051266713,1.0114119512674695,0.15311911404809658,identity_without_rescale_tags
,2CH,2ch_s43_10301,5,1,valid,0.9221278028278346,1.006578947368421,0.18256904461849205,identity_without_rescale_tags
,2CH,2ch_s43_10301,6,1,valid,0.9411843123736681,1.0124763425057675,0.16354865079188116,identity_without_rescale_tags
,2CH,2ch_s43_10301,7,1,valid,0.9330279213001492,1.0008193595770076,0.1735862014600049,identity_without_rescale_tags
,2CH,2ch_s43_10301,8,1,valid,0.9563281041217421,1.0,0.14209842794403788,identity_without_rescale_tags
,2CH,2ch_s43_10301,9,1,valid,0.9478496085556106,1.0,0.15231336724538488,identity_without_rescale_tags
,2CH,2ch_s43_10301,10,1,valid,0.956340965427873,1.0,0.14569062845708514,identity_without_rescale_tags
,2CH,2ch_s43_10301,11,1,valid,0.9496128283581547,1.0,0.15619416567683328,identity_without_rescale_tags
,2CH,2ch_s43_10301,12,1,valid,0.9244855796378696,1.0,0.18672147822187563,identity_without_rescale_tags
,2CH,2ch_s43_10301,13,1,valid,0.9232569608817114,1.0,0.18958189014244867,identity_without_rescale_tags
,2CH,2ch_s43_10301,14,1,valid,0.9081537576101372,1.0,0.2041553789490227,identity_without_rescale_tags
,2CH,2ch_s43_10301,15,1,valid,0.9186200211966619,1.0,0.19269351529098874,identity_without_rescale_tags
,2CH,2ch_s43_10301,16,1,valid,0.8941279107097055,1.0,0.2254093558569528,identity_without_rescale_tags
,2CH,2ch_s43_10301,17,1,valid,0.8874751707923374,1.001388891568078,0.234549803014542,identity_without_rescale_tags
,2CH,2ch_s43_10301,18,1,valid,0.8743802782419102,1.0,0.24246376109830126,identity_without_rescale_tags
,2CH,2ch_s43_10301,19,1,valid,0.8984929347010754,0.9968847352024922,0.2171849857193084,identity_without_rescale_tags
,2CH,2ch_s43_10301,20,1,valid,0.9022270833535845,1.0,0.21439915574517776,identity_without_rescale_tags
,2CH,2ch_s43_10301,21,1,valid,0.8935548944354264,1.0,0.21899977669522383,identity_without_rescale_tags
,2CH,2ch_s43_10301,22,1,valid,0.9297730082368384,1.0,0.17257586946068793,identity_without_rescale_tags
,2CH,2ch_s43_10301,23,1,valid,0.9318769460473765,1.0032051611312576,0.171793947900592,identity_without_rescale_tags
,2CH,2ch_s43_10301,24,1,valid,0.9542172654448069,1.0,0.14517906021800328,identity_without_rescale_tags
,2CH,2ch_s43_10301,25,1,valid,0.9455383013375894,1.0,0.14812174818690754,identity_without_rescale_tags
,2CH,2ch_s43_10301,26,1,valid,0.9683502624858051,1.0,0.11689765338973788,identity_without_rescale_tags
,2CH,2ch_s43_10301,27,1,valid,0.9590227138288716,0.9993442611672323,0.12767271473808806,identity_without_rescale_tags
,2CH,2ch_s43_10301,28,1,valid,0.9500571609250837,0.9988564800769931,0.1448771146384005,identity_without_rescale_tags
,2CH,2ch_s43_10301,29,1,valid,0.9671801817571739,0.9957264957264957,0.12127250620410651,identity_without_rescale_tags
,2CH,2ch_s43_10301,30,1,valid,0.936882501067029,1.0,0.15591322307277555,identity_without_rescale_tags
,2CH,2ch_s43_10301,31,1,valid,0.9552260842898536,0.997757009032336,0.13828124442988204,identity_without_rescale_tags
,2CH,2ch_s43_10301,32,1,valid,0.9493014635656866,0.9962932448407453,0.14408113393747596,identity_without_rescale_tags
,2CH,2ch_s43_10301,33,1,valid,0.9647396805629268,0.9938608429824745,0.12304223196911113,identity_without_rescale_tags
,2CH,2ch_s43_10301,34,1,valid,0.9551508719224632,0.993103448275862,0.14474781239173165,identity_without_rescale_tags
,2CH,2ch_s43_10301,35,1,valid,0.9471546493798849,0.9933251751315436,0.14851209213647695,identity_without_rescale_tags
,2CH,2ch_s43_10301,36,1,valid,0.9768618105794229,0.9940692415716752,0.1020713332438064,identity_without_rescale_tags
,2CH,2ch_s43_10301,37,1,valid,0.9539240746937405,0.991947389467086,0.13291827520890906,identity_without_rescale_tags
,2CH,2ch_s43_10301,38,1,valid,0.9474602518941712,0.9926356271497749,0.14452636050505016,identity_without_rescale_tags
,2CH,2ch_s43_10301,39,1,valid,0.9524099253950309,0.9952380952380953,0.13785001582001985,identity_without_rescale_tags
,2CH,2ch_s43_10301,40,1,valid,0.9561371135221761,1.0,0.13349727350033785,identity_without_rescale_tags
,2CH,2ch_s43_10301,41,1,valid,0.9659036233018485,0.9973103819257665,0.12091224375501652,identity_without_rescale_tags
,2CH,2ch_s43_10301,42,1,valid,0.9514943014237116,0.9938650306748467,0.13396729310118619,identity_without_rescale_tags
,2CH,2ch_s43_10301,43,1,valid,0.9718699129303174,0.9927536231884058,0.10928830782289253,identity_without_rescale_tags
,2CH,2ch_s43_10301,44,1,valid,0.9654881192991351,0.997068880590176,0.11687357849789186,identity_without_rescale_tags
,2CH,2ch_s43_10301,45,1,valid,0.9527120537116303,0.9974883270744282,0.13907021206074194,identity_without_rescale_tags
,2CH,2ch_s43_10301,46,1,valid,0.9715049304922933,0.9995918334027216,0.11665622490285833,identity_without_rescale_tags
,2CH,2ch_s43_10301,47,1,valid,0.9463669162910415,0.9970674486803519,0.1493295224528566,identity_without_rescale_tags
,2CH,2ch_s43_10301,48,1,valid,0.9318794326708624,1.0,0.17178945313964694,identity_without_rescale_tags
,2CH,2ch_s43_10301,49,1,valid,0.9396000396430934,0.9926184126484414,0.1624225639485182,identity_without_rescale_tags
,2CH,2ch_s44_10401,0,1,valid,0.9433844246861801,1.0629139072847682,0.16930151907612923,identity_without_rescale_tags
,2CH,2ch_s44_10401,1,1,valid,0.9667684118839865,1.0436255823803473,0.12837965736672174,identity_without_rescale_tags
,2CH,2ch_s44_10401,2,1,valid,0.9500174578353551,1.0331491712707181,0.1484302437608177,identity_without_rescale_tags
,2CH,2ch_s44_10401,3,1,valid,0.947921689372478,1.0223404255319148,0.15198024106250485,identity_without_rescale_tags
,2CH,2ch_s44_10401,4,1,valid,0.9413525550560825,1.0114942528735633,0.15934953767212148,identity_without_rescale_tags
,2CH,2ch_s44_10401,5,1,valid,0.9392103286513218,1.0087912087912088,0.16566759240637013,identity_without_rescale_tags
,2CH,2ch_s44_10401,6,1,valid,0.9385662341223062,1.0084033613445378,0.16722451443372538,identity_without_rescale_tags
,2CH,2ch_s44_10401,7,1,valid,0.9265322909190031,1.0021598272138228,0.18118748655819483,identity_without_rescale_tags
,2CH,2ch_s44_10401,8,1,valid,0.9525711712465521,1.0,0.1447257435918128,identity_without_rescale_tags
,2CH,2ch_s44_10401,9,1,valid,0.9416391759908397,1.0,0.1583283440121619,identity_without_rescale_tags
,2CH,2ch_s44_10401,10,1,valid,0.9613371353335722,1.0,0.1375072243788221,identity_without_rescale_tags
,2CH,2ch_s44_10401,11,1,valid,0.9499419034946684,1.0,0.1500997468648866,identity_without_rescale_tags
,2CH,2ch_s44_10401,12,1,valid,0.956962663756314,1.0,0.1419179524181939,identity_without_rescale_tags
,2CH,2ch_s44_10401,13,1,valid,0.9413540380878445,1.0,0.1642822260699498,identity_without_rescale_tags
,2CH,2ch_s44_10401,14,1,valid,0.9226323084296422,1.0012340600575895,0.18784653731179618,identity_without_rescale_tags
,2CH,2ch_s44_10401,15,1,valid,0.9258142707216573,1.0,0.18083399000513864,identity_without_rescale_tags
,2CH,2ch_s44_10401,16,1,valid,0.9064059985833938,1.0,0.20521560097931127,identity_without_rescale_tags
,2CH,2ch_s44_10401,17,1,valid,0.9176736014737165,1.0,0.19415577422199226,identity_without_rescale_tags
,2CH,2ch_s44_10401,18,1,valid,0.9127749263340986,1.0,0.19279575153121226,identity_without_rescale_tags
,2CH,2ch_s44_10401,19,1,valid,0.9472770160945634,1.0,0.14916703060525757,identity_without_rescale_tags
,2CH,2ch_s44_10401,20,1,valid,0.9397779740856427,1.0,0.1569215927930665,identity_without_rescale_tags
,2CH,2ch_s44_10401,21,1,valid,0.9494401019360358,1.0,0.14511166189788438,identity_without_rescale_tags
,2CH,2ch_s44_10401,22,1,valid,0.9508286836838287,1.0,0.13735813812181577,identity_without_rescale_tags
,2CH,2ch_s44_10401,23,1,valid,0.975155119121308,1.0,0.10385645352128388,identity_without_rescale_tags
,2CH,2ch_s44_10401,24,1,valid,0.9653591085821734,1.0008833922261484,0.11329217132215948,identity_without_rescale_tags
,2CH,2ch_s44_10401,25,1,valid,0.9570905030017662,0.9973333333333333,0.126886232088873,identity_without_rescale_tags
,2CH,2ch_s44_10401,26,1,valid,0.9751027644244673,0.998766954377312,0.10572865476355983,identity_without_rescale_tags
,2CH,2ch_s44_10401,27,1,valid,0.9647492223680033,0.9965156794425087,0.11980725766858041,identity_without_rescale_tags
,2CH,2ch_s44_10401,28,1,valid,0.9679992405716195,0.9994900560938297,0.1184951074958384,identity_without_rescale_tags
,2CH,2ch_s44_10401,29,1,valid,0.9576782993538645,0.9948979591836735,0.12864633033506964,identity_without_rescale_tags
,2CH,2ch_s44_10401,30,1,valid,0.9794663881651947,0.9929577464788732,0.09845874931560564,identity_without_rescale_tags
,2CH,2ch_s44_10401,31,1,valid,0.9452876620924936,0.9945945945945946,0.15213806123316667,identity_without_rescale_tags
,2CH,2ch_s44_10401,32,1,valid,0.945721990073588,0.997289972899729,0.15991034353840106,identity_without_rescale_tags
,2CH,2ch_s44_10401,33,1,valid,0.9185266096572725,0.9967637540453075,0.18995387097625854,identity_without_rescale_tags
,2CH,2ch_s44_10401,34,1,valid,0.9375654559982155,0.9954128440366973,0.16455145772745983,identity_without_rescale_tags
,2CH,2ch_s44_10401,35,1,valid,0.9241719935259592,0.9955022488755623,0.18188602453237548,identity_without_rescale_tags
,2CH,2ch_s44_10401,36,1,valid,0.9303436349291276,0.996415770609319,0.17580038434382628,identity_without_rescale_tags
,2CH,2ch_s44_10401,37,1,valid,0.9370520106643117,0.995284729778745,0.1596978315870036,identity_without_rescale_tags
,2CH,2ch_s44_10401,38,1,valid,0.9600048793298062,0.9972815533980582,0.13014560179177717,identity_without_rescale_tags
,2CH,2ch_s44_10401,39,1,valid,0.9558318791518902,0.9962825278810409,0.13503186057558636,identity_without_rescale_tags
,2CH,2ch_s44_10401,40,1,valid,0.9525292558550548,0.9979101358411703,0.13635048131013272,identity_without_rescale_tags
,2CH,2ch_s44_10401,41,1,valid,0.9785891763904007,0.9948186528497409,0.09757439394953081,identity_without_rescale_tags
,2CH,2ch_s44_10401,42,1,valid,0.9614890034815384,1.0,0.12043232344330213,identity_without_rescale_tags
,2CH,2ch_s44_10401,43,1,valid,0.9642798629283402,1.0,0.12073553967148212,identity_without_rescale_tags
,2CH,2ch_s44_10401,44,1,valid,0.9452072501296953,0.9983844911147012,0.14959740318351095,identity_without_rescale_tags
,2CH,2ch_s44_10401,45,1,valid,0.9648072524216355,0.9942907334211682,0.12554565663762493,identity_without_rescale_tags
,2CH,2ch_s44_10401,46,1,valid,0.9414939993680806,0.9968186638388123,0.15483074096946015,identity_without_rescale_tags
,2CH,2ch_s44_10401,47,1,valid,0.9461685609516453,0.9976771196283392,0.15100846852560784,identity_without_rescale_tags
,2CH,2ch_s44_10401,48,1,valid,0.9273288956087529,0.995260663507109,0.17859828317055843,identity_without_rescale_tags
,2CH,2ch_s44_10401,49,1,valid,0.9347276239180003,0.9937369519832986,0.1715070162676461,identity_without_rescale_tags
,2CH,2ch_s45_10501,0,1,valid,0.922507152333379,1.0506172839506174,0.20905564627417475,identity_without_rescale_tags
,2CH,2ch_s45_10501,1,1,valid,0.9242260932528138,1.0317460317460319,0.19649117282921086,identity_without_rescale_tags
,2CH,2ch_s45_10501,2,1,valid,0.9349024178753631,1.0258302583025831,0.18137614526181467,identity_without_rescale_tags
,2CH,2ch_s45_10501,3,1,valid,0.9623902789141624,1.0122735242548218,0.1381973807593579,identity_without_rescale_tags
,2CH,2ch_s45_10501,4,1,valid,0.9537200405854842,1.0132689987937273,0.14367785565322594,identity_without_rescale_tags
,2CH,2ch_s45_10501,5,1,valid,0.9669465634500098,1.0124843945068664,0.12106151061493392,identity_without_rescale_tags
,2CH,2ch_s45_10501,6,1,valid,0.9551343347776503,1.0060362173038229,0.14092574095802196,identity_without_rescale_tags
,2CH,2ch_s45_10501,7,1,valid,0.9688002409918727,1.005,0.12068367745940055,identity_without_rescale_tags
,2CH,2ch_s45_10501,8,1,valid,0.9556372838446332,1.0034364261168385,0.13883020806811416,identity_without_rescale_tags
,2CH,2ch_s45_10501,9,1,valid,0.9605907984543166,1.0016769144773616,0.13405075603399638,identity_without_rescale_tags
,2CH,2ch_s45_10501,10,1,valid,0.9538184220208608,1.0,0.14542454404110378,identity_without_rescale_tags
,2CH,2ch_s45_10501,11,1,valid,0.9552874249463225,1.0,0.1449257599864314,identity_without_rescale_tags
,2CH,2ch_s45_10501,12,1,valid,0.9599675523665799,1.0,0.13909325284066434,identity_without_rescale_tags
,2CH,2ch_s45_10501,13,1,valid,0.9557694196364953,1.0,0.1432086333241987,identity_without_rescale_tags
,2CH,2ch_s45_10501,14,1,valid,0.9695353112887036,0.9975308641975309,0.12404502588810874,identity_without_rescale_tags
,2CH,2ch_s45_10501,15,1,valid,0.9387766572442228,0.9975698663426489,0.17228080459359404,identity_without_rescale_tags
,2CH,2ch_s45_10501,16,1,valid,0.9382481799617897,1.0,0.17742261243280313,identity_without_rescale_tags
,2CH,2ch_s45_10501,17,1,valid,0.9176744790550224,1.0,0.20624990354694048,identity_without_rescale_tags
,2CH,2ch_s45_10501,18,1,valid,0.9138464011186188,1.0,0.2086569973379705,identity_without_rescale_tags
,2CH,2ch_s45_10501,19,1,valid,0.8914509905384996,1.0,0.23897165081640118,identity_without_rescale_tags
,2CH,2ch_s45_10501,20,1,valid,0.8756117451144632,1.0,0.26016735111505734,identity_without_rescale_tags
,2CH,2ch_s45_10501,21,1,valid,0.8738899565014001,0.9967637540453075,0.2585169788236142,identity_without_rescale_tags
,2CH,2ch_s45_10501,22,1,valid,0.88264724036471,1.0,0.24813645197476683,identity_without_rescale_tags
,2CH,2ch_s45_10501,23,1,valid,0.8937131798232055,0.9971671388101983,0.23590629128454857,identity_without_rescale_tags
,2CH,2ch_s45_10501,24,1,valid,0.8883400548173107,1.0,0.23516424588840273,identity_without_rescale_tags
,2CH,2ch_s45_10501,25,1,valid,0.9204535697801263,0.9992069785884219,0.19386717194668407,identity_without_rescale_tags
,2CH,2ch_s45_10501,26,1,valid,0.9220557607880023,1.0,0.19392204135577568,identity_without_rescale_tags
,2CH,2ch_s45_10501,27,1,valid,0.9261922396974568,1.0,0.18922277338018417,identity_without_rescale_tags
,2CH,2ch_s45_10501,28,1,valid,0.9331592180200506,1.0,0.17416613239787476,identity_without_rescale_tags
,2CH,2ch_s45_10501,29,1,valid,0.9566774988611251,1.0,0.14306554567859578,identity_without_rescale_tags
,2CH,2ch_s45_10501,30,1,valid,0.9596902915766167,1.0,0.13687943974369482,identity_without_rescale_tags
,2CH,2ch_s45_10501,31,1,valid,0.9503526585446948,0.9979529170931423,0.14715365272332215,identity_without_rescale_tags
,2CH,2ch_s45_10501,32,1,valid,0.9774924544024738,1.0,0.10228039754692338,identity_without_rescale_tags
,2CH,2ch_s45_10501,33,1,valid,0.9624930695266226,1.0,0.1251476761892119,identity_without_rescale_tags
,2CH,2ch_s45_10501,34,1,valid,0.9690018362824248,1.0,0.11644847174153847,identity_without_rescale_tags
,2CH,2ch_s45_10501,35,1,valid,0.9504639277859767,0.9982300884955753,0.14365727786010155,identity_without_rescale_tags
,2CH,2ch_s45_10501,36,1,valid,0.9697260785573362,0.9979227253842958,0.11375317234434837,identity_without_rescale_tags
,2CH,2ch_s45_10501,37,1,valid,0.9573790942168856,0.9964285714285714,0.12935270656439993,identity_without_rescale_tags
,2CH,2ch_s45_10501,38,1,valid,0.959854103807653,0.994413407821229,0.13071651663361514,identity_without_rescale_tags
,2CH,2ch_s45_10501,39,1,valid,0.9550651430202177,0.9953051643192489,0.13576987300604654,identity_without_rescale_tags
,2CH,2ch_s45_10501,40,1,valid,0.9589377825292704,0.9981785063752276,0.13182350201088858,identity_without_rescale_tags
,2CH,2ch_s45_10501,41,1,valid,0.9452664659415771,0.9966101694915255,0.1500358388762354,identity_without_rescale_tags
,2CH,2ch_s45_10501,42,1,valid,0.9422907924332956,0.9972468644845518,0.1571071467654931,identity_without_rescale_tags
,2CH,2ch_s45_10501,43,1,valid,0.9548169952391472,0.9929824561403509,0.14122458161327817,identity_without_rescale_tags
,2CH,2ch_s45_10501,44,1,valid,0.9349019319212354,0.9980353634577603,0.16757058193487692,identity_without_rescale_tags
,2CH,2ch_s45_10501,45,1,valid,0.9376874664850826,1.0,0.1668206419586017,identity_without_rescale_tags
,2CH,2ch_s45_10501,46,1,valid,0.9232706812148462,0.9962546816479401,0.18736416242228052,identity_without_rescale_tags
,2CH,2ch_s45_10501,47,1,valid,0.93176572443563,0.9946524064171123,0.17894913439691462,identity_without_rescale_tags
,2CH,2ch_s45_10501,48,1,valid,0.9166195629000276,0.9975903614457832,0.19626920857727043,identity_without_rescale_tags
,2CH,2ch_s45_10501,49,1,valid,0.9244588606150759,0.9966666666666667,0.18388922818089007,identity_without_rescale_tags
,2CH,2ch_s46_10601,0,1,valid,0.9491555652811514,1.045267489711934,0.16127687532341098,identity_without_rescale_tags
,2CH,2ch_s46_10601,1,1,valid,0.9424156430668237,1.0302532324575617,0.16267649787032576,identity_without_rescale_tags
,2CH,2ch_s46_10601,2,1,valid,0.9506058698732875,1.015167382923973,0.15321051997417676,identity_without_rescale_tags
,2CH,2ch_s46_10601,3,1,valid,0.9480252426465081,1.011764705882353,0.15486569913190562,identity_without_rescale_tags
,2CH,2ch_s46_10601,4,1,valid,0.9524102796474128,1.0049321899896613,0.149707693228593,identity_without_rescale_tags
,2CH,2ch_s46_10601,5,1,valid,0.9547017348009772,1.0033994345189945,0.14485333177884277,identity_without_rescale_tags
,2CH,2ch_s46_10601,6,1,valid,0.9778625984814422,1.0,0.10616938246032448,identity_without_rescale_tags
,2CH,2ch_s46_10601,7,1,valid,0.9526734302105283,1.0,0.14715301354227528,identity_without_rescale_tags
,2CH,2ch_s46_10601,8,1,valid,0.9488545890172685,1.0057142857142858,0.15764714610853423,identity_without_rescale_tags
,2CH,2ch_s46_10601,9,1,valid,0.9440288954560737,1.0,0.1658226265568757,identity_without_rescale_tags
,2CH,2ch_s46_10601,10,1,valid,0.9548122910702028,1.0,0.14314737207324366,identity_without_rescale_tags
,2CH,2ch_s46_10601,11,1,valid,0.9359825153036428,0.998763141147242,0.16801777547665817,identity_without_rescale_tags
,2CH,2ch_s46_10601,12,1,valid,0.9519796664226732,0.9990121141635022,0.148936411726766,identity_without_rescale_tags
,2CH,2ch_s46_10601,13,1,valid,0.9577194231596745,1.0,0.1359202198504978,identity_without_rescale_tags
,2CH,2ch_s46_10601,14,1,valid,0.9753966815046734,1.0,0.10540274925227508,identity_without_rescale_tags
,2CH,2ch_s46_10601,15,1,valid,0.9672475925112307,1.0,0.11507303826905568,identity_without_rescale_tags
,2CH,2ch_s46_10601,16,1,valid,0.9683565154323392,1.0,0.11553380596044631,identity_without_rescale_tags
,2CH,2ch_s46_10601,17,1,valid,0.9785737025351517,0.997855222332368,0.10187593223971612,identity_without_rescale_tags
,2CH,2ch_s46_10601,18,1,valid,0.9664040209860197,1.0,0.11872865384594261,identity_without_rescale_tags
,2CH,2ch_s46_10601,19,1,valid,0.9726490500630949,1.0,0.11391782405544422,identity_without_rescale_tags
,2CH,2ch_s46_10601,20,1,valid,0.9582589332490068,1.0,0.13756627322902973,identity_without_rescale_tags
,2CH,2ch_s46_10601,21,1,valid,0.9735070288595822,0.9983164935451415,0.1167180174242907,identity_without_rescale_tags
,2CH,2ch_s46_10601,22,1,valid,0.9595663580641678,0.9967297344370194,0.13271591451769654,identity_without_rescale_tags
,2CH,2ch_s46_10601,23,1,valid,0.9702299978596548,0.9973261840929402,0.11964823115959711,identity_without_rescale_tags
,2CH,2ch_s46_10601,24,1,valid,0.9648427448270573,0.9976733182985017,0.12988110903874198,identity_without_rescale_tags
,2CH,2ch_s46_10601,25,1,valid,0.9593424321251609,1.0,0.13815096266020588,identity_without_rescale_tags
,2CH,2ch_s46_10601,26,1,valid,0.9417273358313321,0.9941636771543456,0.16970241509716133,identity_without_rescale_tags
,2CH,2ch_s46_10601,27,1,valid,0.9240389433857171,1.0,0.1943272020982162,identity_without_rescale_tags
,2CH,2ch_s46_10601,28,1,valid,0.9224140972772141,0.9994821991915989,0.19225125734442136,identity_without_rescale_tags
,2CH,2ch_s46_10601,29,1,valid,0.9062007698836001,1.0,0.21308112128419884,identity_without_rescale_tags
,2CH,2ch_s46_10601,30,1,valid,0.9128179930370719,0.9975015605493134,0.2105693851215014,identity_without_rescale_tags
,2CH,2ch_s46_10601,31,1,valid,0.9095120439130348,1.0,0.20900548978609523,identity_without_rescale_tags
,2CH,2ch_s46_10601,32,1,valid,0.9333093504867653,1.0,0.1743683788078524,identity_without_rescale_tags
,2CH,2ch_s46_10601,33,1,valid,0.9317833441906365,1.0,0.1770272424447411,identity_without_rescale_tags
,2CH,2ch_s46_10601,34,1,valid,0.9388475312974823,1.0,0.16943158211438133,identity_without_rescale_tags
,2CH,2ch_s46_10601,35,1,valid,0.9520691118795914,1.0,0.14978301765418947,identity_without_rescale_tags
,2CH,2ch_s46_10601,36,1,valid,0.9611323566813385,1.0,0.13340088179104484,identity_without_rescale_tags
,2CH,2ch_s46_10601,37,1,valid,0.9722411131167398,1.0,0.11747087848583387,identity_without_rescale_tags
,2CH,2ch_s46_10601,38,1,valid,0.9572235581416985,1.0,0.13481242312411476,identity_without_rescale_tags
,2CH,2ch_s46_10601,39,1,valid,0.9806877353086006,1.0,0.0952211694387023,identity_without_rescale_tags
,2CH,2ch_s46_10601,40,1,valid,0.9623563790224462,1.0,0.12483884398135552,identity_without_rescale_tags
,2CH,2ch_s46_10601,41,1,valid,0.9657428580909012,1.0,0.12124223514975764,identity_without_rescale_tags
,2CH,2ch_s46_10601,42,1,valid,0.9481087954204284,1.0,0.14741009812958084,identity_without_rescale_tags
,2CH,2ch_s46_10601,43,1,valid,0.9567767455670014,1.0,0.1341330502120512,identity_without_rescale_tags
,2CH,2ch_s46_10601,44,1,valid,0.9429579731227471,0.998041134261924,0.15378670763388338,identity_without_rescale_tags
,2CH,2ch_s46_10601,45,1,valid,0.9356912908006148,0.9971791199172435,0.16256257401844132,identity_without_rescale_tags
,2CH,2ch_s46_10601,46,1,valid,0.9361188453688343,1.0,0.16646132344555004,identity_without_rescale_tags
,2CH,2ch_s46_10601,47,1,valid,0.9244635890283204,0.998542270954855,0.18232468904526794,identity_without_rescale_tags
,2CH,2ch_s46_10601,48,1,valid,0.9188278470511263,1.0,0.19073854667901288,identity_without_rescale_tags
,2CH,2ch_s46_10601,49,1,valid,0.9202666923324896,0.9964433893845609,0.18798283645149724,identity_without_rescale_tags
,2CH,2ch_s47_10701,0,1,valid,0.95302042687237,1.0593359175883448,0.17490727643714452,identity_without_rescale_tags
,2CH,2ch_s47_10701,1,1,valid,0.9585778889143144,1.0422535211267605,0.14923836702798934,identity_without_rescale_tags
,2CH,2ch_s47_10701,2,1,valid,0.9470306702976778,1.0136854628941323,0.1570863350240636,identity_without_rescale_tags
,2CH,2ch_s47_10701,3,1,valid,0.9633468778256126,1.0093457943925233,0.1286164128113428,identity_without_rescale_tags
,2CH,2ch_s47_10701,4,1,valid,0.975623712307298,1.0079734254471475,0.11078467796702295,identity_without_rescale_tags
,2CH,2ch_s47_10701,5,1,valid,0.9681345475797847,1.009009009009009,0.119515688397286,identity_without_rescale_tags
,2CH,2ch_s47_10701,6,1,valid,0.9618301479256087,1.005840373238129,0.134864542568061,identity_without_rescale_tags
,2CH,2ch_s47_10701,7,1,valid,0.9500190403635638,1.0093457943925233,0.15498732168863047,identity_without_rescale_tags
,2CH,2ch_s47_10701,8,1,valid,0.9525370815871753,1.0070850275010934,0.1481406064067009,identity_without_rescale_tags
,2CH,2ch_s47_10701,9,1,valid,0.9336175982293229,1.0,0.17589457247689097,identity_without_rescale_tags
,2CH,2ch_s47_10701,10,1,valid,0.9277305769024066,1.0022058835455685,0.1831896913399223,identity_without_rescale_tags
,2CH,2ch_s47_10701,11,1,valid,0.9227098514017427,1.0,0.1977484073254721,identity_without_rescale_tags
,2CH,2ch_s47_10701,12,1,valid,0.9144404142557927,1.0100502512562815,0.2025772418441389,identity_without_rescale_tags
,2CH,2ch_s47_10701,13,1,valid,0.9236791416817064,1.0,0.1899933810174272,identity_without_rescale_tags
,2CH,2ch_s47_10701,14,1,valid,0.9361989301784605,1.0,0.17565871966624,identity_without_rescale_tags
,2CH,2ch_s47_10701,15,1,valid,0.960328978923525,0.9972602739726028,0.13972086415770166,identity_without_rescale_tags
,2CH,2ch_s47_10701,16,1,valid,0.9558430333860198,0.9959839357429718,0.14585517625004196,identity_without_rescale_tags
,2CH,2ch_s47_10701,17,1,valid,0.9634805764718753,1.0,0.1394061675471257,identity_without_rescale_tags
,2CH,2ch_s47_10701,18,1,valid,0.9622152605320452,1.0,0.1449083928706769,identity_without_rescale_tags
,2CH,2ch_s47_10701,19,1,valid,0.9511928071343659,1.0,0.14971529777346812,identity_without_rescale_tags
,2CH,2ch_s47_10701,20,1,valid,0.9400863692615318,0.9964829818376729,0.16729171110754895,identity_without_rescale_tags
,2CH,2ch_s47_10701,21,1,valid,0.9424102168807087,1.0,0.16597303090884002,identity_without_rescale_tags
,2CH,2ch_s47_10701,22,1,valid,0.9636091514248224,0.9971379470217119,0.12686972175676892,identity_without_rescale_tags
,2CH,2ch_s47_10701,23,1,valid,0.960100052114695,0.9986072180246938,0.13350208381037626,identity_without_rescale_tags
,2CH,2ch_s47_10701,24,1,valid,0.96802619673257,1.0,0.1214581946633054,identity_without_rescale_tags
,2CH,2ch_s47_10701,25,1,valid,0.97265114776917,1.0,0.11857079857941476,identity_without_rescale_tags
,2CH,2ch_s47_10701,26,1,valid,0.9719198388202565,1.0,0.1184999265525689,identity_without_rescale_tags
,2CH,2ch_s47_10701,27,1,valid,0.965322574364689,0.9982866843771252,0.1308747847702655,identity_without_rescale_tags
,2CH,2ch_s47_10701,28,1,valid,0.9503224041287115,1.0,0.1521882280479028,identity_without_rescale_tags
,2CH,2ch_s47_10701,29,1,valid,0.9538593784749673,1.0,0.1459512573181661,identity_without_rescale_tags
,2CH,2ch_s47_10701,30,1,valid,0.9351889376416374,1.0,0.17414143864560225,identity_without_rescale_tags
,2CH,2ch_s47_10701,31,1,valid,0.9352345703249488,0.9985754956848882,0.17140545587418304,identity_without_rescale_tags
,2CH,2ch_s47_10701,32,1,valid,0.9451645886313782,1.0,0.1654371919124251,identity_without_rescale_tags
,2CH,2ch_s47_10701,33,1,valid,0.9586011473747862,1.0,0.1421069726882058,identity_without_rescale_tags
,2CH,2ch_s47_10701,34,1,valid,0.9604904401958276,0.9940535124941066,0.13657185281592202,identity_without_rescale_tags
,2CH,2ch_s47_10701,35,1,valid,0.966049411951632,0.9980391478367187,0.13149314854506775,identity_without_rescale_tags
,2CH,2ch_s47_10701,36,1,valid,0.9665724171009819,0.9953863837123913,0.13041046979449805,identity_without_rescale_tags
,2CH,2ch_s47_10701,37,1,valid,0.9385098742414326,0.9961722452986381,0.16731690849253664,identity_without_rescale_tags
,2CH,2ch_s47_10701,38,1,valid,0.9226734130339123,0.9956709956709957,0.1952693189807932,identity_without_rescale_tags
,2CH,2ch_s47_10701,39,1,valid,0.9102522934980244,1.0,0.21495435396100465,identity_without_rescale_tags
,2CH,2ch_s47_10701,40,1,valid,0.9147346433687213,0.9935706081569864,0.2042067115885564,identity_without_rescale_tags
,2CH,2ch_s47_10701,41,1,valid,0.9084336854456703,0.9901639344262295,0.21441723514910113,identity_without_rescale_tags
,2CH,2ch_s47_10701,42,1,valid,0.9142084446435271,0.9955357142857143,0.21203403222941444,identity_without_rescale_tags
,2CH,2ch_s47_10701,43,1,valid,0.9270571979668699,0.9940828402366864,0.19092514023859947,identity_without_rescale_tags
,2CH,2ch_s47_10701,44,1,valid,0.9382641076854896,0.9954086317722681,0.17362521282131332,identity_without_rescale_tags
,2CH,2ch_s47_10701,45,1,valid,0.9493956787947866,0.9952403606542521,0.16011474901286418,identity_without_rescale_tags
,2CH,2ch_s47_10701,46,1,valid,0.9487433257187359,1.0,0.15376979735518762,identity_without_rescale_tags
,2CH,2ch_s47_10701,47,1,valid,0.9704132430079029,0.9923664122137404,0.1201386385540841,identity_without_rescale_tags
,2CH,2ch_s47_10701,48,1,valid,0.96000977969072,0.995539030991297,0.13794746751123943,identity_without_rescale_tags
,2CH,2ch_s47_10701,49,1,valid,0.9594541465404219,1.0,0.13680543525706737,identity_without_rescale_tags
,2CH,2ch_s48_10801,0,1,valid,0.9358754877904187,1.052108053521838,0.18202487042287305,identity_without_rescale_tags
,2CH,2ch_s48_10801,1,1,valid,0.9478239957916502,1.0289086983773243,0.15545653132839315,identity_without_rescale_tags
,2CH,2ch_s48_10801,2,1,valid,0.9427683751767423,1.0170620738986866,0.16137019959041374,identity_without_rescale_tags
,2CH,2ch_s48_10801,3,1,valid,0.9353723853880739,1.0171428571428571,0.16917746939451664,identity_without_rescale_tags
,2CH,2ch_s48_10801,4,1,valid,0.9390684107647757,1.0086455331412103,0.16588224376664418,identity_without_rescale_tags
,2CH,2ch_s48_10801,5,1,valid,0.9271997535742548,1.0065821427056698,0.18042291341172537,identity_without_rescale_tags
,2CH,2ch_s48_10801,6,1,valid,0.939002334024761,1.0103537609433624,0.16775582215170146,identity_without_rescale_tags
,2CH,2ch_s48_10801,7,1,valid,0.9470900751837944,1.0029962698124133,0.16366025344263663,identity_without_rescale_tags
,2CH,2ch_s48_10801,8,1,valid,0.9670573191641497,1.0,0.130552147076534,identity_without_rescale_tags
,2CH,2ch_s48_10801,9,1,valid,0.9520000075818663,0.9964221710189451,0.15641725876989707,identity_without_rescale_tags
,2CH,2ch_s48_10801,10,1,valid,0.9420542233741925,1.0,0.1715424939024773,identity_without_rescale_tags
,2CH,2ch_s48_10801,11,1,valid,0.929781311893752,1.0,0.19279335562236116,identity_without_rescale_tags
,2CH,2ch_s48_10801,12,1,valid,0.9150394917776072,0.9981998068559651,0.1998079893520315,identity_without_rescale_tags
,2CH,2ch_s48_10801,13,1,valid,0.9216054351663859,0.9943036167409743,0.19152653325353577,identity_without_rescale_tags
,2CH,2ch_s48_10801,14,1,valid,0.930913857689844,1.0,0.18061028549789554,identity_without_rescale_tags
,2CH,2ch_s48_10801,15,1,valid,0.9551686696476602,0.997289972899729,0.14172252000965216,identity_without_rescale_tags
,2CH,2ch_s48_10801,16,1,valid,0.9547926217915436,1.0,0.14400708902958473,identity_without_rescale_tags
,2CH,2ch_s48_10801,17,1,valid,0.9602810846983512,1.0,0.13156446437075714,identity_without_rescale_tags
,2CH,2ch_s48_10801,18,1,valid,0.9696113799487834,1.0,0.12591386776004632,identity_without_rescale_tags
,2CH,2ch_s48_10801,19,1,valid,0.9737600765258166,1.0,0.11397342300434102,identity_without_rescale_tags
,2CH,2ch_s48_10801,20,1,valid,0.9698083851469623,1.0,0.12129173746328001,identity_without_rescale_tags
,2CH,2ch_s48_10801,21,1,valid,0.9561870334206424,1.0,0.1426891105794764,identity_without_rescale_tags
,2CH,2ch_s48_10801,22,1,valid,0.9598559251468056,1.0,0.13589474209371885,identity_without_rescale_tags
,2CH,2ch_s48_10801,23,1,valid,0.952600124333405,1.0,0.14456263091091667,identity_without_rescale_tags
,2CH,2ch_s48_10801,24,1,valid,0.9636497053728598,1.0,0.12499571407357032,identity_without_rescale_tags
,2CH,2ch_s48_10801,25,1,valid,0.9710638030182392,0.997681158641011,0.12293736859769855,identity_without_rescale_tags
,2CH,2ch_s48_10801,26,1,valid,0.9684358580370123,0.994475138121547,0.12452314547416203,identity_without_rescale_tags
,2CH,2ch_s48_10801,27,1,valid,0.946284930099131,0.9900990099009901,0.1606863146146561,identity_without_rescale_tags
,2CH,2ch_s48_10801,28,1,valid,0.9278220910356019,1.0,0.18983090767125635,identity_without_rescale_tags
,2CH,2ch_s48_10801,29,1,valid,0.9359456297596289,0.9978117742823625,0.17425238207420796,identity_without_rescale_tags
,2CH,2ch_s48_10801,30,1,valid,0.9397054861048493,0.9915373597517307,0.16775020918964212,identity_without_rescale_tags
,2CH,2ch_s48_10801,31,1,valid,0.9531742613794227,0.9984250562391335,0.1518208876640566,identity_without_rescale_tags
,2CH,2ch_s48_10801,32,1,valid,0.9577440343334839,1.0,0.14360617206172,identity_without_rescale_tags
,2CH,2ch_s48_10801,33,1,valid,0.9727410586286577,1.0,0.11565136076360055,identity_without_rescale_tags
,2CH,2ch_s48_10801,34,1,valid,0.9598104585259056,1.0,0.13913507800737168,identity_without_rescale_tags
,2CH,2ch_s48_10801,35,1,valid,0.9535789975024179,1.0,0.14127548624444833,identity_without_rescale_tags
,2CH,2ch_s48_10801,36,1,valid,0.9464112326736951,1.0,0.15548350301571243,identity_without_rescale_tags
,2CH,2ch_s48_10801,37,1,valid,0.934338441203233,1.0,0.16902964402216536,identity_without_rescale_tags
,2CH,2ch_s48_10801,38,1,valid,0.9260835920800108,1.0,0.18167378036186366,identity_without_rescale_tags
,2CH,2ch_s48_10801,39,1,valid,0.9321065764534411,1.0,0.17388308757242824,identity_without_rescale_tags
,2CH,2ch_s48_10801,40,1,valid,0.9609495235749519,0.9966450992561815,0.13390750551797667,identity_without_rescale_tags
,2CH,2ch_s48_10801,41,1,valid,0.9593298367812612,0.9900990099009901,0.14016221105200682,identity_without_rescale_tags
,2CH,2ch_s48_10801,42,1,valid,0.9475759734471076,1.0,0.16329073489780926,identity_without_rescale_tags
,2CH,2ch_s48_10801,43,1,valid,0.9344607795662998,1.0,0.18333712939316235,identity_without_rescale_tags
,2CH,2ch_s48_10801,44,1,valid,0.9272998951766546,0.9932534995550883,0.1856078792803859,identity_without_rescale_tags
,2CH,2ch_s48_10801,45,1,valid,0.894623359453515,0.9911844958639354,0.2271940725099487,identity_without_rescale_tags
,2CH,2ch_s48_10801,46,1,valid,0.8955648130999612,0.9955947136563876,0.23225095915768798,identity_without_rescale_tags
,2CH,2ch_s48_10801,47,1,valid,0.9083745989322387,0.9935117556673473,0.21294492291836425,identity_without_rescale_tags
,2CH,2ch_s48_10801,48,1,valid,0.9316554112927868,0.9950223979703079,0.18128471468271037,identity_without_rescale_tags
,2CH,2ch_s48_10801,49,1,valid,0.9399727058609708,0.9973297682709448,0.17151344362535692,identity_without_rescale_tags
,2CH,2ch_s49_10901,0,1,valid,0.9220546128252421,1.0353794545067654,0.20645147073385842,identity_without_rescale_tags
,2CH,2ch_s49_10901,1,1,valid,0.8954991522413401,1.0316952145147542,0.22321112489844736,identity_without_rescale_tags
,2CH,2ch_s49_10901,2,1,valid,0.9009088967969661,1.020955232392358,0.22369834915777967,identity_without_rescale_tags
,2CH,2ch_s49_10901,3,1,valid,0.90000093107292,1.0091074681238617,0.2210304640705878,identity_without_rescale_tags
,2CH,2ch_s49_10901,4,1,valid,0.917896527859038,1.0042050664567221,0.19800910488475032,identity_without_rescale_tags
,2CH,2ch_s49_10901,5,1,valid,0.9300893112934219,1.005519783880403,0.18753925354618053,identity_without_rescale_tags
,2CH,2ch_s49_10901,6,1,valid,0.9594618832672914,1.00168564467207,0.1416064050617122,identity_without_rescale_tags
,2CH,2ch_s49_10901,7,1,valid,0.9588703692648882,0.9992348729344642,0.14125866175458646,identity_without_rescale_tags
,2CH,2ch_s49_10901,8,1,valid,0.9479631383643815,1.0013513538191268,0.14850751338936793,identity_without_rescale_tags
,2CH,2ch_s49_10901,9,1,valid,0.9570303618309915,1.0,0.1475722709155136,identity_without_rescale_tags
,2CH,2ch_s49_10901,10,1,valid,0.9471378835357489,0.9980792901489226,0.14801254459038177,identity_without_rescale_tags
,2CH,2ch_s49_10901,11,1,valid,0.9332969729125422,0.994821334706444,0.1677868359981759,identity_without_rescale_tags
,2CH,2ch_s49_10901,12,1,valid,0.9187093966169817,1.0,0.18410846113661905,identity_without_rescale_tags
,2CH,2ch_s49_10901,13,1,valid,0.9428340436881937,1.0,0.15131388966777223,identity_without_rescale_tags
,2CH,2ch_s49_10901,14,1,valid,0.9441579144463058,1.0,0.14969912561387883,identity_without_rescale_tags
,2CH,2ch_s49_10901,15,1,valid,0.9494829877225096,1.0,0.14204739169073557,identity_without_rescale_tags
,2CH,2ch_s49_10901,16,1,valid,0.9635963419124256,1.0,0.13077809681805824,identity_without_rescale_tags
,2CH,2ch_s49_10901,17,1,valid,0.9749744758269054,1.0,0.11254981130091714,identity_without_rescale_tags
,2CH,2ch_s49_10901,18,1,valid,0.9680618930377435,1.0,0.12620792329250857,identity_without_rescale_tags
,2CH,2ch_s49_10901,19,1,valid,0.9468856946019603,1.0,0.15553056688458494,identity_without_rescale_tags
,2CH,2ch_s49_10901,20,1,valid,0.9509835445798388,1.0019737260701946,0.14876649251767865,identity_without_rescale_tags
,2CH,2ch_s49_10901,21,1,valid,0.937713856496289,1.0008628153389063,0.1697705282513141,identity_without_rescale_tags
,2CH,2ch_s49_10901,22,1,valid,0.9298738406086567,1.0,0.17381383713843007,identity_without_rescale_tags
,2CH,2ch_s49_10901,23,1,valid,0.9335352237003448,1.0019627104279825,0.17657557417925707,identity_without_rescale_tags
,2CH,2ch_s49_10901,24,1,valid,0.9469539982388804,1.0,0.15246631500586597,identity_without_rescale_tags
,2CH,2ch_s49_10901,25,1,valid,0.9590864597728854,0.994480216119597,0.13687484159101682,identity_without_rescale_tags
,2CH,2ch_s49_10901,26,1,valid,0.9547893999202739,1.0,0.13113891905803982,identity_without_rescale_tags
,2CH,2ch_s49_10901,27,1,valid,0.9763758960335,1.0,0.11300820528450817,identity_without_rescale_tags
,2CH,2ch_s49_10901,28,1,valid,0.958623122069474,0.9954641178139003,0.13614746888601112,identity_without_rescale_tags
,2CH,2ch_s49_10901,29,1,valid,0.9419135469988673,0.9917514714367638,0.16022533965335248,identity_without_rescale_tags
,2CH,2ch_s49_10901,30,1,valid,0.9304570688362447,1.0,0.1744482949861085,identity_without_rescale_tags
,2CH,2ch_s49_10901,31,1,valid,0.9438796906497572,0.994535519125683,0.1530205189178179,identity_without_rescale_tags
,2CH,2ch_s49_10901,32,1,valid,0.9331015190235553,0.9941520467836257,0.16927513054755022,identity_without_rescale_tags
,2CH,2ch_s49_10901,33,1,valid,0.928447281547171,0.997999991999968,0.17156347119249551,identity_without_rescale_tags
,2CH,2ch_s49_10901,34,1,valid,0.950312159562915,1.0,0.1500694474130567,identity_without_rescale_tags
,2CH,2ch_s49_10901,35,1,valid,0.962823706021239,0.9960104865132797,0.12426220382401845,identity_without_rescale_tags
,2CH,2ch_s49_10901,36,1,valid,0.9633831239871091,0.9989653319287968,0.12918750642808408,identity_without_rescale_tags
,2CH,2ch_s49_10901,37,1,valid,0.9574691035715014,1.0,0.13538079425814442,identity_without_rescale_tags
,2CH,2ch_s49_10901,38,1,valid,0.9771167767079627,1.0,0.10443718774727533,identity_without_rescale_tags
,2CH,2ch_s49_10901,39,1,valid,0.9714361815005904,1.0,0.1172851805507957,identity_without_rescale_tags
,2CH,2ch_s49_10901,40,1,valid,0.9662328694520286,1.0,0.12660521417923526,identity_without_rescale_tags
,2CH,2ch_s49_10901,41,1,valid,0.9539543593029052,1.0,0.1488677531747245,identity_without_rescale_tags
,2CH,2ch_s49_10901,42,1,valid,0.9614079286666457,1.0,0.13065701769067486,identity_without_rescale_tags
,2CH,2ch_s49_10901,43,1,valid,0.9611575033969363,0.9984744460994228,0.13361927760747988,identity_without_rescale_tags
,2CH,2ch_s49_10901,44,1,valid,0.9518248993078184,1.0,0.12837020007601257,identity_without_rescale_tags
,2CH,2ch_s49_10901,45,1,valid,0.9778869150475743,1.0,0.10309372466364919,identity_without_rescale_tags
,2CH,2ch_s49_10901,46,1,valid,0.9753461855010644,0.9980401721498956,0.10477165523881544,identity_without_rescale_tags
,2CH,2ch_s49_10901,47,1,valid,0.9604853068565032,0.9928229254305386,0.133386720468578,identity_without_rescale_tags
,2CH,2ch_s49_10901,48,1,valid,0.9391715006405039,1.0,0.16619454662508434,identity_without_rescale_tags
,2CH,2ch_s49_10901,49,1,valid,0.9365531641916904,1.0035906758464197,0.17058292558048382,identity_without_rescale_tags
,2CH,2ch_s4_6401,0,1,valid,0.9081809563204495,1.0464646464646465,0.21800716647759527,identity_without_rescale_tags
,2CH,2ch_s4_6401,1,1,valid,0.9400813553609244,1.0350515463917527,0.18132042167247078,identity_without_rescale_tags
,2CH,2ch_s4_6401,2,1,valid,0.9463208363731294,1.0224719101123596,0.17070138228448373,identity_without_rescale_tags
,2CH,2ch_s4_6401,3,1,valid,0.9476601965039265,1.0077821011673151,0.1666065329806803,identity_without_rescale_tags
,2CH,2ch_s4_6401,4,1,valid,0.9393802639675319,1.0031446540880504,0.171057890532385,identity_without_rescale_tags
,2CH,2ch_s4_6401,5,1,valid,0.9372510697017279,1.0040863981319323,0.1807625541309093,identity_without_rescale_tags
,2CH,2ch_s4_6401,6,1,valid,0.9335066153488517,1.0,0.18110808742043563,identity_without_rescale_tags
,2CH,2ch_s4_6401,7,1,valid,0.9295724964068913,1.0,0.1842959227704952,identity_without_rescale_tags
,2CH,2ch_s4_6401,8,1,valid,0.9319073026034829,1.0,0.17654139574198036,identity_without_rescale_tags
,2CH,2ch_s4_6401,9,1,valid,0.9350698905443464,1.0,0.18057161458152887,identity_without_rescale_tags
,2CH,2ch_s4_6401,10,1,valid,0.944747751882691,1.0,0.1634036624998659,identity_without_rescale_tags
,2CH,2ch_s4_6401,11,1,valid,0.9447381741261685,1.0,0.16251672692233918,identity_without_rescale_tags
,2CH,2ch_s4_6401,12,1,valid,0.948392630151065,0.999113475177305,0.15331469060473807,identity_without_rescale_tags
,2CH,2ch_s4_6401,13,1,valid,0.9528384171713167,1.0,0.1527626939703214,identity_without_rescale_tags
,2CH,2ch_s4_6401,14,1,valid,0.959908548198556,0.9950413223140496,0.13973214336498033,identity_without_rescale_tags
,2CH,2ch_s4_6401,15,1,valid,0.9451215885056238,1.0,0.15733729005149305,identity_without_rescale_tags
,2CH,2ch_s4_6401,16,1,valid,0.9446281991442508,1.0,0.15931677833175323,identity_without_rescale_tags
,2CH,2ch_s4_6401,17,1,valid,0.9415976646263623,0.9992069785884219,0.1718571730416632,identity_without_rescale_tags
,2CH,2ch_s4_6401,18,1,valid,0.9400171066070244,0.9962085308056872,0.17214291829387832,identity_without_rescale_tags
,2CH,2ch_s4_6401,19,1,valid,0.9258893090714525,0.998389694041868,0.1826831734437739,identity_without_rescale_tags
,2CH,2ch_s4_6401,20,1,valid,0.921022279456286,1.0,0.1863074392799438,identity_without_rescale_tags
,2CH,2ch_s4_6401,21,1,valid,0.9201049121311778,1.0,0.19875482046663384,identity_without_rescale_tags
,2CH,2ch_s4_6401,22,1,valid,0.9174353126784517,1.0,0.19511253328767256,identity_without_rescale_tags
,2CH,2ch_s4_6401,23,1,valid,0.9045982769264115,0.9978213507625272,0.20514763582655507,identity_without_rescale_tags
,2CH,2ch_s4_6401,24,1,valid,0.8898810611776286,0.9974160206718347,0.21554168496966591,identity_without_rescale_tags
,2CH,2ch_s4_6401,25,1,valid,0.8891058568159524,1.0,0.22476040805811767,identity_without_rescale_tags
,2CH,2ch_s4_6401,26,1,valid,0.8846614517314633,0.9965601965601966,0.2263828687178354,identity_without_rescale_tags
,2CH,2ch_s4_6401,27,1,valid,0.8637877185712551,1.0,0.24238086153164842,identity_without_rescale_tags
,2CH,2ch_s4_6401,28,1,valid,0.8576145758914466,1.0,0.2471509119345343,identity_without_rescale_tags
,2CH,2ch_s4_6401,29,1,valid,0.8671816408868667,1.0,0.24864001928263646,identity_without_rescale_tags
,2CH,2ch_s4_6401,30,1,valid,0.8632162362427072,1.0,0.2488617531770181,identity_without_rescale_tags
,2CH,2ch_s4_6401,31,1,valid,0.8540685146778829,1.0,0.25666432254931565,identity_without_rescale_tags
,2CH,2ch_s4_6401,32,1,valid,0.8651967771210872,1.0,0.2442719642178981,identity_without_rescale_tags
,2CH,2ch_s4_6401,33,1,valid,0.8950745115708317,1.0040160642570282,0.23034062196254715,identity_without_rescale_tags
,2CH,2ch_s4_6401,34,1,valid,0.9170583652748059,1.0,0.20202991221031583,identity_without_rescale_tags
,2CH,2ch_s4_6401,35,1,valid,0.9197839877331054,1.0,0.19624409473108426,identity_without_rescale_tags
,2CH,2ch_s4_6401,36,1,valid,0.9324061885544854,1.001293661060802,0.17897770526210444,identity_without_rescale_tags
,2CH,2ch_s4_6401,37,1,valid,0.9450881002601135,1.0,0.16967903967460962,identity_without_rescale_tags
,2CH,2ch_s4_6401,38,1,valid,0.9508590234821285,1.0,0.1605248174378104,identity_without_rescale_tags
,2CH,2ch_s4_6401,39,1,valid,0.9374404732857633,1.0,0.1719355926682661,identity_without_rescale_tags
,2CH,2ch_s4_6401,40,1,valid,0.9240730414940843,1.0,0.18716285990118572,identity_without_rescale_tags
,2CH,2ch_s4_6401,41,1,valid,0.9236154330782671,1.0,0.19722485659540026,identity_without_rescale_tags
,2CH,2ch_s4_6401,42,1,valid,0.9220291194975413,0.9960474308300395,0.19639436840913344,identity_without_rescale_tags
,2CH,2ch_s4_6401,43,1,valid,0.9216808262752311,0.9953051643192489,0.19041104161812425,identity_without_rescale_tags
,2CH,2ch_s4_6401,44,1,valid,0.9239017381398039,1.0,0.18490733345333651,identity_without_rescale_tags
,2CH,2ch_s4_6401,45,1,valid,0.9382358081419669,1.0041958041958041,0.17455275004403795,identity_without_rescale_tags
,2CH,2ch_s4_6401,46,1,valid,0.9451643058967906,0.9946524064171123,0.1596521795461356,identity_without_rescale_tags
,2CH,2ch_s4_6401,47,1,valid,0.9408873146708572,0.9969230769230769,0.16091323575715075,identity_without_rescale_tags
,2CH,2ch_s4_6401,48,1,valid,0.9519880826895318,0.99812734082397,0.1493577239592533,identity_without_rescale_tags
,2CH,2ch_s4_6401,49,1,valid,0.9499521230026704,0.9953271028037384,0.15461261240989552,identity_without_rescale_tags
,2CH,2ch_s50_11001,0,1,valid,0.9371435465845278,1.0459153290667031,0.17906126770918113,identity_without_rescale_tags
,2CH,2ch_s50_11001,1,1,valid,0.9366761559624514,1.0202436582109478,0.17185315902501885,identity_without_rescale_tags
,2CH,2ch_s50_11001,2,1,valid,0.9191224433135938,1.019108280254777,0.17048225937208597,identity_without_rescale_tags
,2CH,2ch_s50_11001,3,1,valid,0.9640037419920442,1.0083513012084442,0.13494619130329671,identity_without_rescale_tags
,2CH,2ch_s50_11001,4,1,valid,0.9697524612006954,1.0059880239520957,0.1203994522776434,identity_without_rescale_tags
,2CH,2ch_s50_11001,5,1,valid,0.9573082617171838,1.0,0.14287969979464182,identity_without_rescale_tags
,2CH,2ch_s50_11001,6,1,valid,0.9349209076898926,1.0044046178853678,0.1762657263273751,identity_without_rescale_tags
,2CH,2ch_s50_11001,7,1,valid,0.9432902850331244,1.0,0.16119077617007008,identity_without_rescale_tags
,2CH,2ch_s50_11001,8,1,valid,0.9364428928899314,1.0,0.16300460418783985,identity_without_rescale_tags
,2CH,2ch_s50_11001,9,1,valid,0.9379687203805649,1.0,0.1549499766876565,identity_without_rescale_tags
,2CH,2ch_s50_11001,10,1,valid,0.9611634771266522,1.0086517708996094,0.13257996459973925,identity_without_rescale_tags
,2CH,2ch_s50_11001,11,1,valid,0.9783589423327496,1.0,0.10128157316408747,identity_without_rescale_tags
,2CH,2ch_s50_11001,12,1,valid,0.975566706356861,1.0,0.1082089735496579,identity_without_rescale_tags
,2CH,2ch_s50_11001,13,1,valid,0.9554533588113531,1.0029041653546849,0.1296775193670935,identity_without_rescale_tags
,2CH,2ch_s50_11001,14,1,valid,0.9751479453411692,1.0,0.10881011768804416,identity_without_rescale_tags
,2CH,2ch_s50_11001,15,1,valid,0.9673408866290749,1.0,0.11945415064488751,identity_without_rescale_tags
,2CH,2ch_s50_11001,16,1,valid,0.9610472530623507,1.0,0.12669333725364879,identity_without_rescale_tags
,2CH,2ch_s50_11001,17,1,valid,0.9520110680379839,1.0,0.14421320185870098,identity_without_rescale_tags
,2CH,2ch_s50_11001,18,1,valid,0.9500066121714429,1.0009250978798057,0.1434864146481537,identity_without_rescale_tags
,2CH,2ch_s50_11001,19,1,valid,0.9597526097038764,1.0,0.13380081894429136,identity_without_rescale_tags
,2CH,2ch_s50_11001,20,1,valid,0.9482964159923987,0.9995832545423953,0.12739407190917706,identity_without_rescale_tags
,2CH,2ch_s50_11001,21,1,valid,0.9775206682088505,0.9991111111111111,0.10995955572845588,identity_without_rescale_tags
,2CH,2ch_s50_11001,22,1,valid,0.9583993881460491,0.9927556416777683,0.13888966786493587,identity_without_rescale_tags
,2CH,2ch_s50_11001,23,1,valid,0.9352589937116532,0.991304347826087,0.17115352234552225,identity_without_rescale_tags
,2CH,2ch_s50_11001,24,1,valid,0.9061860423606131,1.0,0.20733300896870382,identity_without_rescale_tags
,2CH,2ch_s50_11001,25,1,valid,0.9258322524722117,0.9960598872301846,0.18105374153708256,identity_without_rescale_tags
,2CH,2ch_s50_11001,26,1,valid,0.9301825358348954,0.9928691814212267,0.1742125643672408,identity_without_rescale_tags
,2CH,2ch_s50_11001,27,1,valid,0.927683110723085,1.0,0.17317887050386094,identity_without_rescale_tags
,2CH,2ch_s50_11001,28,1,valid,0.9550910843640429,1.0,0.14534419430969267,identity_without_rescale_tags
,2CH,2ch_s50_11001,29,1,valid,0.9738420560801876,0.9976190341215085,0.1103127118088683,identity_without_rescale_tags
,2CH,2ch_s50_11001,30,1,valid,0.9727932952111673,0.9974352396363684,0.11270970973345183,identity_without_rescale_tags
,2CH,2ch_s50_11001,31,1,valid,0.9589961329613186,1.0,0.1278691044654925,identity_without_rescale_tags
,2CH,2ch_s50_11001,32,1,valid,0.977261251034377,1.0066993150557297,0.10512397654697445,identity_without_rescale_tags
,2CH,2ch_s50_11001,33,1,valid,0.9691730580200145,1.0,0.11727655839087203,identity_without_rescale_tags
,2CH,2ch_s50_11001,34,1,valid,0.9595985404553329,1.0,0.13052423959850382,identity_without_rescale_tags
,2CH,2ch_s50_11001,35,1,valid,0.9375268404565461,1.0,0.16102788444411847,identity_without_rescale_tags
,2CH,2ch_s50_11001,36,1,valid,0.9324390994485261,1.0,0.1622900906823968,identity_without_rescale_tags
,2CH,2ch_s50_11001,37,1,valid,0.9260144198236738,1.0,0.17472765158262,identity_without_rescale_tags
,2CH,2ch_s50_11001,38,1,valid,0.9106846793340143,1.0,0.1783896049212619,identity_without_rescale_tags
,2CH,2ch_s50_11001,39,1,valid,0.9383773354493106,1.0,0.16264018511048478,identity_without_rescale_tags
,2CH,2ch_s50_11001,40,1,valid,0.950870922313593,0.996382037944097,0.14491094467813273,identity_without_rescale_tags
,2CH,2ch_s50_11001,41,1,valid,0.9643635790280104,0.9919462942143042,0.12960123445000937,identity_without_rescale_tags
,2CH,2ch_s50_11001,42,1,valid,0.9531362861230127,1.0,0.138529426594931,identity_without_rescale_tags
,2CH,2ch_s50_11001,43,1,valid,0.9697875907258132,0.9957579182127592,0.12476067595969235,identity_without_rescale_tags
,2CH,2ch_s50_11001,44,1,valid,0.9470572473693872,0.9911504424778761,0.15334872500331162,identity_without_rescale_tags
,2CH,2ch_s50_11001,45,1,valid,0.9320707025885501,0.9925373134328358,0.17234715151798272,identity_without_rescale_tags
,2CH,2ch_s50_11001,46,1,valid,0.9274968391321369,1.0,0.18073287197594376,identity_without_rescale_tags
,2CH,2ch_s50_11001,47,1,valid,0.9442865729084761,0.991777553602024,0.15686618636333394,identity_without_rescale_tags
,2CH,2ch_s50_11001,48,1,valid,0.9392350443215086,0.9909855736674739,0.16438176672567384,identity_without_rescale_tags
,2CH,2ch_s50_11001,49,1,valid,0.9338301917819994,1.0,0.16880011171589324,identity_without_rescale_tags
,2CH,2ch_s51_11101,0,1,valid,0.9549203830909823,1.0371976159869114,0.14275253190346004,identity_without_rescale_tags
,2CH,2ch_s51_11101,1,1,valid,0.96036291856768,1.0217391304347827,0.14635975857428338,identity_without_rescale_tags
,2CH,2ch_s51_11101,2,1,valid,0.967558862380538,1.0172413793103448,0.12974926091371372,identity_without_rescale_tags
,2CH,2ch_s51_11101,3,1,valid,0.9645359030848466,1.0080803426520464,0.13265297429216413,identity_without_rescale_tags
,2CH,2ch_s51_11101,4,1,valid,0.9326615806476244,1.0100721978932419,0.16042875295928727,identity_without_rescale_tags
,2CH,2ch_s51_11101,5,1,valid,0.9446012796647403,1.0071181043988644,0.1596776678552885,identity_without_rescale_tags
,2CH,2ch_s51_11101,6,1,valid,0.9430833786035797,1.0022042663323827,0.15823303592572482,identity_without_rescale_tags
,2CH,2ch_s51_11101,7,1,valid,0.9463737749109618,1.0,0.14894650305845708,identity_without_rescale_tags
,2CH,2ch_s51_11101,8,1,valid,0.9516184300137996,1.0006035715261399,0.14086564883645358,identity_without_rescale_tags
,2CH,2ch_s51_11101,9,1,valid,0.9709796402648931,0.9987293519695044,0.11754158524923439,identity_without_rescale_tags
,2CH,2ch_s51_11101,10,1,valid,0.957315672571055,0.9931785290759734,0.14426074302406902,identity_without_rescale_tags
,2CH,2ch_s51_11101,11,1,valid,0.9292429543632871,1.0,0.17185325332771983,identity_without_rescale_tags
,2CH,2ch_s51_11101,12,1,valid,0.9428206715438588,1.0,0.16111425052302716,identity_without_rescale_tags
,2CH,2ch_s51_11101,13,1,valid,0.9346337023721798,0.994475138121547,0.16742613800181108,identity_without_rescale_tags
,2CH,2ch_s51_11101,14,1,valid,0.9161049376057818,0.9927343178106875,0.18982001571742907,identity_without_rescale_tags
,2CH,2ch_s51_11101,15,1,valid,0.8861802231459233,1.0,0.22055413288534548,identity_without_rescale_tags
,2CH,2ch_s51_11101,16,1,valid,0.9027138009354544,0.9971402889338599,0.2018792923999322,identity_without_rescale_tags
,2CH,2ch_s51_11101,17,1,valid,0.9121485202515641,0.993915660101961,0.19235552714890167,identity_without_rescale_tags
,2CH,2ch_s51_11101,18,1,valid,0.9113844359180382,1.0,0.19374307257253065,identity_without_rescale_tags
,2CH,2ch_s51_11101,19,1,valid,0.9322814690706509,1.0,0.17138932431907689,identity_without_rescale_tags
,2CH,2ch_s51_11101,20,1,valid,0.9584481422119877,1.0,0.13581376963097547,identity_without_rescale_tags
,2CH,2ch_s51_11101,21,1,valid,0.960940011622576,1.0,0.12949895326443203,identity_without_rescale_tags
,2CH,2ch_s51_11101,22,1,valid,0.9494505156152739,1.0,0.14028342928693227,identity_without_rescale_tags
,2CH,2ch_s51_11101,23,1,valid,0.9745588956376405,1.0,0.1089003520001744,identity_without_rescale_tags
,2CH,2ch_s51_11101,24,1,valid,0.9703543860655457,1.0,0.11700574018476773,identity_without_rescale_tags
,2CH,2ch_s51_11101,25,1,valid,0.9560462052208379,1.0,0.12506114189210824,identity_without_rescale_tags
,2CH,2ch_s51_11101,26,1,valid,0.955061987998119,1.0,0.1376332092783077,identity_without_rescale_tags
,2CH,2ch_s51_11101,27,1,valid,0.9629751938878396,1.0,0.12614185463966476,identity_without_rescale_tags
,2CH,2ch_s51_11101,28,1,valid,0.9611340137321986,1.0,0.13189379091312264,identity_without_rescale_tags
,2CH,2ch_s51_11101,29,1,valid,0.9362277231979726,1.0,0.14780073125021714,identity_without_rescale_tags
,2CH,2ch_s51_11101,30,1,valid,0.9549148013115847,1.0,0.14533589550220485,identity_without_rescale_tags
,2CH,2ch_s51_11101,31,1,valid,0.9426389603627681,1.0,0.1566108691549884,identity_without_rescale_tags
,2CH,2ch_s51_11101,32,1,valid,0.9367942822183676,1.0,0.1636429531499826,identity_without_rescale_tags
,2CH,2ch_s51_11101,33,1,valid,0.9099717122370334,1.0030075255978872,0.1958786604426254,identity_without_rescale_tags
,2CH,2ch_s51_11101,34,1,valid,0.9079961513389109,1.0007002832027658,0.19890609675948304,identity_without_rescale_tags
,2CH,2ch_s51_11101,35,1,valid,0.921917533041215,0.9986431478968792,0.18541563452236648,identity_without_rescale_tags
,2CH,2ch_s51_11101,36,1,valid,0.9215683442264483,1.0,0.17291684975171961,identity_without_rescale_tags
,2CH,2ch_s51_11101,37,1,valid,0.9594079036223194,1.0,0.1396712439633026,identity_without_rescale_tags
,2CH,2ch_s51_11101,38,1,valid,0.9593071398583892,0.9925280083373655,0.14271654611250278,identity_without_rescale_tags
,2CH,2ch_s51_11101,39,1,valid,0.9509388583117279,0.991869918699187,0.16129843771590846,identity_without_rescale_tags
,2CH,2ch_s51_11101,40,1,valid,0.9246789644303848,1.0,0.18332706586361305,identity_without_rescale_tags
,2CH,2ch_s51_11101,41,1,valid,0.9316577921129732,0.99804941399983,0.17857447624985995,identity_without_rescale_tags
,2CH,2ch_s51_11101,42,1,valid,0.9144587023863593,0.9915800968035673,0.19620878744396578,identity_without_rescale_tags
,2CH,2ch_s51_11101,43,1,valid,0.8902290926540254,0.9979310334987079,0.22178704703764052,identity_without_rescale_tags
,2CH,2ch_s51_11101,44,1,valid,0.8805828946662774,0.998906581423834,0.230592061052828,identity_without_rescale_tags
,2CH,2ch_s51_11101,45,1,valid,0.8973459061549818,0.9924629742341246,0.21738111770846297,identity_without_rescale_tags
,2CH,2ch_s51_11101,46,1,valid,0.8948472026556001,0.9903124237475833,0.21670687668269817,identity_without_rescale_tags
,2CH,2ch_s51_11101,47,1,valid,0.8949740002980475,1.0,0.21707781608655102,identity_without_rescale_tags
,2CH,2ch_s51_11101,48,1,valid,0.9245466755731592,1.0,0.1894657799559506,identity_without_rescale_tags
,2CH,2ch_s51_11101,49,1,valid,0.9412632905896521,0.9965095879730026,0.16266880175346002,identity_without_rescale_tags
,2CH,2ch_s52_11201,0,1,valid,0.9609142830294856,1.0300230946882216,0.14903020412744378,identity_without_rescale_tags
,2CH,2ch_s52_11201,1,1,valid,0.9505621997204156,1.0214592274678111,0.1489098364057957,identity_without_rescale_tags
,2CH,2ch_s52_11201,2,1,valid,0.9432206427276678,1.0132939438700148,0.15485698364454437,identity_without_rescale_tags
,2CH,2ch_s52_11201,3,1,valid,0.9655337061729855,1.0016863406408094,0.12111793908030963,identity_without_rescale_tags
,2CH,2ch_s52_11201,4,1,valid,0.9741385494685656,0.9987096774193548,0.11360146076316958,identity_without_rescale_tags
,2CH,2ch_s52_11201,5,1,valid,0.9563503972060229,1.0012626262626263,0.1428499762891643,identity_without_rescale_tags
,2CH,2ch_s52_11201,6,1,valid,0.9577038345028205,1.0,0.14796439660439226,identity_without_rescale_tags
,2CH,2ch_s52_11201,7,1,valid,0.9507345245589984,1.0,0.15233285582708314,identity_without_rescale_tags
,2CH,2ch_s52_11201,8,1,valid,0.9423305473192898,0.9959072305593452,0.1587799110230833,identity_without_rescale_tags
,2CH,2ch_s52_11201,9,1,valid,0.9363232173502305,1.0,0.1597728770526802,identity_without_rescale_tags
,2CH,2ch_s52_11201,10,1,valid,0.9716509475219064,1.0,0.11172844893740487,identity_without_rescale_tags
,2CH,2ch_s52_11201,11,1,valid,0.9822271962718075,1.0,0.09481329958560959,identity_without_rescale_tags
,2CH,2ch_s52_11201,12,1,valid,0.9739899486400191,1.0,0.09421210510572817,identity_without_rescale_tags
,2CH,2ch_s52_11201,13,1,valid,0.9725502924478256,1.0,0.10664434007016084,identity_without_rescale_tags
,2CH,2ch_s52_11201,14,1,valid,0.9853217747527268,1.0,0.08887704849920013,identity_without_rescale_tags
,2CH,2ch_s52_11201,15,1,valid,0.9786037496671965,1.0,0.10198669428224155,identity_without_rescale_tags
,2CH,2ch_s52_11201,16,1,valid,0.961994080425507,1.0031347962382444,0.11956264936224781,identity_without_rescale_tags
,2CH,2ch_s52_11201,17,1,valid,0.9784143007492856,1.0,0.10456838121200179,identity_without_rescale_tags
,2CH,2ch_s52_11201,18,1,valid,0.9784597934877935,0.995846313603323,0.10101282917719526,identity_without_rescale_tags
,2CH,2ch_s52_11201,19,1,valid,0.9701708899056866,0.9944881889763779,0.12431820456516682,identity_without_rescale_tags
,2CH,2ch_s52_11201,20,1,valid,0.9415206354112405,1.0,0.16049566925697692,identity_without_rescale_tags
,2CH,2ch_s52_11201,21,1,valid,0.9262697702759752,1.0,0.17561977820087282,identity_without_rescale_tags
,2CH,2ch_s52_11201,22,1,valid,0.8855775767326848,1.0,0.21870082412944825,identity_without_rescale_tags
,2CH,2ch_s52_11201,23,1,valid,0.8799440093834628,0.9986149584487535,0.22800029617134643,identity_without_rescale_tags
,2CH,2ch_s52_11201,24,1,valid,0.9014814240141426,1.0,0.2026044560165526,identity_without_rescale_tags
,2CH,2ch_s52_11201,25,1,valid,0.9331587803320436,0.9956268221574344,0.16174275985662487,identity_without_rescale_tags
,2CH,2ch_s52_11201,26,1,valid,0.94837037565034,1.0,0.14624582704657418,identity_without_rescale_tags
,2CH,2ch_s52_11201,27,1,valid,0.9539293498668789,1.0014727540500736,0.1381697178359954,identity_without_rescale_tags
,2CH,2ch_s52_11201,28,1,valid,0.9799719875897757,1.0,0.0987309936049701,identity_without_rescale_tags
,2CH,2ch_s52_11201,29,1,valid,0.9818416120201294,1.0,0.09654380244446267,identity_without_rescale_tags
,2CH,2ch_s52_11201,30,1,valid,0.9773429148963705,1.0,0.10044494663027095,identity_without_rescale_tags
,2CH,2ch_s52_11201,31,1,valid,0.9572854233245888,1.0,0.1364169680042939,identity_without_rescale_tags
,2CH,2ch_s52_11201,32,1,valid,0.9558699003605986,1.0,0.13899525786295658,identity_without_rescale_tags
,2CH,2ch_s52_11201,33,1,valid,0.9477218139281517,1.0,0.15019844992516862,identity_without_rescale_tags
,2CH,2ch_s52_11201,34,1,valid,0.9457752349819261,1.0,0.14760021316185615,identity_without_rescale_tags
,2CH,2ch_s52_11201,35,1,valid,0.9704238562690819,0.9984,0.11708708417108211,identity_without_rescale_tags
,2CH,2ch_s52_11201,36,1,valid,0.9776826684272681,0.9937178754997145,0.10881536485665937,identity_without_rescale_tags
,2CH,2ch_s52_11201,37,1,valid,0.9600367314098222,0.9903846153846154,0.14345696529191404,identity_without_rescale_tags
,2CH,2ch_s52_11201,38,1,valid,0.9221717938232981,1.0,0.18764288385901703,identity_without_rescale_tags
,2CH,2ch_s52_11201,39,1,valid,0.9144746712284464,1.0,0.19151380282249572,identity_without_rescale_tags
,2CH,2ch_s52_11201,40,1,valid,0.9198169363334271,0.996328029375765,0.18053599935438824,identity_without_rescale_tags
,2CH,2ch_s52_11201,41,1,valid,0.9329155207616175,0.9954887218045113,0.16459332554533798,identity_without_rescale_tags
,2CH,2ch_s52_11201,42,1,valid,0.9522171482708248,1.0,0.14046087628058693,identity_without_rescale_tags
,2CH,2ch_s52_11201,43,1,valid,0.9820769855949194,1.0,0.09085083391127094,identity_without_rescale_tags
,2CH,2ch_s52_11201,44,1,valid,0.9808700719310177,1.0,0.09936964297131182,identity_without_rescale_tags
,2CH,2ch_s52_11201,45,1,valid,0.965727828707021,1.0,0.11846231489664454,identity_without_rescale_tags
,2CH,2ch_s52_11201,46,1,valid,0.9647487467634235,1.0,0.1262100759219259,identity_without_rescale_tags
,2CH,2ch_s52_11201,47,1,valid,0.9539090365037856,1.0,0.13820931497800004,identity_without_rescale_tags
,2CH,2ch_s52_11201,48,1,valid,0.933568416930227,1.0,0.1671243131165793,identity_without_rescale_tags
,2CH,2ch_s52_11201,49,1,valid,0.9073444658478411,1.0012422360248447,0.19281058105725543,identity_without_rescale_tags
,2CH,2ch_s5_6501,0,1,valid,0.9312365404495577,1.0409058853699191,0.1922199128073488,identity_without_rescale_tags
,2CH,2ch_s5_6501,1,1,valid,0.9514718132995953,1.0267512028779804,0.15759279480478114,identity_without_rescale_tags
,2CH,2ch_s5_6501,2,1,valid,0.9510624040769298,1.0150456787129114,0.1549932245473091,identity_without_rescale_tags
,2CH,2ch_s5_6501,3,1,valid,0.9669904151900314,1.005586592178771,0.12646733663380919,identity_without_rescale_tags
,2CH,2ch_s5_6501,4,1,valid,0.9507481032612712,1.000722561836727,0.1409478290709341,identity_without_rescale_tags
,2CH,2ch_s5_6501,5,1,valid,0.9639143524643999,1.0059702024522383,0.12466273580217979,identity_without_rescale_tags
,2CH,2ch_s5_6501,6,1,valid,0.9563063832203689,1.0013141421380283,0.1392826942227286,identity_without_rescale_tags
,2CH,2ch_s5_6501,7,1,valid,0.9611328885345294,1.0,0.12900449062775948,identity_without_rescale_tags
,2CH,2ch_s5_6501,8,1,valid,0.9409874908707961,1.0,0.15218282861807525,identity_without_rescale_tags
,2CH,2ch_s5_6501,9,1,valid,0.9515574620018702,1.0,0.14659504836166193,identity_without_rescale_tags
,2CH,2ch_s5_6501,10,1,valid,0.9511836744681562,1.0,0.14866503634451717,identity_without_rescale_tags
,2CH,2ch_s5_6501,11,1,valid,0.9588812021037247,1.0,0.14001183406153403,identity_without_rescale_tags
,2CH,2ch_s5_6501,12,1,valid,0.9407230061917702,1.0,0.16969207145314763,identity_without_rescale_tags
,2CH,2ch_s5_6501,13,1,valid,0.9235490644727393,1.0,0.20340163668433361,identity_without_rescale_tags
,2CH,2ch_s5_6501,14,1,valid,0.8992745676625818,1.001763668430335,0.2318834939100464,identity_without_rescale_tags
,2CH,2ch_s5_6501,15,1,valid,0.8803663227181643,1.0,0.24794693599225406,identity_without_rescale_tags
,2CH,2ch_s5_6501,16,1,valid,0.866690326029049,0.9947616538795043,0.26038164871325886,identity_without_rescale_tags
,2CH,2ch_s5_6501,17,1,valid,0.8469217262179795,1.0,0.2885559955595081,identity_without_rescale_tags
,2CH,2ch_s5_6501,18,1,valid,0.8428553531551666,1.0,0.2897828029165809,identity_without_rescale_tags
,2CH,2ch_s5_6501,19,1,valid,0.8544255275398354,0.9948848770277342,0.2706887809217976,identity_without_rescale_tags
,2CH,2ch_s5_6501,20,1,valid,0.8694479880846974,1.0,0.2508307713735837,identity_without_rescale_tags
,2CH,2ch_s5_6501,21,1,valid,0.86880715001801,1.0,0.25885979450677454,identity_without_rescale_tags
,2CH,2ch_s5_6501,22,1,valid,0.8859773123020098,0.990422978736414,0.2389919681079501,identity_without_rescale_tags
,2CH,2ch_s5_6501,23,1,valid,0.8962019964111959,0.9932546182546182,0.22469613810949546,identity_without_rescale_tags
,2CH,2ch_s5_6501,24,1,valid,0.915307198368104,0.9963767640301936,0.1978281248768027,identity_without_rescale_tags
,2CH,2ch_s5_6501,25,1,valid,0.9213893834900906,0.9981395332737983,0.19532393353462965,identity_without_rescale_tags
,2CH,2ch_s5_6501,26,1,valid,0.9411086655025183,0.9939357163871727,0.16712185228798293,identity_without_rescale_tags
,2CH,2ch_s5_6501,27,1,valid,0.9424336485396818,0.9946847036584239,0.1632551485661996,identity_without_rescale_tags
,2CH,2ch_s5_6501,28,1,valid,0.9523925502600791,0.9945325298035417,0.1432023524941391,identity_without_rescale_tags
,2CH,2ch_s5_6501,29,1,valid,0.9517383427880797,1.0,0.14958045253686772,identity_without_rescale_tags
,2CH,2ch_s5_6501,30,1,valid,0.9647034311134342,0.9941044352456126,0.12672059656709583,identity_without_rescale_tags
,2CH,2ch_s5_6501,31,1,valid,0.9513646909684467,1.0,0.1407952507309985,identity_without_rescale_tags
,2CH,2ch_s5_6501,32,1,valid,0.9548206286151917,0.997289972899729,0.13399215923094335,identity_without_rescale_tags
,2CH,2ch_s5_6501,33,1,valid,0.9502065487778787,1.0,0.1475445868796565,identity_without_rescale_tags
,2CH,2ch_s5_6501,34,1,valid,0.9555740019169624,0.9979674712781383,0.13820856081524677,identity_without_rescale_tags
,2CH,2ch_s5_6501,35,1,valid,0.9343960894494378,1.0,0.16103577621082252,identity_without_rescale_tags
,2CH,2ch_s5_6501,36,1,valid,0.9291706812008277,1.0,0.16775198776265648,identity_without_rescale_tags
,2CH,2ch_s5_6501,37,1,valid,0.9213240660118314,1.0,0.18588650724922323,identity_without_rescale_tags
,2CH,2ch_s5_6501,38,1,valid,0.9223655694356298,1.0,0.17952019919456347,identity_without_rescale_tags
,2CH,2ch_s5_6501,39,1,valid,0.9005264697751677,1.0,0.2029783003460074,identity_without_rescale_tags
,2CH,2ch_s5_6501,40,1,valid,0.8910254656973584,1.0,0.21219372281906085,identity_without_rescale_tags
,2CH,2ch_s5_6501,41,1,valid,0.8819957087972606,1.0,0.22917137573883692,identity_without_rescale_tags
,2CH,2ch_s5_6501,42,1,valid,0.8760371703654454,1.0,0.22885130433338072,identity_without_rescale_tags
,2CH,2ch_s5_6501,43,1,valid,0.8537516788053142,1.0,0.2525651233813908,identity_without_rescale_tags
,2CH,2ch_s5_6501,44,1,valid,0.8449248314912581,1.0008007144244633,0.2607553453092515,identity_without_rescale_tags
,2CH,2ch_s5_6501,45,1,valid,0.8436044970361567,1.0,0.26885883319505643,identity_without_rescale_tags
,2CH,2ch_s5_6501,46,1,valid,0.8416556906199814,1.0,0.2633281230271472,identity_without_rescale_tags
,2CH,2ch_s5_6501,47,1,valid,0.8338511105600505,1.0,0.27543246929851234,identity_without_rescale_tags
,2CH,2ch_s5_6501,48,1,valid,0.8321561729472747,1.0,0.2789056630938164,identity_without_rescale_tags
,2CH,2ch_s5_6501,49,1,valid,0.8520786895062052,1.0019685115650054,0.2686192744843,identity_without_rescale_tags
,2CH,2ch_s6_6601,0,1,valid,0.8953891129933149,1.0422535211267605,0.22751282853389668,identity_without_rescale_tags
,2CH,2ch_s6_6601,1,1,valid,0.9037202264383155,1.0434782608695652,0.21592793335812246,identity_without_rescale_tags
,2CH,2ch_s6_6601,2,1,valid,0.9012912686079192,1.0136209029066172,0.22089321291140857,identity_without_rescale_tags
,2CH,2ch_s6_6601,3,1,valid,0.8867346222484935,1.011114744567982,0.22718487791688924,identity_without_rescale_tags
,2CH,2ch_s6_6601,4,1,valid,0.8633494641307914,1.002061855670103,0.2478550095517418,identity_without_rescale_tags
,2CH,2ch_s6_6601,5,1,valid,0.8619281146268347,1.004255319148936,0.2554953633190595,identity_without_rescale_tags
,2CH,2ch_s6_6601,6,1,valid,0.8779691153840896,1.003260873417856,0.24541574867067523,identity_without_rescale_tags
,2CH,2ch_s6_6601,7,1,valid,0.8948575718610035,1.0,0.22618493348470523,identity_without_rescale_tags
,2CH,2ch_s6_6601,8,1,valid,0.9009486204359745,1.0,0.21487466327002874,identity_without_rescale_tags
,2CH,2ch_s6_6601,9,1,valid,0.929461731823791,1.0061080663784667,0.19532180449565711,identity_without_rescale_tags
,2CH,2ch_s6_6601,10,1,valid,0.9381035540232582,1.0078186130672926,0.1798803039281423,identity_without_rescale_tags
,2CH,2ch_s6_6601,11,1,valid,0.9415168723972943,1.0,0.174890228996159,identity_without_rescale_tags
,2CH,2ch_s6_6601,12,1,valid,0.9239064771103134,1.0,0.19510955343968922,identity_without_rescale_tags
,2CH,2ch_s6_6601,13,1,valid,0.917227260217919,1.0,0.20796759480852375,identity_without_rescale_tags
,2CH,2ch_s6_6601,14,1,valid,0.9084981747693521,1.0,0.21867906914188745,identity_without_rescale_tags
,2CH,2ch_s6_6601,15,1,valid,0.9101973105728971,1.0071428571428571,0.20966470180006488,identity_without_rescale_tags
,2CH,2ch_s6_6601,16,1,valid,0.9120843145526336,0.9938398357289527,0.20145288269885733,identity_without_rescale_tags
,2CH,2ch_s6_6601,17,1,valid,0.9169747742279731,1.007047219849421,0.20039225095575955,identity_without_rescale_tags
,2CH,2ch_s6_6601,18,1,valid,0.9313839628782834,0.9963271300442381,0.182792109916085,identity_without_rescale_tags
,2CH,2ch_s6_6601,19,1,valid,0.9389608350561685,0.9928263988522238,0.16981130991522958,identity_without_rescale_tags
,2CH,2ch_s6_6601,20,1,valid,0.9451077720351883,0.9920413734568878,0.15775801413965992,identity_without_rescale_tags
,2CH,2ch_s6_6601,21,1,valid,0.9477960735790931,1.0,0.15595789540306726,identity_without_rescale_tags
,2CH,2ch_s6_6601,22,1,valid,0.9553619016016315,0.9945872701970263,0.14670429552301895,identity_without_rescale_tags
,2CH,2ch_s6_6601,23,1,valid,0.94145784230144,0.9973544966138956,0.1634755590679364,identity_without_rescale_tags
,2CH,2ch_s6_6601,24,1,valid,0.9361841243157963,0.9979338754775778,0.16653431380310285,identity_without_rescale_tags
,2CH,2ch_s6_6601,25,1,valid,0.9289830172685642,1.0059171597633136,0.1835203316608429,identity_without_rescale_tags
,2CH,2ch_s6_6601,26,1,valid,0.9321597302717227,0.9983221429275227,0.1775241508925226,identity_without_rescale_tags
,2CH,2ch_s6_6601,27,1,valid,0.9164879190240047,0.9988297213791895,0.1931729133875814,identity_without_rescale_tags
,2CH,2ch_s6_6601,28,1,valid,0.8909499375620791,1.0,0.21266609045130713,identity_without_rescale_tags
,2CH,2ch_s6_6601,29,1,valid,0.8906009204258527,1.0,0.22486689029624327,identity_without_rescale_tags
,2CH,2ch_s6_6601,30,1,valid,0.9033632622030575,1.0,0.20960605065684595,identity_without_rescale_tags
,2CH,2ch_s6_6601,31,1,valid,0.9093781087060789,1.0,0.2020498498807353,identity_without_rescale_tags
,2CH,2ch_s6_6601,32,1,valid,0.916726045795089,1.0,0.19108372659701975,identity_without_rescale_tags
,2CH,2ch_s6_6601,33,1,valid,0.9378381342407124,1.0,0.18005905877792236,identity_without_rescale_tags
,2CH,2ch_s6_6601,34,1,valid,0.9470169639762787,1.0,0.16272799734176163,identity_without_rescale_tags
,2CH,2ch_s6_6601,35,1,valid,0.9372699901147445,1.0,0.17717821273027187,identity_without_rescale_tags
,2CH,2ch_s6_6601,36,1,valid,0.9270034880213965,1.0,0.18881779595647133,identity_without_rescale_tags
,2CH,2ch_s6_6601,37,1,valid,0.9119483164041068,1.0,0.21330879473415637,identity_without_rescale_tags
,2CH,2ch_s6_6601,38,1,valid,0.9057976919051329,1.0,0.21642530231527815,identity_without_rescale_tags
,2CH,2ch_s6_6601,39,1,valid,0.8971243492975989,1.0,0.22172140712581934,identity_without_rescale_tags
,2CH,2ch_s6_6601,40,1,valid,0.8994212132292674,0.995532387694273,0.214292310284845,identity_without_rescale_tags
,2CH,2ch_s6_6601,41,1,valid,0.8998389880446631,1.0,0.22240752534622366,identity_without_rescale_tags
,2CH,2ch_s6_6601,42,1,valid,0.9150101210423046,0.9917120511839226,0.20028600793389578,identity_without_rescale_tags
,2CH,2ch_s6_6601,43,1,valid,0.917893510786477,0.9958419778699862,0.19306059389114458,identity_without_rescale_tags
,2CH,2ch_s6_6601,44,1,valid,0.9261263192163091,0.9959919678714859,0.17830188045171821,identity_without_rescale_tags
,2CH,2ch_s6_6601,45,1,valid,0.9353094405519274,1.0,0.1762881775639935,identity_without_rescale_tags
,2CH,2ch_s6_6601,46,1,valid,0.9494710109416138,0.9950584745817895,0.15508459764749885,identity_without_rescale_tags
,2CH,2ch_s6_6601,47,1,valid,0.9422937339978181,1.0,0.15828721632601395,identity_without_rescale_tags
,2CH,2ch_s6_6601,48,1,valid,0.9520187964599387,1.0,0.14752807566485626,identity_without_rescale_tags
,2CH,2ch_s6_6601,49,1,valid,0.9465410990981659,1.0,0.15973688582628887,identity_without_rescale_tags
,2CH,2ch_s7_6701,0,1,valid,0.955494944513131,1.0506005197343056,0.1536225247068657,identity_without_rescale_tags
,2CH,2ch_s7_6701,1,1,valid,0.9648742990926422,1.0265928059461809,0.12855827848485024,identity_without_rescale_tags
,2CH,2ch_s7_6701,2,1,valid,0.9420614973447203,1.032085561497326,0.15502216429877683,identity_without_rescale_tags
,2CH,2ch_s7_6701,3,1,valid,0.9532512850347287,1.0116279069767442,0.14369804150935367,identity_without_rescale_tags
,2CH,2ch_s7_6701,4,1,valid,0.9452040945903788,1.0082991617874772,0.15945958207366306,identity_without_rescale_tags
,2CH,2ch_s7_6701,5,1,valid,0.9366941904302237,1.0,0.16570742662023874,identity_without_rescale_tags
,2CH,2ch_s7_6701,6,1,valid,0.9095941383445549,1.0014225787325493,0.1905576130759819,identity_without_rescale_tags
,2CH,2ch_s7_6701,7,1,valid,0.9121647802776602,1.0,0.19494895545546306,identity_without_rescale_tags
,2CH,2ch_s7_6701,8,1,valid,0.911833511235125,1.0,0.1964025314807327,identity_without_rescale_tags
,2CH,2ch_s7_6701,9,1,valid,0.8977918031468689,1.0,0.2072402982209431,identity_without_rescale_tags
,2CH,2ch_s7_6701,10,1,valid,0.8753574545952466,1.0,0.22648170452331234,identity_without_rescale_tags
,2CH,2ch_s7_6701,11,1,valid,0.8814923605346582,1.0,0.23136994855301912,identity_without_rescale_tags
,2CH,2ch_s7_6701,12,1,valid,0.9002060929190031,1.0,0.21107629736465466,identity_without_rescale_tags
,2CH,2ch_s7_6701,13,1,valid,0.901543770131347,1.0,0.20710911598791873,identity_without_rescale_tags
,2CH,2ch_s7_6701,14,1,valid,0.9232268392281368,1.001118580828726,0.18891693093566672,identity_without_rescale_tags
,2CH,2ch_s7_6701,15,1,valid,0.946011321446864,1.0033370452858204,0.16762530808108903,identity_without_rescale_tags
,2CH,2ch_s7_6701,16,1,valid,0.9581493319414622,1.0,0.14759024724967798,identity_without_rescale_tags
,2CH,2ch_s7_6701,17,1,valid,0.9341176259044934,1.0,0.1783459938603832,identity_without_rescale_tags
,2CH,2ch_s7_6701,18,1,valid,0.9200350025456651,1.0,0.19517777955570548,identity_without_rescale_tags
,2CH,2ch_s7_6701,19,1,valid,0.9203583866132049,1.0,0.20222856029421338,identity_without_rescale_tags
,2CH,2ch_s7_6701,20,1,valid,0.9284776843196622,0.9952082144270741,0.1857502461769862,identity_without_rescale_tags
,2CH,2ch_s7_6701,21,1,valid,0.9223956738485132,0.9928143609514303,0.18420226025030492,identity_without_rescale_tags
,2CH,2ch_s7_6701,22,1,valid,0.9334031715672176,0.9979274589142891,0.17863931006086056,identity_without_rescale_tags
,2CH,2ch_s7_6701,23,1,valid,0.9483476158945048,0.9924952831516994,0.15268220927978574,identity_without_rescale_tags
,2CH,2ch_s7_6701,24,1,valid,0.948743808151927,0.9919551433541678,0.14654735768399715,identity_without_rescale_tags
,2CH,2ch_s7_6701,25,1,valid,0.9616640785651163,0.9945321972528112,0.1238684813981315,identity_without_rescale_tags
,2CH,2ch_s7_6701,26,1,valid,0.9616048087613055,0.9978969482529854,0.12714886385483176,identity_without_rescale_tags
,2CH,2ch_s7_6701,27,1,valid,0.9693509787550848,0.9940535124941066,0.11466566638354923,identity_without_rescale_tags
,2CH,2ch_s7_6701,28,1,valid,0.9527330497804214,0.9974811083123426,0.1360477918517768,identity_without_rescale_tags
,2CH,2ch_s7_6701,29,1,valid,0.9611687879747041,1.0,0.1326602675685085,identity_without_rescale_tags
,2CH,2ch_s7_6701,30,1,valid,0.9504948104177153,1.0,0.15413407833309187,identity_without_rescale_tags
,2CH,2ch_s7_6701,31,1,valid,0.9455935531200276,0.9987849331713244,0.15891115353714033,identity_without_rescale_tags
,2CH,2ch_s7_6701,32,1,valid,0.926280049403839,1.0,0.17558962929967187,identity_without_rescale_tags
,2CH,2ch_s7_6701,33,1,valid,0.9451014798415852,1.0,0.16378553482828223,identity_without_rescale_tags
,2CH,2ch_s7_6701,34,1,valid,0.9609494253895791,1.0,0.13864669429181897,identity_without_rescale_tags
,2CH,2ch_s7_6701,35,1,valid,0.9479365270925071,1.0,0.14778668423451444,identity_without_rescale_tags
,2CH,2ch_s7_6701,36,1,valid,0.9416173864511552,1.0,0.1654596699925928,identity_without_rescale_tags
,2CH,2ch_s7_6701,37,1,valid,0.9365160116213693,1.0,0.17990009487887146,identity_without_rescale_tags
,2CH,2ch_s7_6701,38,1,valid,0.9311514291436758,1.0,0.18246232895554676,identity_without_rescale_tags
,2CH,2ch_s7_6701,39,1,valid,0.9044557520807257,1.0,0.20812676336190752,identity_without_rescale_tags
,2CH,2ch_s7_6701,40,1,valid,0.9045250120270131,1.0,0.21663525260628583,identity_without_rescale_tags
,2CH,2ch_s7_6701,41,1,valid,0.90072765817012,0.9980079602226957,0.21789226887609783,identity_without_rescale_tags
,2CH,2ch_s7_6701,42,1,valid,0.9139136129346411,0.9943181818181818,0.19531071088517013,identity_without_rescale_tags
,2CH,2ch_s7_6701,43,1,valid,0.9170811997847541,0.9889060081914343,0.18675446113781738,identity_without_rescale_tags
,2CH,2ch_s7_6701,44,1,valid,0.9315581813586472,0.9983079526226735,0.17726256674502863,identity_without_rescale_tags
,2CH,2ch_s7_6701,45,1,valid,0.9467101145114446,0.9926470588235294,0.14925562055847874,identity_without_rescale_tags
,2CH,2ch_s7_6701,46,1,valid,0.944072486257581,0.9950576606260296,0.14914496992232104,identity_without_rescale_tags
,2CH,2ch_s7_6701,47,1,valid,0.9605084975385311,0.9981905904153675,0.12694662088450154,identity_without_rescale_tags
,2CH,2ch_s7_6701,48,1,valid,0.9613395812056852,1.0,0.12996579411260867,identity_without_rescale_tags
,2CH,2ch_s7_6701,49,1,valid,0.967270788705753,0.9969788519637462,0.11983141575967785,identity_without_rescale_tags
,2CH,2ch_s8_6801,0,1,valid,0.9023670796418487,1.0588235294117647,0.22344772884045327,identity_without_rescale_tags
,2CH,2ch_s8_6801,1,1,valid,0.9231679594422361,1.032967032967033,0.19470822736180643,identity_without_rescale_tags
,2CH,2ch_s8_6801,2,1,valid,0.9477882540924895,1.024390243902439,0.15918758431779767,identity_without_rescale_tags
,2CH,2ch_s8_6801,3,1,valid,0.9465571410777259,1.0150375939849625,0.15282215577735572,identity_without_rescale_tags
,2CH,2ch_s8_6801,4,1,valid,0.9539647902572137,1.0226079972253408,0.1516678942122176,identity_without_rescale_tags
,2CH,2ch_s8_6801,5,1,valid,0.9502852998678526,1.0065359477124183,0.15980259070839364,identity_without_rescale_tags
,2CH,2ch_s8_6801,6,1,valid,0.9265180670298857,1.0200573065902578,0.18940532047663192,identity_without_rescale_tags
,2CH,2ch_s8_6801,7,1,valid,0.9385738667438086,1.0,0.1708651628350581,identity_without_rescale_tags
,2CH,2ch_s8_6801,8,1,valid,0.9450365541199174,1.0,0.16377401125535365,identity_without_rescale_tags
,2CH,2ch_s8_6801,9,1,valid,0.9633247370312135,0.9988584340999809,0.12923554978593824,identity_without_rescale_tags
,2CH,2ch_s8_6801,10,1,valid,0.9547323616191606,0.9949388434691655,0.13089869639106183,identity_without_rescale_tags
,2CH,2ch_s8_6801,11,1,valid,0.9705822080550304,1.0,0.10576139771188688,identity_without_rescale_tags
,2CH,2ch_s8_6801,12,1,valid,0.963761739456635,1.0,0.12328865011829926,identity_without_rescale_tags
,2CH,2ch_s8_6801,13,1,valid,0.9645634614800052,0.9973045822102425,0.12484847407402089,identity_without_rescale_tags
,2CH,2ch_s8_6801,14,1,valid,0.9415663984248578,0.9990290154688205,0.15119705794046798,identity_without_rescale_tags
,2CH,2ch_s8_6801,15,1,valid,0.9363022337717349,1.0,0.16810177841133753,identity_without_rescale_tags
,2CH,2ch_s8_6801,16,1,valid,0.9386881479633121,0.9994913423413517,0.16655547144893065,identity_without_rescale_tags
,2CH,2ch_s8_6801,17,1,valid,0.9485291613599625,0.9995486591653657,0.1493187013937486,identity_without_rescale_tags
,2CH,2ch_s8_6801,18,1,valid,0.9503102096949507,1.0,0.13842284701005791,identity_without_rescale_tags
,2CH,2ch_s8_6801,19,1,valid,0.9588629924145546,1.0063424947145878,0.13277725995984743,identity_without_rescale_tags
,2CH,2ch_s8_6801,20,1,valid,0.9658721157526451,1.0,0.125340588176888,identity_without_rescale_tags
,2CH,2ch_s8_6801,21,1,valid,0.9506397910694598,1.0,0.15442035176203342,identity_without_rescale_tags
,2CH,2ch_s8_6801,22,1,valid,0.9319120302117686,1.0,0.18061855299307256,identity_without_rescale_tags
,2CH,2ch_s8_6801,23,1,valid,0.917148286949542,1.0,0.20327065510203957,identity_without_rescale_tags
,2CH,2ch_s8_6801,24,1,valid,0.938432156629473,1.0,0.17034620757553837,identity_without_rescale_tags
,2CH,2ch_s8_6801,25,1,valid,0.9384641757063258,0.9944165253391859,0.16085492037985835,identity_without_rescale_tags
,2CH,2ch_s8_6801,26,1,valid,0.948922246523903,0.9942483624749634,0.13335405992682914,identity_without_rescale_tags
,2CH,2ch_s8_6801,27,1,valid,0.9614526366914262,1.0023437514305122,0.12579017974231776,identity_without_rescale_tags
,2CH,2ch_s8_6801,28,1,valid,0.9759643444038106,0.9937106918238994,0.1017954241513304,identity_without_rescale_tags
,2CH,2ch_s8_6801,29,1,valid,0.9537128280861239,1.0,0.12743829401689022,identity_without_rescale_tags
,2CH,2ch_s8_6801,30,1,valid,0.9635639744249802,1.0,0.12750984780404806,identity_without_rescale_tags
,2CH,2ch_s8_6801,31,1,valid,0.9495613395052916,1.0,0.15402528351166198,identity_without_rescale_tags
,2CH,2ch_s8_6801,32,1,valid,0.9488007701950552,1.0,0.15516709926418065,identity_without_rescale_tags
,2CH,2ch_s8_6801,33,1,valid,0.9329044194999468,1.0,0.16175575676146417,identity_without_rescale_tags
,2CH,2ch_s8_6801,34,1,valid,0.95812874520816,1.0119047619047619,0.14103340387301275,identity_without_rescale_tags
,2CH,2ch_s8_6801,35,1,valid,0.9638744704386121,1.0,0.12745532610186527,identity_without_rescale_tags
,2CH,2ch_s8_6801,36,1,valid,0.9697780169362581,1.0,0.12355650106357759,identity_without_rescale_tags
,2CH,2ch_s8_6801,37,1,valid,0.9401904258738408,1.0,0.16437479664380386,identity_without_rescale_tags
,2CH,2ch_s8_6801,38,1,valid,0.9279576059923523,1.0,0.19337196888951713,identity_without_rescale_tags
,2CH,2ch_s8_6801,39,1,valid,0.9223378811399808,1.0,0.19667476610499007,identity_without_rescale_tags
,2CH,2ch_s8_6801,40,1,valid,0.9368136467449042,0.9939949956627743,0.17202557523463874,identity_without_rescale_tags
,2CH,2ch_s8_6801,41,1,valid,0.94818385553683,0.9930986854638979,0.15108151232351114,identity_without_rescale_tags
,2CH,2ch_s8_6801,42,1,valid,0.956697401876135,0.9966996699669967,0.14040774246193713,identity_without_rescale_tags
,2CH,2ch_s8_6801,43,1,valid,0.9708622457010121,0.9919812887807701,0.10980881780874907,identity_without_rescale_tags
,2CH,2ch_s8_6801,44,1,valid,0.9638806607281678,0.9960732917020019,0.11628090265801552,identity_without_rescale_tags
,2CH,2ch_s8_6801,45,1,valid,0.9686405834032235,0.9929078014184397,0.11511953747273122,identity_without_rescale_tags
,2CH,2ch_s8_6801,46,1,valid,0.959395097332247,1.0,0.1368887223952364,identity_without_rescale_tags
,2CH,2ch_s8_6801,47,1,valid,0.9593312516033042,0.9959322015201156,0.13616985615877925,identity_without_rescale_tags
,2CH,2ch_s8_6801,48,1,valid,0.9319066791409486,1.0,0.16410532812620945,identity_without_rescale_tags
,2CH,2ch_s8_6801,49,1,valid,0.9315888247868481,1.0,0.1740644354223027,identity_without_rescale_tags
,2CH,2ch_s9_6901,0,1,valid,0.9460837808532295,1.0545454545454545,0.15887502106696644,identity_without_rescale_tags
,2CH,2ch_s9_6901,1,1,valid,0.9553047402864725,1.0387596899224807,0.14924845600408365,identity_without_rescale_tags
,2CH,2ch_s9_6901,2,1,valid,0.951260255151852,1.0256410256410255,0.15815047638882299,identity_without_rescale_tags
,2CH,2ch_s9_6901,3,1,valid,0.9562569462745444,1.0166666666666666,0.15288626206471903,identity_without_rescale_tags
,2CH,2ch_s9_6901,4,1,valid,0.925599333772635,1.0125,0.192898651156553,identity_without_rescale_tags
,2CH,2ch_s9_6901,5,1,valid,0.9257596685912111,1.0076481835564053,0.19587077058928526,identity_without_rescale_tags
,2CH,2ch_s9_6901,6,1,valid,0.922773417677808,1.0,0.2009137316531861,identity_without_rescale_tags
,2CH,2ch_s9_6901,7,1,valid,0.9418513846087526,1.0,0.17014419305112846,identity_without_rescale_tags
,2CH,2ch_s9_6901,8,1,valid,0.9312010157297236,0.9986320109439124,0.17391926840594887,identity_without_rescale_tags
,2CH,2ch_s9_6901,9,1,valid,0.9492945834938485,1.0,0.14900242960671672,identity_without_rescale_tags
,2CH,2ch_s9_6901,10,1,valid,0.9560921609428616,0.9976689976689976,0.14012538259978366,identity_without_rescale_tags
,2CH,2ch_s9_6901,11,1,valid,0.9727917876282499,0.9982588508415554,0.10947899843320881,identity_without_rescale_tags
,2CH,2ch_s9_6901,12,1,valid,0.9598936882869199,0.9975267930750206,0.11772694375818626,identity_without_rescale_tags
,2CH,2ch_s9_6901,13,1,valid,0.9651482451754497,1.0,0.11747508029134614,identity_without_rescale_tags
,2CH,2ch_s9_6901,14,1,valid,0.9663706949673688,1.0,0.12254603357203854,identity_without_rescale_tags
,2CH,2ch_s9_6901,15,1,valid,0.9657159832680253,1.0,0.12151401318075852,identity_without_rescale_tags
,2CH,2ch_s9_6901,16,1,valid,0.9452876728599139,1.0,0.14421010116495903,identity_without_rescale_tags
,2CH,2ch_s9_6901,17,1,valid,0.9423575882152083,1.0,0.1584207194673888,identity_without_rescale_tags
,2CH,2ch_s9_6901,18,1,valid,0.9420350777222348,1.0,0.16276899544331905,identity_without_rescale_tags
,2CH,2ch_s9_6901,19,1,valid,0.9410808490716246,0.9993311036789297,0.1575138049867223,identity_without_rescale_tags
,2CH,2ch_s9_6901,20,1,valid,0.9397257022448604,1.0,0.1530379806707071,identity_without_rescale_tags
,2CH,2ch_s9_6901,21,1,valid,0.9525113268955641,1.0,0.14621928122400663,identity_without_rescale_tags
,2CH,2ch_s9_6901,22,1,valid,0.964197825224536,1.0,0.12938361487734518,identity_without_rescale_tags
,2CH,2ch_s9_6901,23,1,valid,0.9695410211323297,1.0,0.12312254086689431,identity_without_rescale_tags
,2CH,2ch_s9_6901,24,1,valid,0.9540671781202255,1.0,0.14665600640141976,identity_without_rescale_tags
,2CH,2ch_s9_6901,25,1,valid,0.9391883310081169,1.0,0.17547921053352195,identity_without_rescale_tags
,2CH,2ch_s9_6901,26,1,valid,0.9256879822374642,1.0112359550561798,0.19694310433088516,identity_without_rescale_tags
,2CH,2ch_s9_6901,27,1,valid,0.9092938261708301,1.0,0.21751642780410982,identity_without_rescale_tags
,2CH,2ch_s9_6901,28,1,valid,0.9007172585074935,1.0,0.22394086277036226,identity_without_rescale_tags
,2CH,2ch_s9_6901,29,1,valid,0.8934280873437908,1.0,0.23529430828917822,identity_without_rescale_tags
,2CH,2ch_s9_6901,30,1,valid,0.9114211748398774,0.9939393939393939,0.20752522727490735,identity_without_rescale_tags
,2CH,2ch_s9_6901,31,1,valid,0.918496885251624,0.9964349376114082,0.19746171621264547,identity_without_rescale_tags
,2CH,2ch_s9_6901,32,1,valid,0.9264059020543065,0.9963636363636363,0.1754412383664053,identity_without_rescale_tags
,2CH,2ch_s9_6901,33,1,valid,0.9354193798539258,1.0,0.17110378601462067,identity_without_rescale_tags
,2CH,2ch_s9_6901,34,1,valid,0.9585294017292607,0.9921259842519685,0.13557658342693313,identity_without_rescale_tags
,2CH,2ch_s9_6901,35,1,valid,0.9583600563294468,0.997979797979798,0.13056808611028278,identity_without_rescale_tags
,2CH,2ch_s9_6901,36,1,valid,0.9606416030672482,0.9957081545064378,0.11860491042703317,identity_without_rescale_tags
,2CH,2ch_s9_6901,37,1,valid,0.9588832472569415,0.9964664310954063,0.13107145622995311,identity_without_rescale_tags
,2CH,2ch_s9_6901,38,1,valid,0.9722355650651322,0.9964973730297724,0.11384932907152108,identity_without_rescale_tags
,2CH,2ch_s9_6901,39,1,valid,0.9514673594374458,1.0,0.13518335153647837,identity_without_rescale_tags
,2CH,2ch_s9_6901,40,1,valid,0.9557588582189457,1.0,0.13799684240839138,identity_without_rescale_tags
,2CH,2ch_s9_6901,41,1,valid,0.9508045006970167,1.0,0.14584427436054495,identity_without_rescale_tags
,2CH,2ch_s9_6901,42,1,valid,0.960083571762116,1.0,0.1340126763028964,identity_without_rescale_tags
,2CH,2ch_s9_6901,43,1,valid,0.9341261365670631,1.0,0.15849220749922605,identity_without_rescale_tags
,2CH,2ch_s9_6901,44,1,valid,0.9367753331978165,1.0,0.17093084322012345,identity_without_rescale_tags
,2CH,2ch_s9_6901,45,1,valid,0.9263598451510082,1.0,0.18274111698969442,identity_without_rescale_tags
,2CH,2ch_s9_6901,46,1,valid,0.9235818820532258,1.0,0.18391226192125165,identity_without_rescale_tags
,2CH,2ch_s9_6901,47,1,valid,0.8971422485860306,1.0,0.2083812718829351,identity_without_rescale_tags
,2CH,2ch_s9_6901,48,1,valid,0.9180170264032362,1.0,0.19775012791050112,identity_without_rescale_tags
,2CH,2ch_s9_6901,49,1,valid,0.9355261743009193,1.0,0.17905746364878203,identity_without_rescale_tags
,4CH,4ch_s10_12201,0,1,valid,0.9133528615729164,1.0359408290857808,0.2653696799747528,identity_without_rescale_tags
,4CH,4ch_s10_12201,1,1,valid,0.9276775932069091,1.0103092783505154,0.23699133825852978,identity_without_rescale_tags
,4CH,4ch_s10_12201,2,1,valid,0.9296447618127792,1.0,0.22391302295176654,identity_without_rescale_tags
,4CH,4ch_s10_12201,3,1,valid,0.9460389416099714,1.0,0.2011932420856342,identity_without_rescale_tags
,4CH,4ch_s10_12201,4,1,valid,0.9485521478455595,1.0,0.18709704748016973,identity_without_rescale_tags
,4CH,4ch_s10_12201,5,1,valid,0.9561576224347788,0.996318996237698,0.17037877954825928,identity_without_rescale_tags
,4CH,4ch_s10_12201,6,1,valid,0.9641560106529852,1.0,0.15650978567956125,identity_without_rescale_tags
,4CH,4ch_s10_12201,7,1,valid,0.9717960568272767,1.0,0.13574991078176252,identity_without_rescale_tags
,4CH,4ch_s10_12201,8,1,valid,0.9801292830172521,1.0,0.11553350941013091,identity_without_rescale_tags
,4CH,4ch_s10_12201,9,1,valid,0.9698431658871279,0.9974244504735181,0.12397666918232478,identity_without_rescale_tags
,4CH,4ch_s10_12201,10,1,valid,0.9788192818691689,1.003654716435093,0.10879449145444885,identity_without_rescale_tags
,4CH,4ch_s10_12201,11,1,valid,0.9877049036372988,1.0,0.08444586384459682,identity_without_rescale_tags
,4CH,4ch_s10_12201,12,1,valid,0.9844884922378022,1.0,0.09090494602120569,identity_without_rescale_tags
,4CH,4ch_s10_12201,13,1,valid,0.9690803225322238,1.0,0.12288088753640133,identity_without_rescale_tags
,4CH,4ch_s10_12201,14,1,valid,0.9577231637251127,1.007343952250827,0.12912009713769168,identity_without_rescale_tags
,4CH,4ch_s10_12201,15,1,valid,0.9820108377071893,1.0,0.10613795912179728,identity_without_rescale_tags
,4CH,4ch_s10_12201,16,1,valid,0.9619626777286864,1.0,0.13897152251933,identity_without_rescale_tags
,4CH,4ch_s10_12201,17,1,valid,0.9425206781469593,1.0023971238344789,0.16538060298043,identity_without_rescale_tags
,4CH,4ch_s10_12201,18,1,valid,0.9545734948608168,1.0,0.14780408890534114,identity_without_rescale_tags
,4CH,4ch_s10_12201,19,1,valid,0.9594372067601716,1.0,0.14797112693862846,identity_without_rescale_tags
,4CH,4ch_s10_12201,20,1,valid,0.9367990202682925,1.0,0.18074156853095266,identity_without_rescale_tags
,4CH,4ch_s10_12201,21,1,valid,0.9196654892074952,1.0027844077595707,0.18731884649781422,identity_without_rescale_tags
,4CH,4ch_s10_12201,22,1,valid,0.9498915785649099,1.0054970235996818,0.16542096173107906,identity_without_rescale_tags
,4CH,4ch_s10_12201,23,1,valid,0.927370898072669,1.0,0.19840304962829342,identity_without_rescale_tags
,4CH,4ch_s10_12201,24,1,valid,0.9215211109942677,1.003827373492407,0.2041928820755012,identity_without_rescale_tags
,4CH,4ch_s10_12201,25,1,valid,0.9329543106248493,1.0,0.18284451581323813,identity_without_rescale_tags
,4CH,4ch_s10_12201,26,1,valid,0.9626798193884424,1.0,0.1499508562838044,identity_without_rescale_tags
,4CH,4ch_s10_12201,27,1,valid,0.9629168241617725,0.9975539663039663,0.1472453503998565,identity_without_rescale_tags
,4CH,4ch_s10_12201,28,1,valid,0.9450223267327001,1.0,0.1623727058810273,identity_without_rescale_tags
,4CH,4ch_s10_12201,29,1,valid,0.9674199221030405,1.0,0.13203135828682622,identity_without_rescale_tags
,4CH,4ch_s10_12201,30,1,valid,0.9797615426480816,1.0,0.11030483293405749,identity_without_rescale_tags
,4CH,4ch_s10_12201,31,1,valid,0.9817374825872468,0.9958315899799695,0.10751957412298299,identity_without_rescale_tags
,4CH,4ch_s10_12201,32,1,valid,0.9678089686795655,1.0,0.13851078550808904,identity_without_rescale_tags
,4CH,4ch_s10_12201,33,1,valid,0.9753711927784756,0.9929548231750096,0.1202595068520957,identity_without_rescale_tags
,4CH,4ch_s10_12201,34,1,valid,0.9712118103044668,0.9945004536747657,0.1258578996025442,identity_without_rescale_tags
,4CH,4ch_s10_12201,35,1,valid,0.9712604668938004,1.0123402403872301,0.13591328546597747,identity_without_rescale_tags
,4CH,4ch_s10_12201,36,1,valid,0.9633172612486548,1.0,0.13759150249041605,identity_without_rescale_tags
,4CH,4ch_s10_12201,37,1,valid,0.9768891114161622,0.9899422406832452,0.11680679752585776,identity_without_rescale_tags
,4CH,4ch_s10_12201,38,1,valid,0.9737768851284307,0.9960443013215914,0.12055213769070129,identity_without_rescale_tags
,4CH,4ch_s10_12201,39,1,valid,0.9766002160161232,1.0,0.11521404004228222,identity_without_rescale_tags
,4CH,4ch_s10_12201,40,1,valid,0.9800959597067314,1.0,0.1029293890795208,identity_without_rescale_tags
,4CH,4ch_s10_12201,41,1,valid,0.9823007721509123,0.9945054945054945,0.09616414323461694,identity_without_rescale_tags
,4CH,4ch_s10_12201,42,1,valid,0.9790318294911383,1.0,0.09788757401357703,identity_without_rescale_tags
,4CH,4ch_s10_12201,43,1,valid,0.9857821886155489,1.0,0.08846291466135388,identity_without_rescale_tags
,4CH,4ch_s10_12201,44,1,valid,0.9901950122452079,1.0,0.07993333294034358,identity_without_rescale_tags
,4CH,4ch_s10_12201,45,1,valid,0.9742050963597605,1.0,0.11110767969617232,identity_without_rescale_tags
,4CH,4ch_s10_12201,46,1,valid,0.9676861430849384,1.0014734777621377,0.13072863334412063,identity_without_rescale_tags
,4CH,4ch_s10_12201,47,1,valid,0.9747475893240645,1.0,0.12415396566392899,identity_without_rescale_tags
,4CH,4ch_s10_12201,48,1,valid,0.9802047307222939,1.0,0.11708432348057599,identity_without_rescale_tags
,4CH,4ch_s10_12201,49,1,valid,0.9581104085452354,1.0,0.1515103300399227,identity_without_rescale_tags
,4CH,4ch_s11_12301,0,1,valid,0.9729196953657061,1.0526315789473684,0.13414618657396435,identity_without_rescale_tags
,4CH,4ch_s11_12301,1,1,valid,0.9812473579367851,1.0300945829750645,0.10750681988365639,identity_without_rescale_tags
,4CH,4ch_s11_12301,2,1,valid,0.9843785556935665,1.0166666666666666,0.09418481717357362,identity_without_rescale_tags
,4CH,4ch_s11_12301,3,1,valid,0.9609078862244688,1.0032786885245901,0.12930300708346912,identity_without_rescale_tags
,4CH,4ch_s11_12301,4,1,valid,0.9637481807003778,1.014022787028922,0.11868854979899372,identity_without_rescale_tags
,4CH,4ch_s11_12301,5,1,valid,0.981395234559449,1.0,0.09919479633595832,identity_without_rescale_tags
,4CH,4ch_s11_12301,6,1,valid,0.9581687370068651,1.0,0.1313919631174346,identity_without_rescale_tags
,4CH,4ch_s11_12301,7,1,valid,0.9496732114955538,1.002469135802469,0.15106762177497182,identity_without_rescale_tags
,4CH,4ch_s11_12301,8,1,valid,0.9678459684498409,1.0,0.12525614541264785,identity_without_rescale_tags
,4CH,4ch_s11_12301,9,1,valid,0.96587658365851,1.0,0.12855730040639035,identity_without_rescale_tags
,4CH,4ch_s11_12301,10,1,valid,0.940451392010344,1.0,0.16103806205099128,identity_without_rescale_tags
,4CH,4ch_s11_12301,11,1,valid,0.9497245210836567,1.0021367521367521,0.15354042890976838,identity_without_rescale_tags
,4CH,4ch_s11_12301,12,1,valid,0.966673288065849,1.0,0.13207587483129715,identity_without_rescale_tags
,4CH,4ch_s11_12301,13,1,valid,0.9476055035555315,1.0,0.15395006989470886,identity_without_rescale_tags
,4CH,4ch_s11_12301,14,1,valid,0.9524524841850985,1.0,0.155228076742135,identity_without_rescale_tags
,4CH,4ch_s11_12301,15,1,valid,0.9705993800458044,1.0,0.12790662478391596,identity_without_rescale_tags
,4CH,4ch_s11_12301,16,1,valid,0.985784724265728,1.0,0.09399760146207148,identity_without_rescale_tags
,4CH,4ch_s11_12301,17,1,valid,0.975283770543219,0.9892873777363763,0.11671849254805944,identity_without_rescale_tags
,4CH,4ch_s11_12301,18,1,valid,0.9586128863999585,1.0,0.14431842866090602,identity_without_rescale_tags
,4CH,4ch_s11_12301,19,1,valid,0.9614646911613287,0.9946666666666667,0.14802405050853126,identity_without_rescale_tags
,4CH,4ch_s11_12301,20,1,valid,0.967321878747167,0.9926739926739927,0.13680441694514292,identity_without_rescale_tags
,4CH,4ch_s11_12301,21,1,valid,0.9758092538282073,1.0,0.12614174876442852,identity_without_rescale_tags
,4CH,4ch_s11_12301,22,1,valid,0.9661855501485416,1.0,0.13428122797861652,identity_without_rescale_tags
,4CH,4ch_s11_12301,23,1,valid,0.980886061161536,1.0079575596816976,0.10323115824425726,identity_without_rescale_tags
,4CH,4ch_s11_12301,24,1,valid,0.9764297241146728,1.0,0.10167731474538978,identity_without_rescale_tags
,4CH,4ch_s11_12301,25,1,valid,0.9788204949032534,1.0,0.09691317822893573,identity_without_rescale_tags
,4CH,4ch_s11_12301,26,1,valid,0.9838652090560217,1.0,0.08855578499889015,identity_without_rescale_tags
,4CH,4ch_s11_12301,27,1,valid,0.9789200978550117,0.9966273187183811,0.09542777151653084,identity_without_rescale_tags
,4CH,4ch_s11_12301,28,1,valid,0.9766271052426209,1.0,0.1032610738501994,identity_without_rescale_tags
,4CH,4ch_s11_12301,29,1,valid,0.9824973270900517,1.0,0.08735621928381763,identity_without_rescale_tags
,4CH,4ch_s11_12301,30,1,valid,0.9871330831980528,1.0,0.0821547709815686,identity_without_rescale_tags
,4CH,4ch_s11_12301,31,1,valid,0.9707062429316747,0.9987293519695044,0.11068544299841238,identity_without_rescale_tags
,4CH,4ch_s11_12301,32,1,valid,0.972445849735538,1.0,0.10711042651796945,identity_without_rescale_tags
,4CH,4ch_s11_12301,33,1,valid,0.979888130087636,0.9946236559139785,0.10643700588115204,identity_without_rescale_tags
,4CH,4ch_s11_12301,34,1,valid,0.974642509846718,0.993529118964659,0.12299516709797399,identity_without_rescale_tags
,4CH,4ch_s11_12301,35,1,valid,0.9759269382734981,0.9984251968503937,0.1316004545927934,identity_without_rescale_tags
,4CH,4ch_s11_12301,36,1,valid,0.9570622294559753,1.0,0.16691471737650124,identity_without_rescale_tags
,4CH,4ch_s11_12301,37,1,valid,0.9709364506409475,0.9946917109024092,0.13576519073420418,identity_without_rescale_tags
,4CH,4ch_s11_12301,38,1,valid,0.9667984972323532,0.9966329966329966,0.1286612330353574,identity_without_rescale_tags
,4CH,4ch_s11_12301,39,1,valid,0.9754282723586768,1.0,0.11363033869555464,identity_without_rescale_tags
,4CH,4ch_s11_12301,40,1,valid,0.9755390966873899,1.0,0.10909440355657832,identity_without_rescale_tags
,4CH,4ch_s11_12301,41,1,valid,0.980611899592072,0.9995027349577325,0.09712120724381516,identity_without_rescale_tags
,4CH,4ch_s11_12301,42,1,valid,0.979654400519763,1.0,0.09696580204030034,identity_without_rescale_tags
,4CH,4ch_s11_12301,43,1,valid,0.984266425118124,1.0,0.08407989244167759,identity_without_rescale_tags
,4CH,4ch_s11_12301,44,1,valid,0.9876366974071753,1.0,0.0819325046204102,identity_without_rescale_tags
,4CH,4ch_s11_12301,45,1,valid,0.9748934221961708,0.9955555555555555,0.10275261561468314,identity_without_rescale_tags
,4CH,4ch_s11_12301,46,1,valid,0.9787689766058714,1.00672344240251,0.09314259709194934,identity_without_rescale_tags
,4CH,4ch_s11_12301,47,1,valid,0.9816193274681887,0.994413407821229,0.09608396197789368,identity_without_rescale_tags
,4CH,4ch_s11_12301,48,1,valid,0.9790315378742025,0.989010989010989,0.113867198602396,identity_without_rescale_tags
,4CH,4ch_s11_12301,49,1,valid,0.9760315724684823,0.9965870307167235,0.12453507616054135,identity_without_rescale_tags
,4CH,4ch_s12_12401,0,1,valid,0.9755985424107211,1.04,0.1248857531498112,identity_without_rescale_tags
,4CH,4ch_s12_12401,1,1,valid,0.9862796826983096,1.0188679245283019,0.09874860292901295,identity_without_rescale_tags
,4CH,4ch_s12_12401,2,1,valid,0.9748615272856042,1.0091743119266054,0.1099390331036413,identity_without_rescale_tags
,4CH,4ch_s12_12401,3,1,valid,0.9762851755960759,1.0095893802388503,0.10685200417461663,identity_without_rescale_tags
,4CH,4ch_s12_12401,4,1,valid,0.9873395418821358,1.0024096945204128,0.08627285202817829,identity_without_rescale_tags
,4CH,4ch_s12_12401,5,1,valid,0.977283784360356,1.0,0.10190842293391421,identity_without_rescale_tags
,4CH,4ch_s12_12401,6,1,valid,0.9697469671376305,1.0,0.12015107907833503,identity_without_rescale_tags
,4CH,4ch_s12_12401,7,1,valid,0.9863729295332089,1.0,0.08930768449878612,identity_without_rescale_tags
,4CH,4ch_s12_12401,8,1,valid,0.9865122644293037,0.998719590268886,0.08923147020457639,identity_without_rescale_tags
,4CH,4ch_s12_12401,9,1,valid,0.9714845963392651,0.99581589958159,0.11874101131591638,identity_without_rescale_tags
,4CH,4ch_s12_12401,10,1,valid,0.9692821050567806,1.0,0.13595244047131835,identity_without_rescale_tags
,4CH,4ch_s12_12401,11,1,valid,0.9729608659424731,0.9982810330053482,0.13227827500255762,identity_without_rescale_tags
,4CH,4ch_s12_12401,12,1,valid,0.9699155543649958,0.9990133007256888,0.12584591439206605,identity_without_rescale_tags
,4CH,4ch_s12_12401,13,1,valid,0.9761857685880154,1.0,0.11036348302855248,identity_without_rescale_tags
,4CH,4ch_s12_12401,14,1,valid,0.9826310140223661,1.0,0.09546893039483248,identity_without_rescale_tags
,4CH,4ch_s12_12401,15,1,valid,0.9845486978858207,1.0,0.08786178515868785,identity_without_rescale_tags
,4CH,4ch_s12_12401,16,1,valid,0.9751694273428444,1.0,0.10519242156431148,identity_without_rescale_tags
,4CH,4ch_s12_12401,17,1,valid,0.9863554853792815,1.0,0.08340069507584558,identity_without_rescale_tags
,4CH,4ch_s12_12401,18,1,valid,0.9880800122196991,1.0,0.08101396812896093,identity_without_rescale_tags
,4CH,4ch_s12_12401,19,1,valid,0.9715533774598939,1.0,0.10954004994183121,identity_without_rescale_tags
,4CH,4ch_s12_12401,20,1,valid,0.9741171442425594,1.0,0.11812272987486522,identity_without_rescale_tags
,4CH,4ch_s12_12401,21,1,valid,0.983830098897116,1.0,0.09715768104528316,identity_without_rescale_tags
,4CH,4ch_s12_12401,22,1,valid,0.9787500074650932,1.0,0.10137277356597899,identity_without_rescale_tags
,4CH,4ch_s12_12401,23,1,valid,0.9664586162423727,0.998245608635299,0.11990529462737376,identity_without_rescale_tags
,4CH,4ch_s12_12401,24,1,valid,0.9779088045753512,1.0,0.106583949740594,identity_without_rescale_tags
,4CH,4ch_s12_12401,25,1,valid,0.984880178944291,0.9940405244338498,0.10232883151657246,identity_without_rescale_tags
,4CH,4ch_s12_12401,26,1,valid,0.9704790945318327,1.0,0.12717429964557966,identity_without_rescale_tags
,4CH,4ch_s12_12401,27,1,valid,0.9696159073013515,1.0,0.13892043743715177,identity_without_rescale_tags
,4CH,4ch_s12_12401,28,1,valid,0.9752298360426026,1.0,0.12758763847502158,identity_without_rescale_tags
,4CH,4ch_s12_12401,29,1,valid,0.9758594883614661,0.9975049893986949,0.11230321125122171,identity_without_rescale_tags
,4CH,4ch_s12_12401,30,1,valid,0.9812834617327145,1.0,0.09851135587966865,identity_without_rescale_tags
,4CH,4ch_s12_12401,31,1,valid,0.9877738671136262,1.0,0.07729490186766913,identity_without_rescale_tags
,4CH,4ch_s12_12401,32,1,valid,0.98870749238583,1.0,0.07403715477567839,identity_without_rescale_tags
,4CH,4ch_s12_12401,33,1,valid,0.9723945900675965,0.9985528219971056,0.11126928664016385,identity_without_rescale_tags
,4CH,4ch_s12_12401,34,1,valid,0.9721162744617429,1.0,0.10592451502863703,identity_without_rescale_tags
,4CH,4ch_s12_12401,35,1,valid,0.9844047728881686,1.0,0.09197255976833754,identity_without_rescale_tags
,4CH,4ch_s12_12401,36,1,valid,0.9680132519844125,1.0,0.12313067784765896,identity_without_rescale_tags
,4CH,4ch_s12_12401,37,1,valid,0.9616208334799706,1.0,0.13837043329540624,identity_without_rescale_tags
,4CH,4ch_s12_12401,38,1,valid,0.9778185090825275,1.0212765957446808,0.11071542693284937,identity_without_rescale_tags
,4CH,4ch_s12_12401,39,1,valid,0.9845439981898235,0.9987021409200398,0.09224323561406088,identity_without_rescale_tags
,4CH,4ch_s12_12401,40,1,valid,0.9714259886223131,1.0,0.12258067370591345,identity_without_rescale_tags
,4CH,4ch_s12_12401,41,1,valid,0.9754138154884927,1.0,0.12710380394131945,identity_without_rescale_tags
,4CH,4ch_s12_12401,42,1,valid,0.9767583623767452,1.0,0.12387860089132331,identity_without_rescale_tags
,4CH,4ch_s12_12401,43,1,valid,0.973944318640647,0.9937106918238994,0.12030604318024614,identity_without_rescale_tags
,4CH,4ch_s12_12401,44,1,valid,0.9790468700218801,1.0,0.10930545754243814,identity_without_rescale_tags
,4CH,4ch_s12_12401,45,1,valid,0.9856174800422507,1.0,0.08842988024824909,identity_without_rescale_tags
,4CH,4ch_s12_12401,46,1,valid,0.9849213355785632,1.0,0.08089037942567631,identity_without_rescale_tags
,4CH,4ch_s12_12401,47,1,valid,0.9704850746909626,1.0,0.11128307343572907,identity_without_rescale_tags
,4CH,4ch_s12_12401,48,1,valid,0.9791712079482153,1.0,0.09176490714993094,identity_without_rescale_tags
,4CH,4ch_s12_12401,49,1,valid,0.9887210899109855,1.0,0.078504930643583,identity_without_rescale_tags
,4CH,4ch_s13_12501,0,1,valid,0.963988494806656,1.0236301397577101,0.15605314392276512,identity_without_rescale_tags
,4CH,4ch_s13_12501,1,1,valid,0.9641398909059342,1.0340425531914894,0.1622130917090441,identity_without_rescale_tags
,4CH,4ch_s13_12501,2,1,valid,0.9680458055131371,1.0123456790123457,0.15021175244473897,identity_without_rescale_tags
,4CH,4ch_s13_12501,3,1,valid,0.9754970171760416,1.0,0.12420634036821872,identity_without_rescale_tags
,4CH,4ch_s13_12501,4,1,valid,0.976458682637293,1.0053930472964696,0.11487387112975343,identity_without_rescale_tags
,4CH,4ch_s13_12501,5,1,valid,0.9815312777967187,1.0009510483691533,0.10228246993186775,identity_without_rescale_tags
,4CH,4ch_s13_12501,6,1,valid,0.9862465676339955,1.0,0.08577876138420021,identity_without_rescale_tags
,4CH,4ch_s13_12501,7,1,valid,0.9759344263739328,1.0,0.09896884077048727,identity_without_rescale_tags
,4CH,4ch_s13_12501,8,1,valid,0.979824361431726,1.0063626726085797,0.09779321667130372,identity_without_rescale_tags
,4CH,4ch_s13_12501,9,1,valid,0.9860383755486394,1.0,0.08588410884538172,identity_without_rescale_tags
,4CH,4ch_s13_12501,10,1,valid,0.9790019941080292,1.0,0.09718909402674604,identity_without_rescale_tags
,4CH,4ch_s13_12501,11,1,valid,0.9635940024776601,1.0,0.13124509009877697,identity_without_rescale_tags
,4CH,4ch_s13_12501,12,1,valid,0.9722464897113083,1.0,0.11538601594710421,identity_without_rescale_tags
,4CH,4ch_s13_12501,13,1,valid,0.9797339873652202,1.0,0.1038525374138622,identity_without_rescale_tags
,4CH,4ch_s13_12501,14,1,valid,0.9556095852360567,1.0,0.1425324692660808,identity_without_rescale_tags
,4CH,4ch_s13_12501,15,1,valid,0.96172777868756,1.0278672285671884,0.14441407268134046,identity_without_rescale_tags
,4CH,4ch_s13_12501,16,1,valid,0.9802274061774905,1.0,0.10537935404304073,identity_without_rescale_tags
,4CH,4ch_s13_12501,17,1,valid,0.9812442878603419,0.9961823964348522,0.09464169054610487,identity_without_rescale_tags
,4CH,4ch_s13_12501,18,1,valid,0.972004660652661,0.998192754688223,0.1182061698108576,identity_without_rescale_tags
,4CH,4ch_s13_12501,19,1,valid,0.9744619492294593,1.0,0.1270452379796743,identity_without_rescale_tags
,4CH,4ch_s13_12501,20,1,valid,0.9745298110601109,0.9984114286291096,0.12827055721505337,identity_without_rescale_tags
,4CH,4ch_s13_12501,21,1,valid,0.9753057714877044,0.9943820224719101,0.11811733973099281,identity_without_rescale_tags
,4CH,4ch_s13_12501,22,1,valid,0.9806515922587257,1.0,0.1062751441901284,identity_without_rescale_tags
,4CH,4ch_s13_12501,23,1,valid,0.9839768572172933,1.0,0.08874263283316701,identity_without_rescale_tags
,4CH,4ch_s13_12501,24,1,valid,0.9891000980598351,1.0,0.07564953083580318,identity_without_rescale_tags
,4CH,4ch_s13_12501,25,1,valid,0.974354229799175,0.9969834018854875,0.10500376593939713,identity_without_rescale_tags
,4CH,4ch_s13_12501,26,1,valid,0.974608309921557,1.0,0.10343528450140177,identity_without_rescale_tags
,4CH,4ch_s13_12501,27,1,valid,0.9862687175574796,1.0,0.0857436455638064,identity_without_rescale_tags
,4CH,4ch_s13_12501,28,1,valid,0.9774639707711498,1.0,0.10379336966169178,identity_without_rescale_tags
,4CH,4ch_s13_12501,29,1,valid,0.9609599311029965,1.0,0.13779616286063287,identity_without_rescale_tags
,4CH,4ch_s13_12501,30,1,valid,0.974117079072859,1.0,0.1105660088190737,identity_without_rescale_tags
,4CH,4ch_s13_12501,31,1,valid,0.98803595617154,0.9967897188556353,0.08084037773394807,identity_without_rescale_tags
,4CH,4ch_s13_12501,32,1,valid,0.9742516937836363,0.9945180436252536,0.10951492856909961,identity_without_rescale_tags
,4CH,4ch_s13_12501,33,1,valid,0.9716909561552857,1.0,0.12732885835918395,identity_without_rescale_tags
,4CH,4ch_s13_12501,34,1,valid,0.9663533034913941,1.0,0.14675194776151315,identity_without_rescale_tags
,4CH,4ch_s13_12501,35,1,valid,0.9770718427781172,0.9941432236229377,0.12783803816925896,identity_without_rescale_tags
,4CH,4ch_s13_12501,36,1,valid,0.972189571418407,1.0,0.12155610610961878,identity_without_rescale_tags
,4CH,4ch_s13_12501,37,1,valid,0.9764943960531721,1.0,0.1045137731222645,identity_without_rescale_tags
,4CH,4ch_s13_12501,38,1,valid,0.9812169449141652,1.0,0.09518008426931025,identity_without_rescale_tags
,4CH,4ch_s13_12501,39,1,valid,0.9841238750519882,1.0106382978723405,0.09132199541641578,identity_without_rescale_tags
,4CH,4ch_s13_12501,40,1,valid,0.9705525274414607,1.0,0.11370161106092541,identity_without_rescale_tags
,4CH,4ch_s13_12501,41,1,valid,0.982733558412157,1.0,0.09382817328801116,identity_without_rescale_tags
,4CH,4ch_s13_12501,42,1,valid,0.9845761298903264,1.0,0.09026059835145174,identity_without_rescale_tags
,4CH,4ch_s13_12501,43,1,valid,0.9698842578550817,0.9967050981413931,0.11852426142967612,identity_without_rescale_tags
,4CH,4ch_s13_12501,44,1,valid,0.964295320408862,1.0,0.13286907653233293,identity_without_rescale_tags
,4CH,4ch_s13_12501,45,1,valid,0.9805425696558595,1.0,0.10296223110721962,identity_without_rescale_tags
,4CH,4ch_s13_12501,46,1,valid,0.9874948925615736,1.0,0.07941192641975306,identity_without_rescale_tags
,4CH,4ch_s13_12501,47,1,valid,0.9718808085777944,0.9919749311668182,0.11215032512376989,identity_without_rescale_tags
,4CH,4ch_s13_12501,48,1,valid,0.9768924784799797,1.0,0.11690936909810691,identity_without_rescale_tags
,4CH,4ch_s13_12501,49,1,valid,0.9747157495044312,0.9930949817035204,0.1274845232613807,identity_without_rescale_tags
,4CH,4ch_s14_12601,0,1,valid,0.9669616311470804,1.0217391304347827,0.13923519978747742,identity_without_rescale_tags
,4CH,4ch_s14_12601,1,1,valid,0.9735258743743931,1.0303030303030303,0.12263404623751993,identity_without_rescale_tags
,4CH,4ch_s14_12601,2,1,valid,0.9817735213794364,1.04780024233123,0.10592737579174609,identity_without_rescale_tags
,4CH,4ch_s14_12601,3,1,valid,0.9866658775748691,1.0017636903743565,0.08722124545124038,identity_without_rescale_tags
,4CH,4ch_s14_12601,4,1,valid,0.9679008071973474,1.0,0.11807463631469822,identity_without_rescale_tags
,4CH,4ch_s14_12601,5,1,valid,0.9755950437201025,1.0063131313131313,0.10607086901461299,identity_without_rescale_tags
,4CH,4ch_s14_12601,6,1,valid,0.9817428160341932,1.0,0.09536330736877216,identity_without_rescale_tags
,4CH,4ch_s14_12601,7,1,valid,0.9710642601322298,1.0,0.11439890884538083,identity_without_rescale_tags
,4CH,4ch_s14_12601,8,1,valid,0.9684273184218212,1.0,0.1183059087474191,identity_without_rescale_tags
,4CH,4ch_s14_12601,9,1,valid,0.9815590742988898,1.0,0.10044509601848524,identity_without_rescale_tags
,4CH,4ch_s14_12601,10,1,valid,0.9858735973382976,1.0,0.09263683101863472,identity_without_rescale_tags
,4CH,4ch_s14_12601,11,1,valid,0.971922862140407,0.9926931026855517,0.12179644168026776,identity_without_rescale_tags
,4CH,4ch_s14_12601,12,1,valid,0.9711341418576126,1.0,0.13782859253050211,identity_without_rescale_tags
,4CH,4ch_s14_12601,13,1,valid,0.9702874473616782,1.0,0.13298183684087123,identity_without_rescale_tags
,4CH,4ch_s14_12601,14,1,valid,0.9812600707147786,1.0,0.10584041863694797,identity_without_rescale_tags
,4CH,4ch_s14_12601,15,1,valid,0.9757014289120961,0.9975698627548248,0.10475623778332635,identity_without_rescale_tags
,4CH,4ch_s14_12601,16,1,valid,0.974669421347704,1.0041879980433923,0.10348947258366405,identity_without_rescale_tags
,4CH,4ch_s14_12601,17,1,valid,0.9810972301802161,1.0,0.09126433254493878,identity_without_rescale_tags
,4CH,4ch_s14_12601,18,1,valid,0.9763871985312089,1.0,0.09859745491268714,identity_without_rescale_tags
,4CH,4ch_s14_12601,19,1,valid,0.9751120403253921,1.0,0.10435096776231512,identity_without_rescale_tags
,4CH,4ch_s14_12601,20,1,valid,0.9824930730710619,1.0,0.09398084349756873,identity_without_rescale_tags
,4CH,4ch_s14_12601,21,1,valid,0.9874706713128661,0.9963636363636363,0.07989397696795844,identity_without_rescale_tags
,4CH,4ch_s14_12601,22,1,valid,0.9705498500410309,0.9957378783853439,0.11349186000491057,identity_without_rescale_tags
,4CH,4ch_s14_12601,23,1,valid,0.9729704453799998,1.0,0.11093659130381808,identity_without_rescale_tags
,4CH,4ch_s14_12601,24,1,valid,0.9798433071763818,1.0,0.09833656832699589,identity_without_rescale_tags
,4CH,4ch_s14_12601,25,1,valid,0.9732400649054797,0.9982435446667208,0.11217251412686528,identity_without_rescale_tags
,4CH,4ch_s14_12601,26,1,valid,0.9575677758123243,0.9946001668909197,0.14018962936155227,identity_without_rescale_tags
,4CH,4ch_s14_12601,27,1,valid,0.9743136363124157,1.0,0.1126384179611812,identity_without_rescale_tags
,4CH,4ch_s14_12601,28,1,valid,0.9840701687961158,0.9974849037292501,0.08928748259466063,identity_without_rescale_tags
,4CH,4ch_s14_12601,29,1,valid,0.971366314004802,0.9926634055955804,0.11581713518516153,identity_without_rescale_tags
,4CH,4ch_s14_12601,30,1,valid,0.9774449649021515,1.0,0.1225641419050042,identity_without_rescale_tags
,4CH,4ch_s14_12601,31,1,valid,0.9701985578589838,1.0,0.13777961166162098,identity_without_rescale_tags
,4CH,4ch_s14_12601,32,1,valid,0.9782930231126696,1.0,0.12131104017502999,identity_without_rescale_tags
,4CH,4ch_s14_12601,33,1,valid,0.9726836270001475,0.9915226596791491,0.12349393911516701,identity_without_rescale_tags
,4CH,4ch_s14_12601,34,1,valid,0.97430129276672,1.0008368206696807,0.11817001632898101,identity_without_rescale_tags
,4CH,4ch_s14_12601,35,1,valid,0.9804146283758797,1.0,0.09809138194303817,identity_without_rescale_tags
,4CH,4ch_s14_12601,36,1,valid,0.9832097778217872,1.0,0.08905013403459647,identity_without_rescale_tags
,4CH,4ch_s14_12601,37,1,valid,0.9718519003799705,0.9965564591292964,0.10646194763946715,identity_without_rescale_tags
,4CH,4ch_s14_12601,38,1,valid,0.980486153268196,1.001418127361311,0.08765331608235062,identity_without_rescale_tags
,4CH,4ch_s14_12601,39,1,valid,0.9868885667851905,1.0,0.0795193594768956,identity_without_rescale_tags
,4CH,4ch_s14_12601,40,1,valid,0.9666057597348527,1.0,0.11609650490946248,identity_without_rescale_tags
,4CH,4ch_s14_12601,41,1,valid,0.9658378154538055,1.0,0.12490018150185309,identity_without_rescale_tags
,4CH,4ch_s14_12601,42,1,valid,0.9818747701542344,1.0,0.09301758441396787,identity_without_rescale_tags
,4CH,4ch_s14_12601,43,1,valid,0.9867795044249369,1.0,0.07879517592029035,identity_without_rescale_tags
,4CH,4ch_s14_12601,44,1,valid,0.9714440261808583,0.9962264150943396,0.11242129522487836,identity_without_rescale_tags
,4CH,4ch_s14_12601,45,1,valid,0.9766392794795438,1.0,0.12188677691404733,identity_without_rescale_tags
,4CH,4ch_s14_12601,46,1,valid,0.9721322976981911,1.0,0.1344805010075393,identity_without_rescale_tags
,4CH,4ch_s14_12601,47,1,valid,0.9707202373585873,0.9960621306362962,0.13582537099655712,identity_without_rescale_tags
,4CH,4ch_s14_12601,48,1,valid,0.9690601743201368,1.0,0.13658395198709086,identity_without_rescale_tags
,4CH,4ch_s14_12601,49,1,valid,0.9723358159610946,1.0,0.1305393743196971,identity_without_rescale_tags
,4CH,4ch_s15_12701,0,1,valid,0.9713400042051998,1.0277777777777777,0.12873649574932453,identity_without_rescale_tags
,4CH,4ch_s15_12701,1,1,valid,0.9457357381236754,1.0101289134438305,0.15854004555395196,identity_without_rescale_tags
,4CH,4ch_s15_12701,2,1,valid,0.9724032050947516,1.0184633710541988,0.11475008597735713,identity_without_rescale_tags
,4CH,4ch_s15_12701,3,1,valid,0.9792452884464626,1.0,0.10041326216655329,identity_without_rescale_tags
,4CH,4ch_s15_12701,4,1,valid,0.9674034440538046,1.02161307327359,0.12346094513464842,identity_without_rescale_tags
,4CH,4ch_s15_12701,5,1,valid,0.9727516815332103,1.0026845637583892,0.128390888291196,identity_without_rescale_tags
,4CH,4ch_s15_12701,6,1,valid,0.9696266548619158,1.0,0.1383114909164961,identity_without_rescale_tags
,4CH,4ch_s15_12701,7,1,valid,0.9770644587874706,1.0,0.11792654691090035,identity_without_rescale_tags
,4CH,4ch_s15_12701,8,1,valid,0.9774309340616466,1.0,0.10563290130552773,identity_without_rescale_tags
,4CH,4ch_s15_12701,9,1,valid,0.9754686929162814,1.002247191011236,0.10887005262414624,identity_without_rescale_tags
,4CH,4ch_s15_12701,10,1,valid,0.9818152216641483,1.0,0.09275276799324733,identity_without_rescale_tags
,4CH,4ch_s15_12701,11,1,valid,0.9718542944240606,1.0,0.10494745129173018,identity_without_rescale_tags
,4CH,4ch_s15_12701,12,1,valid,0.9794086176852022,1.0041414463204843,0.09576626530002084,identity_without_rescale_tags
,4CH,4ch_s15_12701,13,1,valid,0.9827642661173114,1.0,0.08632916431173883,identity_without_rescale_tags
,4CH,4ch_s15_12701,14,1,valid,0.9813989664216343,1.0,0.0908629845187167,identity_without_rescale_tags
,4CH,4ch_s15_12701,15,1,valid,0.963311691012947,0.9944258639910813,0.12382720728754593,identity_without_rescale_tags
,4CH,4ch_s15_12701,16,1,valid,0.9778770515081292,1.0,0.09761225074041883,identity_without_rescale_tags
,4CH,4ch_s15_12701,17,1,valid,0.980159730077548,1.0,0.09187455822045666,identity_without_rescale_tags
,4CH,4ch_s15_12701,18,1,valid,0.9555629752798296,0.9948006932409013,0.13402600021834815,identity_without_rescale_tags
,4CH,4ch_s15_12701,19,1,valid,0.9634813873543837,1.0,0.12769780655995586,identity_without_rescale_tags
,4CH,4ch_s15_12701,20,1,valid,0.9769263322417048,1.0,0.10345038124006688,identity_without_rescale_tags
,4CH,4ch_s15_12701,21,1,valid,0.9803722284384901,1.0,0.09784623710815354,identity_without_rescale_tags
,4CH,4ch_s15_12701,22,1,valid,0.9707304041734109,0.9978021978021978,0.12206975059680077,identity_without_rescale_tags
,4CH,4ch_s15_12701,23,1,valid,0.9697293503010924,1.0,0.13747210978415333,identity_without_rescale_tags
,4CH,4ch_s15_12701,24,1,valid,0.9713402700640948,1.0,0.13384232362389822,identity_without_rescale_tags
,4CH,4ch_s15_12701,25,1,valid,0.9694878303351011,0.9940119760479041,0.1302051679892577,identity_without_rescale_tags
,4CH,4ch_s15_12701,26,1,valid,0.9731616467880564,1.0032786885245901,0.12795602187153485,identity_without_rescale_tags
,4CH,4ch_s15_12701,27,1,valid,0.9759472990110047,1.0,0.11032600194493675,identity_without_rescale_tags
,4CH,4ch_s15_12701,28,1,valid,0.9828043411886812,1.0,0.09057163137103284,identity_without_rescale_tags
,4CH,4ch_s15_12701,29,1,valid,0.9768769777793885,1.0,0.09978923703289422,identity_without_rescale_tags
,4CH,4ch_s15_12701,30,1,valid,0.9804383301619447,1.00164744645799,0.09632757032420648,identity_without_rescale_tags
,4CH,4ch_s15_12701,31,1,valid,0.9864092071728344,1.0,0.07902329275725034,identity_without_rescale_tags
,4CH,4ch_s15_12701,32,1,valid,0.9672978725826014,0.9961722488038277,0.11301804278477817,identity_without_rescale_tags
,4CH,4ch_s15_12701,33,1,valid,0.9748036349699015,1.0,0.10457207702421727,identity_without_rescale_tags
,4CH,4ch_s15_12701,34,1,valid,0.9787657592869013,1.0,0.09213630568266837,identity_without_rescale_tags
,4CH,4ch_s15_12701,35,1,valid,0.9759086977484096,0.9946524064171123,0.10368180551057794,identity_without_rescale_tags
,4CH,4ch_s15_12701,36,1,valid,0.9575955922392717,0.9970674486803519,0.13477380898231614,identity_without_rescale_tags
,4CH,4ch_s15_12701,37,1,valid,0.9768910619455322,1.0,0.10945258810873347,identity_without_rescale_tags
,4CH,4ch_s15_12701,38,1,valid,0.9809984250518213,0.9972144846796658,0.10342421561375091,identity_without_rescale_tags
,4CH,4ch_s15_12701,39,1,valid,0.9712091645486299,0.9908536585365854,0.11959742681258877,identity_without_rescale_tags
,4CH,4ch_s15_12701,40,1,valid,0.9720249076590705,1.0,0.13394552849007682,identity_without_rescale_tags
,4CH,4ch_s15_12701,41,1,valid,0.9657246264642386,1.0,0.14237374143556403,identity_without_rescale_tags
,4CH,4ch_s15_12701,42,1,valid,0.9786755493247602,1.0,0.11187508946266327,identity_without_rescale_tags
,4CH,4ch_s15_12701,43,1,valid,0.9763117888238915,0.9962746141564662,0.10268535520615596,identity_without_rescale_tags
,4CH,4ch_s15_12701,44,1,valid,0.976525510422055,1.0030316154179297,0.10403712656051414,identity_without_rescale_tags
,4CH,4ch_s15_12701,45,1,valid,0.9817928471065096,1.0,0.09115562888009715,identity_without_rescale_tags
,4CH,4ch_s15_12701,46,1,valid,0.9774993249806903,1.0,0.09947704000696518,identity_without_rescale_tags
,4CH,4ch_s15_12701,47,1,valid,0.9744378744884382,1.0,0.10230230780468585,identity_without_rescale_tags
,4CH,4ch_s15_12701,48,1,valid,0.9776574329613393,1.0,0.09365071488968607,identity_without_rescale_tags
,4CH,4ch_s15_12701,49,1,valid,0.9828299160548554,0.9990079365079365,0.08864506451730121,identity_without_rescale_tags
,4CH,4ch_s16_12801,0,1,valid,0.9669675802216257,1.0500927643784788,0.15161523354820186,identity_without_rescale_tags
,4CH,4ch_s16_12801,1,1,valid,0.9658222397992684,1.0235294117647058,0.14965505960565784,identity_without_rescale_tags
,4CH,4ch_s16_12801,2,1,valid,0.9695811291095467,1.0128205128205128,0.13823510692152519,identity_without_rescale_tags
,4CH,4ch_s16_12801,3,1,valid,0.9716591360240113,1.0037735849056604,0.12731530750464978,identity_without_rescale_tags
,4CH,4ch_s16_12801,4,1,valid,0.960788811112424,1.0114713216957607,0.14528599154558955,identity_without_rescale_tags
,4CH,4ch_s16_12801,5,1,valid,0.9765262593682126,1.0015698587127158,0.10994276882699396,identity_without_rescale_tags
,4CH,4ch_s16_12801,6,1,valid,0.9710537648835635,1.0,0.11353882251207138,identity_without_rescale_tags
,4CH,4ch_s16_12801,7,1,valid,0.9789243243477577,1.0039564787339268,0.10181455668367682,identity_without_rescale_tags
,4CH,4ch_s16_12801,8,1,valid,0.980282239162448,1.0,0.09550064123276536,identity_without_rescale_tags
,4CH,4ch_s16_12801,9,1,valid,0.9819854858233849,1.0,0.09185282443269044,identity_without_rescale_tags
,4CH,4ch_s16_12801,10,1,valid,0.9672398419802258,1.0,0.11810876637928544,identity_without_rescale_tags
,4CH,4ch_s16_12801,11,1,valid,0.9774389069206341,1.0,0.09326124191912825,identity_without_rescale_tags
,4CH,4ch_s16_12801,12,1,valid,0.980617547989894,1.0,0.09448828129045055,identity_without_rescale_tags
,4CH,4ch_s16_12801,13,1,valid,0.9564707845366412,0.994665085951393,0.1335485585282858,identity_without_rescale_tags
,4CH,4ch_s16_12801,14,1,valid,0.9717971366211032,1.0,0.1166989803457014,identity_without_rescale_tags
,4CH,4ch_s16_12801,15,1,valid,0.9761881342182831,1.0,0.1034790886224145,identity_without_rescale_tags
,4CH,4ch_s16_12801,16,1,valid,0.9782648763132092,1.0,0.10748957041624407,identity_without_rescale_tags
,4CH,4ch_s16_12801,17,1,valid,0.972796298708122,0.9953379953379954,0.12342994284656848,identity_without_rescale_tags
,4CH,4ch_s16_12801,18,1,valid,0.9598369879095485,1.0,0.15846110887809836,identity_without_rescale_tags
,4CH,4ch_s16_12801,19,1,valid,0.9723306773863293,1.0,0.1288888122502487,identity_without_rescale_tags
,4CH,4ch_s16_12801,20,1,valid,0.9707965544130748,0.9986893840104849,0.11633843642042409,identity_without_rescale_tags
,4CH,4ch_s16_12801,21,1,valid,0.9777563626166964,1.0,0.10425587598262255,identity_without_rescale_tags
,4CH,4ch_s16_12801,22,1,valid,0.9802317628584516,1.0,0.09518697022684627,identity_without_rescale_tags
,4CH,4ch_s16_12801,23,1,valid,0.9827101852406493,0.9983484723369116,0.0898032769822779,identity_without_rescale_tags
,4CH,4ch_s16_12801,24,1,valid,0.9728125785101369,1.0,0.10977112098198549,identity_without_rescale_tags
,4CH,4ch_s16_12801,25,1,valid,0.9805145470195121,1.0,0.08965439029696423,identity_without_rescale_tags
,4CH,4ch_s16_12801,26,1,valid,0.9824672960160276,1.0108303249097472,0.09120719504668828,identity_without_rescale_tags
,4CH,4ch_s16_12801,27,1,valid,0.9604703745071488,0.9902152641878669,0.1267407494846571,identity_without_rescale_tags
,4CH,4ch_s16_12801,28,1,valid,0.975351852373946,1.0174708818635607,0.10991933452602291,identity_without_rescale_tags
,4CH,4ch_s16_12801,29,1,valid,0.9796322664161167,0.9968051118210862,0.09872579218915942,identity_without_rescale_tags
,4CH,4ch_s16_12801,30,1,valid,0.977913015173491,0.9961218836565097,0.10584423529470706,identity_without_rescale_tags
,4CH,4ch_s16_12801,31,1,valid,0.9745872227405797,1.0,0.1185961516363011,identity_without_rescale_tags
,4CH,4ch_s16_12801,32,1,valid,0.9526110406158822,1.0,0.1668648094843237,identity_without_rescale_tags
,4CH,4ch_s16_12801,33,1,valid,0.9657556551018317,1.0,0.14270438692805734,identity_without_rescale_tags
,4CH,4ch_s16_12801,34,1,valid,0.9690133354363716,0.9948339483394834,0.12490746304845986,identity_without_rescale_tags
,4CH,4ch_s16_12801,35,1,valid,0.9691311883180992,1.0033222591362125,0.12212773950968003,identity_without_rescale_tags
,4CH,4ch_s16_12801,36,1,valid,0.9705530512076977,1.0,0.11599937904454151,identity_without_rescale_tags
,4CH,4ch_s16_12801,37,1,valid,0.9780558886240797,1.0,0.09966367041516291,identity_without_rescale_tags
,4CH,4ch_s16_12801,38,1,valid,0.9780182411424352,1.0,0.10111916592343152,identity_without_rescale_tags
,4CH,4ch_s16_12801,39,1,valid,0.9811147917679588,1.0,0.09179105733815665,identity_without_rescale_tags
,4CH,4ch_s16_12801,40,1,valid,0.984743034994485,0.9969861362266426,0.08544685917174746,identity_without_rescale_tags
,4CH,4ch_s16_12801,41,1,valid,0.9624795922067378,0.989010989010989,0.1253635311066939,identity_without_rescale_tags
,4CH,4ch_s16_12801,42,1,valid,0.9735125017558766,1.0,0.10729350322842553,identity_without_rescale_tags
,4CH,4ch_s16_12801,43,1,valid,0.9728082360648032,0.9973614775725593,0.10930709346976408,identity_without_rescale_tags
,4CH,4ch_s16_12801,44,1,valid,0.9563780594268693,0.999611046285492,0.13755577609967948,identity_without_rescale_tags
,4CH,4ch_s16_12801,45,1,valid,0.9510035535134496,1.0,0.15347749882681294,identity_without_rescale_tags
,4CH,4ch_s16_12801,46,1,valid,0.9631782700173531,1.0,0.13287849212745534,identity_without_rescale_tags
,4CH,4ch_s16_12801,47,1,valid,0.974443055355117,1.0,0.1155655495991822,identity_without_rescale_tags
,4CH,4ch_s16_12801,48,1,valid,0.9605352889954105,0.9914821124361158,0.1399762134309767,identity_without_rescale_tags
,4CH,4ch_s16_12801,49,1,valid,0.9679307917665138,1.0,0.13760800859192146,identity_without_rescale_tags
,4CH,4ch_s17_12901,0,1,valid,0.977258802939827,1.03,0.12016519943922085,identity_without_rescale_tags
,4CH,4ch_s17_12901,1,1,valid,0.9729246533270443,1.0166666666666666,0.11825928185140715,identity_without_rescale_tags
,4CH,4ch_s17_12901,2,1,valid,0.9782905533910559,1.0174844895657078,0.10241818660340833,identity_without_rescale_tags
,4CH,4ch_s17_12901,3,1,valid,0.9862570714274629,1.0031007751937984,0.08311497333074638,identity_without_rescale_tags
,4CH,4ch_s17_12901,4,1,valid,0.9623933809835798,1.0014727540500736,0.1217636717356134,identity_without_rescale_tags
,4CH,4ch_s17_12901,5,1,valid,0.9682888516466317,1.0,0.11942124789527044,identity_without_rescale_tags
,4CH,4ch_s17_12901,6,1,valid,0.9731389680802845,1.0,0.11014749828095148,identity_without_rescale_tags
,4CH,4ch_s17_12901,7,1,valid,0.9690803397467074,1.0,0.11825841841704654,identity_without_rescale_tags
,4CH,4ch_s17_12901,8,1,valid,0.9512044252003654,1.0,0.14320161646145912,identity_without_rescale_tags
,4CH,4ch_s17_12901,9,1,valid,0.9728038920274602,1.0015881418740074,0.1150733672166013,identity_without_rescale_tags
,4CH,4ch_s17_12901,10,1,valid,0.9784348971677466,1.0,0.10810979020227092,identity_without_rescale_tags
,4CH,4ch_s17_12901,11,1,valid,0.9677564694234854,0.9975825946817083,0.12815889921725548,identity_without_rescale_tags
,4CH,4ch_s17_12901,12,1,valid,0.9698516318879249,1.0,0.14065352456430572,identity_without_rescale_tags
,4CH,4ch_s17_12901,13,1,valid,0.9617995839073422,1.0,0.14764070728754464,identity_without_rescale_tags
,4CH,4ch_s17_12901,14,1,valid,0.9785845859630014,1.0,0.10824100832378508,identity_without_rescale_tags
,4CH,4ch_s17_12901,15,1,valid,0.9747133422379329,0.9976883957466481,0.10432244171977698,identity_without_rescale_tags
,4CH,4ch_s17_12901,16,1,valid,0.9756396960683607,1.006060606060606,0.10883940665334853,identity_without_rescale_tags
,4CH,4ch_s17_12901,17,1,valid,0.9786526512724126,1.0,0.09673645952002963,identity_without_rescale_tags
,4CH,4ch_s17_12901,18,1,valid,0.9726603722451166,1.0,0.10656633704796041,identity_without_rescale_tags
,4CH,4ch_s17_12901,19,1,valid,0.9746143833924849,1.0,0.10654410286625939,identity_without_rescale_tags
,4CH,4ch_s17_12901,20,1,valid,0.9777359847234269,1.0,0.09807834705990308,identity_without_rescale_tags
,4CH,4ch_s17_12901,21,1,valid,0.9778205773768363,0.9970291146761735,0.10297562265219189,identity_without_rescale_tags
,4CH,4ch_s17_12901,22,1,valid,0.9569367745256784,0.9952011812476929,0.13352608006457012,identity_without_rescale_tags
,4CH,4ch_s17_12901,23,1,valid,0.9721108339717784,1.0,0.1139869040669781,identity_without_rescale_tags
,4CH,4ch_s17_12901,24,1,valid,0.9797636001622071,1.0,0.099601297382727,identity_without_rescale_tags
,4CH,4ch_s17_12901,25,1,valid,0.9772526920383814,0.9968196274420718,0.10839072600914462,identity_without_rescale_tags
,4CH,4ch_s17_12901,26,1,valid,0.9756306247345851,1.0,0.11808191181887087,identity_without_rescale_tags
,4CH,4ch_s17_12901,27,1,valid,0.9619973102277866,1.0,0.15215898460501612,identity_without_rescale_tags
,4CH,4ch_s17_12901,28,1,valid,0.9696507219237942,1.0,0.13473713638683976,identity_without_rescale_tags
,4CH,4ch_s17_12901,29,1,valid,0.970117058666435,0.9942148760330578,0.11826699336130975,identity_without_rescale_tags
,4CH,4ch_s17_12901,30,1,valid,0.9750633406806609,1.005639097744361,0.11078396476197978,identity_without_rescale_tags
,4CH,4ch_s17_12901,31,1,valid,0.9743096458573538,1.0,0.10805511598497333,identity_without_rescale_tags
,4CH,4ch_s17_12901,32,1,valid,0.981807691007853,0.9969456322541234,0.09141767499904598,identity_without_rescale_tags
,4CH,4ch_s17_12901,33,1,valid,0.9717140941814167,0.9977595220313666,0.10846718633924543,identity_without_rescale_tags
,4CH,4ch_s17_12901,34,1,valid,0.9796998165091374,1.0,0.09259506980712941,identity_without_rescale_tags
,4CH,4ch_s17_12901,35,1,valid,0.9829916195261051,0.998792270531401,0.08703554890657228,identity_without_rescale_tags
,4CH,4ch_s17_12901,36,1,valid,0.9615201813124241,1.0,0.12381067630731064,identity_without_rescale_tags
,4CH,4ch_s17_12901,37,1,valid,0.9699753897036041,1.0,0.11860313935710774,identity_without_rescale_tags
,4CH,4ch_s17_12901,38,1,valid,0.9767069461952527,1.0,0.102282520999,identity_without_rescale_tags
,4CH,4ch_s17_12901,39,1,valid,0.9829091839371775,0.9971509971509972,0.09324361823660078,identity_without_rescale_tags
,4CH,4ch_s17_12901,40,1,valid,0.9692696733289483,0.9935355544505221,0.12357734806480918,identity_without_rescale_tags
,4CH,4ch_s17_12901,41,1,valid,0.9679560207107114,1.0,0.14113866711912618,identity_without_rescale_tags
,4CH,4ch_s17_12901,42,1,valid,0.9627793944164333,1.0,0.1483604933582672,identity_without_rescale_tags
,4CH,4ch_s17_12901,43,1,valid,0.9649545463029771,0.9939024390243902,0.13694432727160882,identity_without_rescale_tags
,4CH,4ch_s17_12901,44,1,valid,0.9738308860773384,1.0010559662090812,0.12438879636732263,identity_without_rescale_tags
,4CH,4ch_s17_12901,45,1,valid,0.9730333193903834,1.0,0.117414066254581,identity_without_rescale_tags
,4CH,4ch_s17_12901,46,1,valid,0.9841645766781274,1.0,0.09003130463435069,identity_without_rescale_tags
,4CH,4ch_s17_12901,47,1,valid,0.9713991015921574,0.9958779884583677,0.11056877421395712,identity_without_rescale_tags
,4CH,4ch_s17_12901,48,1,valid,0.9806565892620566,1.0,0.09388966414904046,identity_without_rescale_tags
,4CH,4ch_s17_12901,49,1,valid,0.9816535009182827,1.0,0.08894902850294521,identity_without_rescale_tags
,4CH,4ch_s18_13001,0,1,valid,0.9719739971549677,1.0391327109327284,0.13829882549303998,identity_without_rescale_tags
,4CH,4ch_s18_13001,1,1,valid,0.9702678898824252,1.0222222222222221,0.13367990043758995,identity_without_rescale_tags
,4CH,4ch_s18_13001,2,1,valid,0.9760816499517463,1.01192377315761,0.11987603300177144,identity_without_rescale_tags
,4CH,4ch_s18_13001,3,1,valid,0.9690723035222127,1.0,0.12998463927599682,identity_without_rescale_tags
,4CH,4ch_s18_13001,4,1,valid,0.9574668896244822,1.0142857142857142,0.1598982797998179,identity_without_rescale_tags
,4CH,4ch_s18_13001,5,1,valid,0.9657477142713342,1.0,0.13153206297554934,identity_without_rescale_tags
,4CH,4ch_s18_13001,6,1,valid,0.9690241750306241,1.0,0.11678768260946767,identity_without_rescale_tags
,4CH,4ch_s18_13001,7,1,valid,0.9794761601135391,1.003795067931956,0.10064063120033158,identity_without_rescale_tags
,4CH,4ch_s18_13001,8,1,valid,0.9777568247212656,1.0022331415763883,0.10272548320058779,identity_without_rescale_tags
,4CH,4ch_s18_13001,9,1,valid,0.9862653380106674,1.0,0.08515740126364123,identity_without_rescale_tags
,4CH,4ch_s18_13001,10,1,valid,0.9684912134030528,1.0,0.11633663941822996,identity_without_rescale_tags
,4CH,4ch_s18_13001,11,1,valid,0.977328018274857,1.0,0.10210138077842106,identity_without_rescale_tags
,4CH,4ch_s18_13001,12,1,valid,0.9763221336251197,1.0,0.10445214823337998,identity_without_rescale_tags
,4CH,4ch_s18_13001,13,1,valid,0.961066239519658,1.0,0.1343045152413986,identity_without_rescale_tags
,4CH,4ch_s18_13001,14,1,valid,0.9566535566416512,1.0,0.1425007003386927,identity_without_rescale_tags
,4CH,4ch_s18_13001,15,1,valid,0.9658440133861925,1.0,0.1314978723152069,identity_without_rescale_tags
,4CH,4ch_s18_13001,16,1,valid,0.9712118783955199,1.0,0.12138536908703872,identity_without_rescale_tags
,4CH,4ch_s18_13001,17,1,valid,0.9591024505577836,0.9972260695598646,0.1365572653499113,identity_without_rescale_tags
,4CH,4ch_s18_13001,18,1,valid,0.9734760463424567,1.0,0.12556592950843176,identity_without_rescale_tags
,4CH,4ch_s18_13001,19,1,valid,0.9720762018194685,0.9954420997087431,0.12167405374951752,identity_without_rescale_tags
,4CH,4ch_s18_13001,20,1,valid,0.968750458628318,0.9955016834259827,0.1312664776157596,identity_without_rescale_tags
,4CH,4ch_s18_13001,21,1,valid,0.9702202406159122,1.0,0.13413155608761287,identity_without_rescale_tags
,4CH,4ch_s18_13001,22,1,valid,0.9552042304981333,1.0,0.1617036339885252,identity_without_rescale_tags
,4CH,4ch_s18_13001,23,1,valid,0.9749495158563942,1.0,0.12280861230822744,identity_without_rescale_tags
,4CH,4ch_s18_13001,24,1,valid,0.9714764146925572,0.9919443330108313,0.12036813315907213,identity_without_rescale_tags
,4CH,4ch_s18_13001,25,1,valid,0.9768910109482486,1.0,0.10868613726000152,identity_without_rescale_tags
,4CH,4ch_s18_13001,26,1,valid,0.9732259907299093,1.0,0.10747460260765328,identity_without_rescale_tags
,4CH,4ch_s18_13001,27,1,valid,0.9777792211246406,0.9976867904659167,0.09926292593597287,identity_without_rescale_tags
,4CH,4ch_s18_13001,28,1,valid,0.9765256174344545,1.018181818181818,0.10625355643922312,identity_without_rescale_tags
,4CH,4ch_s18_13001,29,1,valid,0.9802276794980804,1.0,0.09513487417723027,identity_without_rescale_tags
,4CH,4ch_s18_13001,30,1,valid,0.9832253689668414,0.9985815488681564,0.09355981994432215,identity_without_rescale_tags
,4CH,4ch_s18_13001,31,1,valid,0.9622538132019544,1.00798406374502,0.12924345572780285,identity_without_rescale_tags
,4CH,4ch_s18_13001,32,1,valid,0.9743817167909271,1.0,0.1112947478814897,identity_without_rescale_tags
,4CH,4ch_s18_13001,33,1,valid,0.9736716560224562,1.0,0.11027841910592336,identity_without_rescale_tags
,4CH,4ch_s18_13001,34,1,valid,0.9675451302474052,0.9979274589142891,0.12395005955164261,identity_without_rescale_tags
,4CH,4ch_s18_13001,35,1,valid,0.9585078139979865,0.99581589958159,0.1391596242541817,identity_without_rescale_tags
,4CH,4ch_s18_13001,36,1,valid,0.9752847857497504,1.0,0.11586644945720047,identity_without_rescale_tags
,4CH,4ch_s18_13001,37,1,valid,0.9815082876930897,0.9927007299270073,0.101346991344574,identity_without_rescale_tags
,4CH,4ch_s18_13001,38,1,valid,0.9657593253338679,0.996779379732393,0.1342559110149151,identity_without_rescale_tags
,4CH,4ch_s18_13001,39,1,valid,0.9692104158268825,1.0,0.1435858663104152,identity_without_rescale_tags
,4CH,4ch_s18_13001,40,1,valid,0.9621485370532208,1.0,0.1466396849171093,identity_without_rescale_tags
,4CH,4ch_s18_13001,41,1,valid,0.9746757917749587,0.9971014492753624,0.11594025702121245,identity_without_rescale_tags
,4CH,4ch_s18_13001,42,1,valid,0.9728384149265031,1.0,0.11122727831174727,identity_without_rescale_tags
,4CH,4ch_s18_13001,43,1,valid,0.9752682662030436,1.0,0.10964001109600897,identity_without_rescale_tags
,4CH,4ch_s18_13001,44,1,valid,0.9824440650002577,1.0,0.09063547445125701,identity_without_rescale_tags
,4CH,4ch_s18_13001,45,1,valid,0.9682912950383783,0.9961164902120472,0.1169089255832079,identity_without_rescale_tags
,4CH,4ch_s18_13001,46,1,valid,0.9822397712001311,1.0,0.09225875582922266,identity_without_rescale_tags
,4CH,4ch_s18_13001,47,1,valid,0.9771446838906843,1.0,0.0990255889740135,identity_without_rescale_tags
,4CH,4ch_s18_13001,48,1,valid,0.9756102429118549,1.0,0.10670481128692963,identity_without_rescale_tags
,4CH,4ch_s18_13001,49,1,valid,0.9564029183288724,0.9956584659913169,0.14060588919334951,identity_without_rescale_tags
,4CH,4ch_s19_13101,0,1,valid,0.9424806943045566,1.0414106961142728,0.1796484796260863,identity_without_rescale_tags
,4CH,4ch_s19_13101,1,1,valid,0.9528823589046536,1.0227272727272727,0.16117101363749203,identity_without_rescale_tags
,4CH,4ch_s19_13101,2,1,valid,0.9644121328519185,1.0222222222222221,0.13799812397245595,identity_without_rescale_tags
,4CH,4ch_s19_13101,3,1,valid,0.976918620097713,1.0055248618784531,0.11212961827429407,identity_without_rescale_tags
,4CH,4ch_s19_13101,4,1,valid,0.9651820594309821,1.0010325269992217,0.1315219633774536,identity_without_rescale_tags
,4CH,4ch_s19_13101,5,1,valid,0.9731240169752705,1.0026017491335562,0.13244699390174955,identity_without_rescale_tags
,4CH,4ch_s19_13101,6,1,valid,0.9670256467279437,1.0,0.1340269619364926,identity_without_rescale_tags
,4CH,4ch_s19_13101,7,1,valid,0.9696731332633619,1.0,0.12298274790800358,identity_without_rescale_tags
,4CH,4ch_s19_13101,8,1,valid,0.9729761703820079,1.0,0.11672007036995465,identity_without_rescale_tags
,4CH,4ch_s19_13101,9,1,valid,0.9740835832232496,1.0018240950226245,0.11575079083585758,identity_without_rescale_tags
,4CH,4ch_s19_13101,10,1,valid,0.9836202015049329,1.0,0.09252131086782335,identity_without_rescale_tags
,4CH,4ch_s19_13101,11,1,valid,0.9717942235857314,0.9980638462172841,0.11189939516697725,identity_without_rescale_tags
,4CH,4ch_s19_13101,12,1,valid,0.9814503277215307,1.0,0.09668753951848168,identity_without_rescale_tags
,4CH,4ch_s19_13101,13,1,valid,0.9816600591852699,1.0,0.09087266580089436,identity_without_rescale_tags
,4CH,4ch_s19_13101,14,1,valid,0.9668127298690556,1.0,0.12015956538826272,identity_without_rescale_tags
,4CH,4ch_s19_13101,15,1,valid,0.9743787130415033,1.0,0.1115117365609306,identity_without_rescale_tags
,4CH,4ch_s19_13101,16,1,valid,0.9751663375616664,1.0,0.104158182247113,identity_without_rescale_tags
,4CH,4ch_s19_13101,17,1,valid,0.9763961522749258,1.0,0.10694008242403343,identity_without_rescale_tags
,4CH,4ch_s19_13101,18,1,valid,0.9588864620110121,1.0,0.1344881003190157,identity_without_rescale_tags
,4CH,4ch_s19_13101,19,1,valid,0.9780577431136033,1.0,0.10945364737262091,identity_without_rescale_tags
,4CH,4ch_s19_13101,20,1,valid,0.979929976240759,0.9981403672580142,0.10312353466130503,identity_without_rescale_tags
,4CH,4ch_s19_13101,21,1,valid,0.9672985162529919,0.9923425654604567,0.127227702997685,identity_without_rescale_tags
,4CH,4ch_s19_13101,22,1,valid,0.9715867224334724,1.0,0.13354883568723366,identity_without_rescale_tags
,4CH,4ch_s19_13101,23,1,valid,0.9638084628239777,1.0,0.14007729114034345,identity_without_rescale_tags
,4CH,4ch_s19_13101,24,1,valid,0.9714044498497458,1.0,0.12180866711827602,identity_without_rescale_tags
,4CH,4ch_s19_13101,25,1,valid,0.974005850160186,0.9984708586339203,0.10983307484490716,identity_without_rescale_tags
,4CH,4ch_s19_13101,26,1,valid,0.973442151568273,1.001639344262295,0.11732080146429344,identity_without_rescale_tags
,4CH,4ch_s19_13101,27,1,valid,0.9830554349856724,0.9971158379123142,0.09492693484554202,identity_without_rescale_tags
,4CH,4ch_s19_13101,28,1,valid,0.9701565658421617,1.0,0.11612997033242607,identity_without_rescale_tags
,4CH,4ch_s19_13101,29,1,valid,0.9808250971284669,1.0,0.09593733340359856,identity_without_rescale_tags
,4CH,4ch_s19_13101,30,1,valid,0.9799537704598407,1.0,0.09380882676769028,identity_without_rescale_tags
,4CH,4ch_s19_13101,31,1,valid,0.9741517844028645,1.0,0.10946707326729925,identity_without_rescale_tags
,4CH,4ch_s19_13101,32,1,valid,0.9649545284344794,1.0,0.12709426832116313,identity_without_rescale_tags
,4CH,4ch_s19_13101,33,1,valid,0.9729994899489631,1.0,0.1153493504561288,identity_without_rescale_tags
,4CH,4ch_s19_13101,34,1,valid,0.9771133792948195,1.0,0.10629947544938159,identity_without_rescale_tags
,4CH,4ch_s19_13101,35,1,valid,0.9645782237833835,0.9945414782106059,0.12597601690574192,identity_without_rescale_tags
,4CH,4ch_s19_13101,36,1,valid,0.976138849285898,1.0,0.1192249587199405,identity_without_rescale_tags
,4CH,4ch_s19_13101,37,1,valid,0.9703671596082861,0.9964141633315653,0.12407457040291464,identity_without_rescale_tags
,4CH,4ch_s19_13101,38,1,valid,0.9644864625342688,0.9995814896551772,0.13851993890791933,identity_without_rescale_tags
,4CH,4ch_s19_13101,39,1,valid,0.9665042255998275,1.0,0.14429375273027442,identity_without_rescale_tags
,4CH,4ch_s19_13101,40,1,valid,0.9596553779216616,1.0,0.15120470918279139,identity_without_rescale_tags
,4CH,4ch_s19_13101,41,1,valid,0.9750988157079423,0.9985133792186917,0.1203332951268928,identity_without_rescale_tags
,4CH,4ch_s19_13101,42,1,valid,0.9724439220113588,0.9986244830248845,0.11529209816262258,identity_without_rescale_tags
,4CH,4ch_s19_13101,43,1,valid,0.9759661422609136,1.0,0.11043547300385946,identity_without_rescale_tags
,4CH,4ch_s19_13101,44,1,valid,0.9804727350796918,1.0,0.09638815120041656,identity_without_rescale_tags
,4CH,4ch_s19_13101,45,1,valid,0.9671956399184916,1.0,0.12140616427577666,identity_without_rescale_tags
,4CH,4ch_s19_13101,46,1,valid,0.9772416970382535,1.0,0.10255712147356776,identity_without_rescale_tags
,4CH,4ch_s19_13101,47,1,valid,0.976935717150055,1.0,0.10155164069456264,identity_without_rescale_tags
,4CH,4ch_s19_13101,48,1,valid,0.9792568637516769,1.0,0.10226887573475948,identity_without_rescale_tags
,4CH,4ch_s19_13101,49,1,valid,0.9566031380870069,0.998671969382986,0.14055210623933181,identity_without_rescale_tags
,4CH,4ch_s1_11301,0,0,slice_local_structure,0.9837575554577032,1.0296442687747036,0.12283405163081597,identity_without_rescale_tags
,4CH,4ch_s1_11301,1,0,slice_local_structure,0.9873941329714954,1.0228215767634854,0.10343338801926734,identity_without_rescale_tags
,4CH,4ch_s1_11301,2,0,slice_local_structure,0.9869694176407833,1.0032786885245901,0.10503897684160228,identity_without_rescale_tags
,4CH,4ch_s1_11301,3,0,slice_local_structure,0.9870159324279656,1.0,0.102884923408093,identity_without_rescale_tags
,4CH,4ch_s1_11301,4,0,slice_local_structure,0.9842717728611045,1.0,0.10772174560524278,identity_without_rescale_tags
,4CH,4ch_s1_11301,5,0,slice_local_structure,0.9881757374026688,1.0,0.08599968734017906,identity_without_rescale_tags
,4CH,4ch_s1_11301,6,0,slice_local_structure,0.9924148854490451,1.0,0.07666932645435849,identity_without_rescale_tags
,4CH,4ch_s1_11301,7,0,slice_local_structure,0.9909972618477996,1.0,0.0810263775469417,identity_without_rescale_tags
,4CH,4ch_s1_11301,8,0,slice_local_structure,0.9838217291350991,1.0,0.10369719664800227,identity_without_rescale_tags
,4CH,4ch_s1_11301,9,0,slice_local_structure,0.99250942468275,1.0,0.08056036989744277,identity_without_rescale_tags
,4CH,4ch_s1_11301,10,0,slice_local_structure,0.9934835505915385,1.0,0.07512495210030898,identity_without_rescale_tags
,4CH,4ch_s1_11301,11,0,slice_local_structure,0.9804791500439464,1.0,0.09710346941146662,identity_without_rescale_tags
,4CH,4ch_s1_11301,12,0,slice_local_structure,0.976053953511219,1.0,0.1139203469858779,identity_without_rescale_tags
,4CH,4ch_s1_11301,13,0,slice_local_structure,0.9896472759820931,1.0,0.09125182179399526,identity_without_rescale_tags
,4CH,4ch_s1_11301,14,0,slice_local_structure,0.9854761334785066,1.0,0.09376262008471177,identity_without_rescale_tags
,4CH,4ch_s1_11301,15,0,slice_local_structure,0.984463641972709,1.0,0.09964500608516758,identity_without_rescale_tags
,4CH,4ch_s1_11301,16,0,slice_local_structure,0.9901596663008552,1.0,0.08794228432751931,identity_without_rescale_tags
,4CH,4ch_s1_11301,17,0,slice_local_structure,0.9885923180876842,1.0,0.09836523415479367,identity_without_rescale_tags
,4CH,4ch_s1_11301,18,0,slice_local_structure,0.9810969772298933,1.0,0.1239617050214016,identity_without_rescale_tags
,4CH,4ch_s1_11301,19,0,slice_local_structure,0.973019601747057,1.0,0.13209670983459654,identity_without_rescale_tags
,4CH,4ch_s1_11301,20,0,slice_local_structure,0.9784523746371854,1.0,0.11796164148011737,identity_without_rescale_tags
,4CH,4ch_s1_11301,21,0,slice_local_structure,0.9816672454931423,1.0,0.1121338505180966,identity_without_rescale_tags
,4CH,4ch_s1_11301,22,0,slice_local_structure,0.9840522613755711,1.0,0.09967413873172744,identity_without_rescale_tags
,4CH,4ch_s1_11301,23,0,slice_local_structure,0.9873574799047755,1.0,0.07880002399429001,identity_without_rescale_tags
,4CH,4ch_s1_11301,24,0,slice_local_structure,0.9934379145890584,1.0,0.06961475286397428,identity_without_rescale_tags
,4CH,4ch_s1_11301,25,0,slice_local_structure,0.9889026961958316,1.0,0.08313551234060056,identity_without_rescale_tags
,4CH,4ch_s1_11301,26,0,slice_local_structure,0.9875263637158186,1.0,0.08662271307290811,identity_without_rescale_tags
,4CH,4ch_s1_11301,27,0,slice_local_structure,0.9957155523033288,1.0,0.0667544775099983,identity_without_rescale_tags
,4CH,4ch_s1_11301,28,0,slice_local_structure,0.988184614272661,1.0,0.08512536385700642,identity_without_rescale_tags
,4CH,4ch_s1_11301,29,0,slice_local_structure,0.9746273154566404,1.0,0.11988485493490403,identity_without_rescale_tags
,4CH,4ch_s1_11301,30,0,slice_local_structure,0.9901753772605139,1.0,0.08840668624059368,identity_without_rescale_tags
,4CH,4ch_s1_11301,31,0,slice_local_structure,0.9866802260795698,1.0,0.09252425321499974,identity_without_rescale_tags
,4CH,4ch_s1_11301,32,0,slice_local_structure,0.9736289725505908,1.0,0.11097049447850327,identity_without_rescale_tags
,4CH,4ch_s1_11301,33,0,slice_local_structure,0.964495837072711,1.0,0.1323400935983762,identity_without_rescale_tags
,4CH,4ch_s1_11301,34,0,slice_local_structure,0.9782538389611447,1.0,0.11049473771499808,identity_without_rescale_tags
,4CH,4ch_s1_11301,35,0,slice_local_structure,0.9686615126298151,1.0,0.12286315191608513,identity_without_rescale_tags
,4CH,4ch_s1_11301,36,0,slice_local_structure,0.9617278802983362,1.0,0.1360634522805529,identity_without_rescale_tags
,4CH,4ch_s1_11301,37,0,slice_local_structure,0.9807027687257993,1.0,0.10635262591238803,identity_without_rescale_tags
,4CH,4ch_s1_11301,38,0,slice_local_structure,0.9880918680869016,1.0,0.08821606238790669,identity_without_rescale_tags
,4CH,4ch_s1_11301,39,0,slice_local_structure,0.982604798266921,1.0,0.10989510985588401,identity_without_rescale_tags
,4CH,4ch_s1_11301,40,0,slice_local_structure,0.9856986219860889,1.0,0.11255237424761212,identity_without_rescale_tags
,4CH,4ch_s1_11301,41,0,slice_local_structure,0.981124735228157,1.0,0.11273359307266956,identity_without_rescale_tags
,4CH,4ch_s1_11301,42,0,slice_local_structure,0.981614448147978,1.0,0.11625772574274199,identity_without_rescale_tags
,4CH,4ch_s1_11301,43,0,slice_local_structure,0.9858565762860213,1.0,0.11072011429173088,identity_without_rescale_tags
,4CH,4ch_s1_11301,44,0,slice_local_structure,0.979480916812537,1.0,0.11665262220772472,identity_without_rescale_tags
,4CH,4ch_s1_11301,45,0,slice_local_structure,0.9842903740735374,0.998876404494382,0.10494411639291866,identity_without_rescale_tags
,4CH,4ch_s1_11301,46,0,slice_local_structure,0.9821673830198248,1.0,0.10761519352392737,identity_without_rescale_tags
,4CH,4ch_s1_11301,47,0,slice_local_structure,0.9860738270316048,1.0,0.09347335813737327,identity_without_rescale_tags
,4CH,4ch_s1_11301,48,0,slice_local_structure,0.9905533107260753,1.0,0.07295434054068127,identity_without_rescale_tags
,4CH,4ch_s1_11301,49,0,slice_local_structure,0.9937852555586341,1.0,0.06922329726275847,identity_without_rescale_tags
,4CH,4ch_s20_13201,0,1,valid,0.9746233073184271,1.0333333333333334,0.12664509742897354,identity_without_rescale_tags
,4CH,4ch_s20_13201,1,1,valid,0.9569410744964582,1.0219839142091154,0.14526613221950527,identity_without_rescale_tags
,4CH,4ch_s20_13201,2,1,valid,0.97631068658489,1.0225527052926433,0.11251348821975629,identity_without_rescale_tags
,4CH,4ch_s20_13201,3,1,valid,0.9755502750829449,1.0037889042017358,0.10313608968343105,identity_without_rescale_tags
,4CH,4ch_s20_13201,4,1,valid,0.965803496503972,1.0035022188351177,0.12449385966183345,identity_without_rescale_tags
,4CH,4ch_s20_13201,5,1,valid,0.9770917095871201,1.0,0.1135721599045752,identity_without_rescale_tags
,4CH,4ch_s20_13201,6,1,valid,0.9699981944897422,1.0,0.13362234409848167,identity_without_rescale_tags
,4CH,4ch_s20_13201,7,1,valid,0.9806686440434742,1.0,0.10913300172005022,identity_without_rescale_tags
,4CH,4ch_s20_13201,8,1,valid,0.9706540385627991,1.0,0.1229263303743632,identity_without_rescale_tags
,4CH,4ch_s20_13201,9,1,valid,0.9749767166774672,1.0008544182291463,0.11827131858754301,identity_without_rescale_tags
,4CH,4ch_s20_13201,10,1,valid,0.9732483559557347,1.0,0.1136108922151004,identity_without_rescale_tags
,4CH,4ch_s20_13201,11,1,valid,0.9742326393334534,1.0,0.11201715288037543,identity_without_rescale_tags
,4CH,4ch_s20_13201,12,1,valid,0.9772500886888611,1.0,0.10377460879345905,identity_without_rescale_tags
,4CH,4ch_s20_13201,13,1,valid,0.9808044596691089,1.0,0.09919058995341012,identity_without_rescale_tags
,4CH,4ch_s20_13201,14,1,valid,0.9841188400825112,1.0,0.08627477036706122,identity_without_rescale_tags
,4CH,4ch_s20_13201,15,1,valid,0.9620304842703404,1.0,0.1277821103439987,identity_without_rescale_tags
,4CH,4ch_s20_13201,16,1,valid,0.978095707652933,1.0,0.1026795819722411,identity_without_rescale_tags
,4CH,4ch_s20_13201,17,1,valid,0.976633681790939,1.0,0.09871246815299262,identity_without_rescale_tags
,4CH,4ch_s20_13201,18,1,valid,0.9742881448163537,1.0,0.10919377607145975,identity_without_rescale_tags
,4CH,4ch_s20_13201,19,1,valid,0.9776079032411144,1.0,0.10678384626810333,identity_without_rescale_tags
,4CH,4ch_s20_13201,20,1,valid,0.9696114255853322,1.0,0.1345038443178816,identity_without_rescale_tags
,4CH,4ch_s20_13201,21,1,valid,0.9770735484044091,0.9953358046607146,0.12161118509399976,identity_without_rescale_tags
,4CH,4ch_s20_13201,22,1,valid,0.9649424032283138,0.9947445143470922,0.1403683568866504,identity_without_rescale_tags
,4CH,4ch_s20_13201,23,1,valid,0.9648399980693694,1.0,0.1478658564931612,identity_without_rescale_tags
,4CH,4ch_s20_13201,24,1,valid,0.9614806407111817,1.0,0.14200630193740924,identity_without_rescale_tags
,4CH,4ch_s20_13201,25,1,valid,0.9723021646007685,0.9948717948717949,0.1219095438677561,identity_without_rescale_tags
,4CH,4ch_s20_13201,26,1,valid,0.9753526993166918,1.0,0.10923033139029266,identity_without_rescale_tags
,4CH,4ch_s20_13201,27,1,valid,0.9754382493658972,1.0,0.1135927506176647,identity_without_rescale_tags
,4CH,4ch_s20_13201,28,1,valid,0.9857294710316888,1.0,0.08913071134337396,identity_without_rescale_tags
,4CH,4ch_s20_13201,29,1,valid,0.9619673635282466,0.9974025974025974,0.1286006478817984,identity_without_rescale_tags
,4CH,4ch_s20_13201,30,1,valid,0.979668041538149,1.0,0.0969054743404112,identity_without_rescale_tags
,4CH,4ch_s20_13201,31,1,valid,0.9788935262930548,0.998595010733585,0.09631409806101919,identity_without_rescale_tags
,4CH,4ch_s20_13201,32,1,valid,0.9748810139281393,1.0,0.1128300778614685,identity_without_rescale_tags
,4CH,4ch_s20_13201,33,1,valid,0.9487800362309203,1.0,0.15087191918825424,identity_without_rescale_tags
,4CH,4ch_s20_13201,34,1,valid,0.9687312012897932,1.0,0.12197035889748978,identity_without_rescale_tags
,4CH,4ch_s20_13201,35,1,valid,0.9660435536356375,1.0,0.1268802008274836,identity_without_rescale_tags
,4CH,4ch_s20_13201,36,0,low_ncc,0.9244587560659047,1.0,0.19303952260386348,identity_without_rescale_tags
,4CH,4ch_s20_13201,37,1,valid,0.946626453821124,1.0,0.16298678724781762,identity_without_rescale_tags
,4CH,4ch_s20_13201,38,1,valid,0.957947100857513,1.0,0.14265885519717084,identity_without_rescale_tags
,4CH,4ch_s20_13201,39,1,valid,0.9580818302048745,0.9980069750906643,0.1490471950018891,identity_without_rescale_tags
,4CH,4ch_s20_13201,40,1,valid,0.9520773789381739,0.9988661767144578,0.1567622016358552,identity_without_rescale_tags
,4CH,4ch_s20_13201,41,1,valid,0.9718675190623742,1.0,0.12959073690034933,identity_without_rescale_tags
,4CH,4ch_s20_13201,42,1,valid,0.9766810329050094,1.0,0.11693778906084351,identity_without_rescale_tags
,4CH,4ch_s20_13201,43,1,valid,0.9648111073395591,0.9958037039319672,0.1362440580661361,identity_without_rescale_tags
,4CH,4ch_s20_13201,44,1,valid,0.9725997275777748,1.0,0.1285389777890155,identity_without_rescale_tags
,4CH,4ch_s20_13201,45,1,valid,0.9721699463320734,1.0,0.12020327659926686,identity_without_rescale_tags
,4CH,4ch_s20_13201,46,1,valid,0.9826561682128023,1.0,0.09221142671191485,identity_without_rescale_tags
,4CH,4ch_s20_13201,47,1,valid,0.9706878006427626,1.0,0.1129658677182746,identity_without_rescale_tags
,4CH,4ch_s20_13201,48,1,valid,0.9802743381938985,1.0,0.09830781982218967,identity_without_rescale_tags
,4CH,4ch_s20_13201,49,1,valid,0.9839038388317889,1.0,0.08962824465304763,identity_without_rescale_tags
,4CH,4ch_s21_13301,0,1,valid,0.9433546424333219,1.036233266648913,0.17560117938851133,identity_without_rescale_tags
,4CH,4ch_s21_13301,1,1,valid,0.9718782815652507,1.0352884314673187,0.1304124137213902,identity_without_rescale_tags
,4CH,4ch_s21_13301,2,1,valid,0.9704317212784092,1.01604025829886,0.12815946081865592,identity_without_rescale_tags
,4CH,4ch_s21_13301,3,1,valid,0.9802047864419308,1.0042268409612007,0.10541151158239204,identity_without_rescale_tags
,4CH,4ch_s21_13301,4,1,valid,0.9717639018850937,1.0004649100946872,0.12143634894594636,identity_without_rescale_tags
,4CH,4ch_s21_13301,5,1,valid,0.9680081057793668,1.006584860143168,0.13685939390486834,identity_without_rescale_tags
,4CH,4ch_s21_13301,6,1,valid,0.9728326608622101,1.0017678648630346,0.11792317572767179,identity_without_rescale_tags
,4CH,4ch_s21_13301,7,1,valid,0.9648096947431121,1.0,0.12813298591815217,identity_without_rescale_tags
,4CH,4ch_s21_13301,8,1,valid,0.9761597319387009,1.0031847133757963,0.10682198424508432,identity_without_rescale_tags
,4CH,4ch_s21_13301,9,1,valid,0.9750671382465405,1.0,0.11121540313092229,identity_without_rescale_tags
,4CH,4ch_s21_13301,10,1,valid,0.9798201664217329,1.0,0.10224247702988223,identity_without_rescale_tags
,4CH,4ch_s21_13301,11,1,valid,0.9661640006932011,1.0,0.12507880659310397,identity_without_rescale_tags
,4CH,4ch_s21_13301,12,1,valid,0.9746147815951178,1.0,0.11288571218390574,identity_without_rescale_tags
,4CH,4ch_s21_13301,13,1,valid,0.9816480339010719,1.0,0.09450871976595554,identity_without_rescale_tags
,4CH,4ch_s21_13301,14,1,valid,0.9493945664171194,1.0,0.15168069683755958,identity_without_rescale_tags
,4CH,4ch_s21_13301,15,1,valid,0.9680540455355444,1.0,0.11746666679840395,identity_without_rescale_tags
,4CH,4ch_s21_13301,16,1,valid,0.9717963400796042,1.0,0.11657878741634646,identity_without_rescale_tags
,4CH,4ch_s21_13301,17,1,valid,0.9611978357876014,1.0,0.14110410877523932,identity_without_rescale_tags
,4CH,4ch_s21_13301,18,1,valid,0.9522863644509028,1.0,0.1537700202878418,identity_without_rescale_tags
,4CH,4ch_s21_13301,19,1,valid,0.9641806430255019,1.0,0.12952619756156075,identity_without_rescale_tags
,4CH,4ch_s21_13301,20,1,valid,0.9754034603517142,1.0,0.11157684234522673,identity_without_rescale_tags
,4CH,4ch_s21_13301,21,1,valid,0.9516776779433587,1.0,0.15214614862894268,identity_without_rescale_tags
,4CH,4ch_s21_13301,22,1,valid,0.969855582855685,1.0016420361247949,0.12236736356678672,identity_without_rescale_tags
,4CH,4ch_s21_13301,23,1,valid,0.9679055520193602,0.9975864780637458,0.13007292107654944,identity_without_rescale_tags
,4CH,4ch_s21_13301,24,1,valid,0.9724389632219886,1.0,0.12542479661633973,identity_without_rescale_tags
,4CH,4ch_s21_13301,25,1,valid,0.9730363749982008,0.9973560935373283,0.12533740661613074,identity_without_rescale_tags
,4CH,4ch_s21_13301,26,1,valid,0.9585073032120787,1.0,0.15551146747644382,identity_without_rescale_tags
,4CH,4ch_s21_13301,27,1,valid,0.9749657138737917,0.997001990350843,0.11830055590316584,identity_without_rescale_tags
,4CH,4ch_s21_13301,28,1,valid,0.9638161329623496,1.0,0.13534398567033637,identity_without_rescale_tags
,4CH,4ch_s21_13301,29,1,valid,0.9761121805906022,1.0,0.10906724700534948,identity_without_rescale_tags
,4CH,4ch_s21_13301,30,1,valid,0.9737010462782824,1.0,0.10973542451906983,identity_without_rescale_tags
,4CH,4ch_s21_13301,31,1,valid,0.9818492952275847,1.0,0.09728499329352414,identity_without_rescale_tags
,4CH,4ch_s21_13301,32,1,valid,0.96504950221039,1.0,0.12484805675673515,identity_without_rescale_tags
,4CH,4ch_s21_13301,33,1,valid,0.9731079347086327,1.0,0.10893700673180537,identity_without_rescale_tags
,4CH,4ch_s21_13301,34,1,valid,0.9786468053149606,1.0,0.10198675698934428,identity_without_rescale_tags
,4CH,4ch_s21_13301,35,1,valid,0.9495356403330517,1.0,0.1520102496400653,identity_without_rescale_tags
,4CH,4ch_s21_13301,36,1,valid,0.9650531269106336,1.0,0.13120288389690396,identity_without_rescale_tags
,4CH,4ch_s21_13301,37,1,valid,0.9694453429869115,1.0,0.11996233990214375,identity_without_rescale_tags
,4CH,4ch_s21_13301,38,1,valid,0.9787635285573982,0.9995581858847025,0.10309150131608912,identity_without_rescale_tags
,4CH,4ch_s21_13301,39,1,valid,0.9629334376781848,0.9965850871123481,0.13798891040637923,identity_without_rescale_tags
,4CH,4ch_s21_13301,40,1,valid,0.9696746825194683,1.0,0.13491652811047683,identity_without_rescale_tags
,4CH,4ch_s21_13301,41,1,valid,0.9629722380109081,0.9937352003593342,0.1448612973769009,identity_without_rescale_tags
,4CH,4ch_s21_13301,42,1,valid,0.9691498105445223,1.0,0.1348489828099905,identity_without_rescale_tags
,4CH,4ch_s21_13301,43,1,valid,0.9736114836825888,0.999143819926565,0.11856368281674397,identity_without_rescale_tags
,4CH,4ch_s21_13301,44,1,valid,0.9675531072746114,1.0,0.13280834227575028,identity_without_rescale_tags
,4CH,4ch_s21_13301,45,1,valid,0.9820955744986146,0.9975915215991554,0.0975196662362816,identity_without_rescale_tags
,4CH,4ch_s21_13301,46,1,valid,0.9611671420785376,1.0,0.1334246033218096,identity_without_rescale_tags
,4CH,4ch_s21_13301,47,1,valid,0.9788758436056721,1.0,0.09768164229212463,identity_without_rescale_tags
,4CH,4ch_s21_13301,48,1,valid,0.9767638793272388,1.0,0.10391610945536303,identity_without_rescale_tags
,4CH,4ch_s21_13301,49,1,valid,0.974993606145496,0.9956312792011481,0.11379190816661978,identity_without_rescale_tags
,4CH,4ch_s22_13401,0,1,valid,0.9635395259517974,1.0389078498293516,0.1416890522338608,identity_without_rescale_tags
,4CH,4ch_s22_13401,1,1,valid,0.975437571285044,1.0166975881261595,0.11609345143167163,identity_without_rescale_tags
,4CH,4ch_s22_13401,2,1,valid,0.9537688075359281,1.0187265917602997,0.14634718159952453,identity_without_rescale_tags
,4CH,4ch_s22_13401,3,1,valid,0.9669699863599803,1.0115580212667592,0.12657375785477337,identity_without_rescale_tags
,4CH,4ch_s22_13401,4,1,valid,0.9668375448570129,1.0069112174375332,0.123022542274549,identity_without_rescale_tags
,4CH,4ch_s22_13401,5,1,valid,0.9726430646678298,1.0025062656641603,0.11728197179947189,identity_without_rescale_tags
,4CH,4ch_s22_13401,6,1,valid,0.9408888488807207,1.0006988120195668,0.1674685400972168,identity_without_rescale_tags
,4CH,4ch_s22_13401,7,1,valid,0.953345855549216,1.0,0.13192284974626015,identity_without_rescale_tags
,4CH,4ch_s22_13401,8,1,valid,0.9639458457186026,1.0,0.13100436446349426,identity_without_rescale_tags
,4CH,4ch_s22_13401,9,1,valid,0.9401723913640079,1.0,0.17420185861045887,identity_without_rescale_tags
,4CH,4ch_s22_13401,10,1,valid,0.9497994316994982,1.0004880429477794,0.16135735445016458,identity_without_rescale_tags
,4CH,4ch_s22_13401,11,1,valid,0.9592676733394787,1.0,0.1372769753058697,identity_without_rescale_tags
,4CH,4ch_s22_13401,12,1,valid,0.9775199221402343,1.0,0.11342423702119607,identity_without_rescale_tags
,4CH,4ch_s22_13401,13,1,valid,0.9626528988452101,0.9968253968253968,0.14155742589588824,identity_without_rescale_tags
,4CH,4ch_s22_13401,14,1,valid,0.9593113727913358,1.0,0.14569170251726463,identity_without_rescale_tags
,4CH,4ch_s22_13401,15,1,valid,0.9603281127908955,0.9982547993019197,0.1429998470252706,identity_without_rescale_tags
,4CH,4ch_s22_13401,16,1,valid,0.9623003242662538,1.0,0.14207351952068084,identity_without_rescale_tags
,4CH,4ch_s22_13401,17,1,valid,0.9729080733771862,1.0,0.11509796713192438,identity_without_rescale_tags
,4CH,4ch_s22_13401,18,1,valid,0.9627021915907555,1.0,0.13590946671826537,identity_without_rescale_tags
,4CH,4ch_s22_13401,19,1,valid,0.9828756560095254,1.0,0.09143769301883953,identity_without_rescale_tags
,4CH,4ch_s22_13401,20,1,valid,0.9655567047233312,1.0,0.12397471592709597,identity_without_rescale_tags
,4CH,4ch_s22_13401,21,1,valid,0.9672498838992726,1.0,0.1098964144740587,identity_without_rescale_tags
,4CH,4ch_s22_13401,22,1,valid,0.9790909300634508,0.9978858350951374,0.09940030878957586,identity_without_rescale_tags
,4CH,4ch_s22_13401,23,1,valid,0.9548490452478424,1.0,0.1413991329520445,identity_without_rescale_tags
,4CH,4ch_s22_13401,24,1,valid,0.9656435092435978,1.0,0.12307487645135869,identity_without_rescale_tags
,4CH,4ch_s22_13401,25,1,valid,0.9674882131787094,0.999288256227758,0.1199325828702988,identity_without_rescale_tags
,4CH,4ch_s22_13401,26,1,valid,0.976891104680597,1.0,0.10600230939077246,identity_without_rescale_tags
,4CH,4ch_s22_13401,27,1,valid,0.9570008828352082,0.9954954954954955,0.14258530449515738,identity_without_rescale_tags
,4CH,4ch_s22_13401,28,1,valid,0.9639959394846895,1.0,0.12798428158467487,identity_without_rescale_tags
,4CH,4ch_s22_13401,29,1,valid,0.9692000558048783,0.9960204661739624,0.12574674641770434,identity_without_rescale_tags
,4CH,4ch_s22_13401,30,1,valid,0.9654307252313447,1.0,0.13943047637437303,identity_without_rescale_tags
,4CH,4ch_s22_13401,31,1,valid,0.9624941865511384,1.0,0.1461353472239217,identity_without_rescale_tags
,4CH,4ch_s22_13401,32,1,valid,0.930155482448406,1.0,0.20542246961383367,identity_without_rescale_tags
,4CH,4ch_s22_13401,33,1,valid,0.9484433778247722,0.9974025974025974,0.17661266303838383,identity_without_rescale_tags
,4CH,4ch_s22_13401,34,1,valid,0.952188314262181,1.0,0.1614191718160021,identity_without_rescale_tags
,4CH,4ch_s22_13401,35,1,valid,0.9459452734888567,1.0,0.17550410687346302,identity_without_rescale_tags
,4CH,4ch_s22_13401,36,1,valid,0.9466752883008566,1.0,0.16914014950530792,identity_without_rescale_tags
,4CH,4ch_s22_13401,37,1,valid,0.9647652920073784,0.9976580796252927,0.1343132121999709,identity_without_rescale_tags
,4CH,4ch_s22_13401,38,1,valid,0.9681386816790585,1.0,0.12753032789817023,identity_without_rescale_tags
,4CH,4ch_s22_13401,39,1,valid,0.9589227667136497,1.0,0.14484600759655278,identity_without_rescale_tags
,4CH,4ch_s22_13401,40,1,valid,0.9791920512296537,0.9992630803242447,0.10615903351786289,identity_without_rescale_tags
,4CH,4ch_s22_13401,41,1,valid,0.9579289142108951,0.9985486211901307,0.14049116694606087,identity_without_rescale_tags
,4CH,4ch_s22_13401,42,1,valid,0.9680645844852716,1.0,0.1052391759521441,identity_without_rescale_tags
,4CH,4ch_s22_13401,43,1,valid,0.9727274380241125,0.9984856133266027,0.10889174744311628,identity_without_rescale_tags
,4CH,4ch_s22_13401,44,1,valid,0.9779542385148102,1.0,0.10202062280043349,identity_without_rescale_tags
,4CH,4ch_s22_13401,45,1,valid,0.9572082658134009,0.9972451790633609,0.13682874690435365,identity_without_rescale_tags
,4CH,4ch_s22_13401,46,1,valid,0.9638961144211418,1.014908256880734,0.11918463139857141,identity_without_rescale_tags
,4CH,4ch_s22_13401,47,1,valid,0.9794716533204694,0.9974293059125964,0.10006644916114668,identity_without_rescale_tags
,4CH,4ch_s22_13401,48,1,valid,0.9539294790355354,1.0,0.14726512177191106,identity_without_rescale_tags
,4CH,4ch_s22_13401,49,1,valid,0.956280861210634,1.0,0.14518683143464334,identity_without_rescale_tags
,4CH,4ch_s23_13501,0,1,valid,0.9814307799250888,1.0346041055718476,0.10598829467204138,identity_without_rescale_tags
,4CH,4ch_s23_13501,1,1,valid,0.9602895462292074,1.0172413793103448,0.1427920920772159,identity_without_rescale_tags
,4CH,4ch_s23_13501,2,1,valid,0.9509523270558765,1.0166666666666666,0.1447526207123421,identity_without_rescale_tags
,4CH,4ch_s23_13501,3,1,valid,0.9560042298186906,1.0029411764705882,0.14819477997385141,identity_without_rescale_tags
,4CH,4ch_s23_13501,4,1,valid,0.9682865353997433,1.00374531835206,0.12795081990563287,identity_without_rescale_tags
,4CH,4ch_s23_13501,5,1,valid,0.9723847786515382,1.0,0.11515397027992508,identity_without_rescale_tags
,4CH,4ch_s23_13501,6,1,valid,0.9515400023557996,1.0019723865877712,0.15425547190989483,identity_without_rescale_tags
,4CH,4ch_s23_13501,7,1,valid,0.980741524079512,1.0,0.10250401734347814,identity_without_rescale_tags
,4CH,4ch_s23_13501,8,1,valid,0.9611272865798294,1.0,0.13463465266330682,identity_without_rescale_tags
,4CH,4ch_s23_13501,9,1,valid,0.9628700351577395,1.0,0.1164316016823396,identity_without_rescale_tags
,4CH,4ch_s23_13501,10,1,valid,0.9746883610285806,1.0,0.11378207509331695,identity_without_rescale_tags
,4CH,4ch_s23_13501,11,1,valid,0.9704124592145423,1.0,0.12369088303870462,identity_without_rescale_tags
,4CH,4ch_s23_13501,12,1,valid,0.9681649487327477,1.0,0.1261010907219261,identity_without_rescale_tags
,4CH,4ch_s23_13501,13,1,valid,0.9604658661681854,1.0,0.1351966200128539,identity_without_rescale_tags
,4CH,4ch_s23_13501,14,1,valid,0.9768255974926727,1.0,0.11056379134054431,identity_without_rescale_tags
,4CH,4ch_s23_13501,15,1,valid,0.9462148145402377,1.0,0.1650905847189588,identity_without_rescale_tags
,4CH,4ch_s23_13501,16,1,valid,0.9567050897039788,1.0,0.1289508727402319,identity_without_rescale_tags
,4CH,4ch_s23_13501,17,1,valid,0.967095222687463,0.9977997799779978,0.12800221789345592,identity_without_rescale_tags
,4CH,4ch_s23_13501,18,1,valid,0.9678321438491498,1.0,0.12941839994677493,identity_without_rescale_tags
,4CH,4ch_s23_13501,19,1,valid,0.969777404847453,1.0,0.1231753862357151,identity_without_rescale_tags
,4CH,4ch_s23_13501,20,1,valid,0.9563125702709088,1.0,0.14452414931894855,identity_without_rescale_tags
,4CH,4ch_s23_13501,21,1,valid,0.9794898339189307,0.996011964107677,0.10885475336389014,identity_without_rescale_tags
,4CH,4ch_s23_13501,22,1,valid,0.9599706536544764,1.0,0.14704343492644273,identity_without_rescale_tags
,4CH,4ch_s23_13501,23,1,valid,0.9505166465840446,1.0,0.14973519945057176,identity_without_rescale_tags
,4CH,4ch_s23_13501,24,1,valid,0.9614132560852477,1.0,0.13949854047652943,identity_without_rescale_tags
,4CH,4ch_s23_13501,25,1,valid,0.9738020138416267,1.0,0.11638460205935064,identity_without_rescale_tags
,4CH,4ch_s23_13501,26,1,valid,0.9731820678554209,1.0,0.11208091800757046,identity_without_rescale_tags
,4CH,4ch_s23_13501,27,1,valid,0.9592796235389727,0.9983489268024216,0.12255533631748118,identity_without_rescale_tags
,4CH,4ch_s23_13501,28,1,valid,0.983799922995343,1.0,0.08869494612524924,identity_without_rescale_tags
,4CH,4ch_s23_13501,29,1,valid,0.9497152509439849,1.0,0.15137789359064907,identity_without_rescale_tags
,4CH,4ch_s23_13501,30,1,valid,0.964677623151568,1.0,0.11169328134216815,identity_without_rescale_tags
,4CH,4ch_s23_13501,31,1,valid,0.9653982235033972,1.0,0.12276623379543604,identity_without_rescale_tags
,4CH,4ch_s23_13501,32,1,valid,0.9584850976237427,1.0,0.1486632906005648,identity_without_rescale_tags
,4CH,4ch_s23_13501,33,1,valid,0.9480587567258577,1.0,0.16340018552065066,identity_without_rescale_tags
,4CH,4ch_s23_13501,34,1,valid,0.951016921540836,1.0,0.15001984257066248,identity_without_rescale_tags
,4CH,4ch_s23_13501,35,1,valid,0.9667110475396985,1.0,0.1315957258207772,identity_without_rescale_tags
,4CH,4ch_s23_13501,36,1,valid,0.9410852006030427,1.0,0.1759919400496441,identity_without_rescale_tags
,4CH,4ch_s23_13501,37,1,valid,0.9590211318439561,1.0,0.1293504136253406,identity_without_rescale_tags
,4CH,4ch_s23_13501,38,1,valid,0.9639273535938948,1.0,0.1317178542970243,identity_without_rescale_tags
,4CH,4ch_s23_13501,39,1,valid,0.9746589631264068,0.9977827050997783,0.11604193571489152,identity_without_rescale_tags
,4CH,4ch_s23_13501,40,1,valid,0.969524282136916,1.0,0.126702033368586,identity_without_rescale_tags
,4CH,4ch_s23_13501,41,1,valid,0.9451924654918309,1.0,0.16093557114440069,identity_without_rescale_tags
,4CH,4ch_s23_13501,42,1,valid,0.9731266096224505,0.9981447124304267,0.12383240573923118,identity_without_rescale_tags
,4CH,4ch_s23_13501,43,1,valid,0.9593134783741956,1.0,0.14048676707097071,identity_without_rescale_tags
,4CH,4ch_s23_13501,44,1,valid,0.9580288021229291,1.0,0.11885053912667912,identity_without_rescale_tags
,4CH,4ch_s23_13501,45,1,valid,0.9668257396806926,0.9977064220183486,0.12207606838860396,identity_without_rescale_tags
,4CH,4ch_s23_13501,46,1,valid,0.9781319127254438,1.0,0.10540097534358334,identity_without_rescale_tags
,4CH,4ch_s23_13501,47,1,valid,0.9692616755386276,1.0,0.1167113949351425,identity_without_rescale_tags
,4CH,4ch_s23_13501,48,1,valid,0.9630502534630601,1.0,0.11939037344551282,identity_without_rescale_tags
,4CH,4ch_s23_13501,49,1,valid,0.9853136314967126,0.9924178601516428,0.08484110324599314,identity_without_rescale_tags
,4CH,4ch_s24_13601,0,1,valid,0.9714157779858836,1.0366851233286187,0.12343129090016478,identity_without_rescale_tags
,4CH,4ch_s24_13601,1,1,valid,0.9685977247576215,1.019798350802822,0.12603653778640414,identity_without_rescale_tags
,4CH,4ch_s24_13601,2,1,valid,0.9664326494403683,1.0169909736942784,0.131497721834095,identity_without_rescale_tags
,4CH,4ch_s24_13601,3,1,valid,0.9638120474102082,1.006978527648402,0.13149629067831592,identity_without_rescale_tags
,4CH,4ch_s24_13601,4,1,valid,0.9628939641188695,1.0034289633548892,0.13119387791619186,identity_without_rescale_tags
,4CH,4ch_s24_13601,5,1,valid,0.9819166669199981,1.0,0.0953683536001373,identity_without_rescale_tags
,4CH,4ch_s24_13601,6,1,valid,0.9598472619830842,1.0,0.14189965333911747,identity_without_rescale_tags
,4CH,4ch_s24_13601,7,1,valid,0.9617140856461371,1.0,0.13578291499585377,identity_without_rescale_tags
,4CH,4ch_s24_13601,8,1,valid,0.9403946887024212,1.0,0.17221745240689768,identity_without_rescale_tags
,4CH,4ch_s24_13601,9,1,valid,0.9619213158419199,0.9989384276784135,0.14313916040843713,identity_without_rescale_tags
,4CH,4ch_s24_13601,10,1,valid,0.9561173044131119,1.0,0.1513458713115804,identity_without_rescale_tags
,4CH,4ch_s24_13601,11,1,valid,0.9272843673433784,1.0,0.18753357616987804,identity_without_rescale_tags
,4CH,4ch_s24_13601,12,1,valid,0.9505147183848642,1.0,0.1602650474497204,identity_without_rescale_tags
,4CH,4ch_s24_13601,13,1,valid,0.9559909851130904,1.0,0.15074853998372562,identity_without_rescale_tags
,4CH,4ch_s24_13601,14,1,valid,0.9655334184813131,1.0,0.12171992784761927,identity_without_rescale_tags
,4CH,4ch_s24_13601,15,1,valid,0.947299102798141,1.0,0.15249059824121025,identity_without_rescale_tags
,4CH,4ch_s24_13601,16,1,valid,0.9796659906321606,1.0,0.10096055120762093,identity_without_rescale_tags
,4CH,4ch_s24_13601,17,1,valid,0.9647655138617759,1.0,0.12678473864167064,identity_without_rescale_tags
,4CH,4ch_s24_13601,18,1,valid,0.9689778197946384,1.0,0.11271847419189722,identity_without_rescale_tags
,4CH,4ch_s24_13601,19,1,valid,0.9762209297184656,0.997171140026568,0.10453810359172776,identity_without_rescale_tags
,4CH,4ch_s24_13601,20,1,valid,0.9640150738305792,1.0,0.1303850268717165,identity_without_rescale_tags
,4CH,4ch_s24_13601,21,1,valid,0.9710917066915672,1.0,0.11489054890919762,identity_without_rescale_tags
,4CH,4ch_s24_13601,22,1,valid,0.9573088617108733,1.0,0.13656644879798496,identity_without_rescale_tags
,4CH,4ch_s24_13601,23,1,valid,0.9692453215447835,1.0,0.12138115836222892,identity_without_rescale_tags
,4CH,4ch_s24_13601,24,1,valid,0.9448740043604703,1.0,0.16482817237398667,identity_without_rescale_tags
,4CH,4ch_s24_13601,25,1,valid,0.9613996214368696,1.0,0.13230940658849727,identity_without_rescale_tags
,4CH,4ch_s24_13601,26,1,valid,0.9651303779766471,1.0,0.1337356364713639,identity_without_rescale_tags
,4CH,4ch_s24_13601,27,1,valid,0.9570365464002648,1.0,0.1462023190358179,identity_without_rescale_tags
,4CH,4ch_s24_13601,28,1,valid,0.9675413076588503,1.0,0.1291405147347046,identity_without_rescale_tags
,4CH,4ch_s24_13601,29,1,valid,0.9528998915604069,0.9970674486803519,0.15136490857787255,identity_without_rescale_tags
,4CH,4ch_s24_13601,30,1,valid,0.9746966152789516,0.9974025974025974,0.11608811873260999,identity_without_rescale_tags
,4CH,4ch_s24_13601,31,1,valid,0.9605860191412128,0.9979364410207932,0.14309650454490883,identity_without_rescale_tags
,4CH,4ch_s24_13601,32,1,valid,0.933508832177209,1.0,0.17851677094378954,identity_without_rescale_tags
,4CH,4ch_s24_13601,33,1,valid,0.9442499955446869,0.9980237134853238,0.16574985466751496,identity_without_rescale_tags
,4CH,4ch_s24_13601,34,1,valid,0.9600184941225004,1.0,0.14439669837743388,identity_without_rescale_tags
,4CH,4ch_s24_13601,35,1,valid,0.9694766046176783,1.0,0.11722053781380701,identity_without_rescale_tags
,4CH,4ch_s24_13601,36,1,valid,0.9452831574814958,1.0,0.15527009492531418,identity_without_rescale_tags
,4CH,4ch_s24_13601,37,1,valid,0.9817030478858111,0.9970316619462389,0.09498852245311211,identity_without_rescale_tags
,4CH,4ch_s24_13601,38,1,valid,0.96709702018341,1.0,0.12316590778449672,identity_without_rescale_tags
,4CH,4ch_s24_13601,39,1,valid,0.9692158204515585,0.999409930093252,0.11117842436299495,identity_without_rescale_tags
,4CH,4ch_s24_13601,40,1,valid,0.9756610338246193,1.0,0.10913388251132716,identity_without_rescale_tags
,4CH,4ch_s24_13601,41,1,valid,0.9639571004253993,1.0,0.13065316188446563,identity_without_rescale_tags
,4CH,4ch_s24_13601,42,1,valid,0.9731181342350447,1.0,0.10975139511707944,identity_without_rescale_tags
,4CH,4ch_s24_13601,43,1,valid,0.9600041491669195,1.0,0.13330208397567725,identity_without_rescale_tags
,4CH,4ch_s24_13601,44,1,valid,0.9701704902867687,1.0,0.12001849088026163,identity_without_rescale_tags
,4CH,4ch_s24_13601,45,1,valid,0.9496488565015916,1.0,0.15851626209960323,identity_without_rescale_tags
,4CH,4ch_s24_13601,46,1,valid,0.9637429530065575,1.0,0.13132604363727,identity_without_rescale_tags
,4CH,4ch_s24_13601,47,1,valid,0.9690092720386063,0.9955426768574829,0.1270714683287048,identity_without_rescale_tags
,4CH,4ch_s24_13601,48,1,valid,0.9585858402761342,1.0,0.14642474431657698,identity_without_rescale_tags
,4CH,4ch_s24_13601,49,1,valid,0.9696911240013171,1.0,0.1258866717752323,identity_without_rescale_tags
,4CH,4ch_s25_13701,0,1,valid,0.9553763482742111,1.0454545454545454,0.1631970591515057,identity_without_rescale_tags
,4CH,4ch_s25_13701,1,1,valid,0.9646160053276445,1.0279675399916637,0.138814310028242,identity_without_rescale_tags
,4CH,4ch_s25_13701,2,1,valid,0.9567458578282152,1.0173957545280583,0.14155624448540985,identity_without_rescale_tags
,4CH,4ch_s25_13701,3,1,valid,0.9690041667650654,1.0072479218812769,0.12390270989045288,identity_without_rescale_tags
,4CH,4ch_s25_13701,4,1,valid,0.9405979807093428,1.0063694267515924,0.17079061428793005,identity_without_rescale_tags
,4CH,4ch_s25_13701,5,1,valid,0.9625614816184622,1.0043708416401471,0.12738610573354167,identity_without_rescale_tags
,4CH,4ch_s25_13701,6,1,valid,0.9615761812764249,1.0,0.13816150123395962,identity_without_rescale_tags
,4CH,4ch_s25_13701,7,1,valid,0.9605632438768363,1.0,0.14045420345801152,identity_without_rescale_tags
,4CH,4ch_s25_13701,8,1,valid,0.9649380357943897,1.0,0.13429382423229871,identity_without_rescale_tags
,4CH,4ch_s25_13701,9,1,valid,0.9576406017365698,0.9990337839540921,0.14279511199971823,identity_without_rescale_tags
,4CH,4ch_s25_13701,10,1,valid,0.9782371884106672,1.0,0.10614848304811896,identity_without_rescale_tags
,4CH,4ch_s25_13701,11,1,valid,0.9499804691529908,1.0,0.14816134382249904,identity_without_rescale_tags
,4CH,4ch_s25_13701,12,1,valid,0.9485490998458098,1.0,0.14777581476989154,identity_without_rescale_tags
,4CH,4ch_s25_13701,13,1,valid,0.95373255557628,1.0,0.14654267231157353,identity_without_rescale_tags
,4CH,4ch_s25_13701,14,1,valid,0.9691179309423867,1.0,0.11832266820511282,identity_without_rescale_tags
,4CH,4ch_s25_13701,15,1,valid,0.9675647892934627,1.0,0.11568555314602287,identity_without_rescale_tags
,4CH,4ch_s25_13701,16,1,valid,0.9583827677596192,1.0,0.13474162973160142,identity_without_rescale_tags
,4CH,4ch_s25_13701,17,1,valid,0.9833169243570233,1.0,0.09171238982165454,identity_without_rescale_tags
,4CH,4ch_s25_13701,18,1,valid,0.9558368266785502,1.0,0.1408594304474881,identity_without_rescale_tags
,4CH,4ch_s25_13701,19,1,valid,0.9764186110543366,1.0,0.09262116145056984,identity_without_rescale_tags
,4CH,4ch_s25_13701,20,1,valid,0.967009786463985,1.0,0.12108631455299919,identity_without_rescale_tags
,4CH,4ch_s25_13701,21,1,valid,0.9738422548511868,1.0,0.11050645804171715,identity_without_rescale_tags
,4CH,4ch_s25_13701,22,1,valid,0.9628010479282582,1.0,0.13201772332621944,identity_without_rescale_tags
,4CH,4ch_s25_13701,23,1,valid,0.965029804648117,1.0,0.1269027110296318,identity_without_rescale_tags
,4CH,4ch_s25_13701,24,1,valid,0.9787944178980053,0.9984465735938022,0.10107573799697796,identity_without_rescale_tags
,4CH,4ch_s25_13701,25,1,valid,0.9586046185184486,1.0,0.14308701765752307,identity_without_rescale_tags
,4CH,4ch_s25_13701,26,1,valid,0.9657229690507003,1.0,0.12366166926854334,identity_without_rescale_tags
,4CH,4ch_s25_13701,27,1,valid,0.946889826976534,0.9937984347056901,0.1595980848025718,identity_without_rescale_tags
,4CH,4ch_s25_13701,28,1,valid,0.963701870579102,0.9977103598679951,0.13510587539588406,identity_without_rescale_tags
,4CH,4ch_s25_13701,29,1,valid,0.9609369085395251,1.0,0.13372980950718774,identity_without_rescale_tags
,4CH,4ch_s25_13701,30,1,valid,0.9444656902570883,1.0,0.16226945349751493,identity_without_rescale_tags
,4CH,4ch_s25_13701,31,1,valid,0.9707493307549744,0.9979596976543548,0.12182203596238442,identity_without_rescale_tags
,4CH,4ch_s25_13701,32,1,valid,0.959711109807395,1.0,0.13943214718780125,identity_without_rescale_tags
,4CH,4ch_s25_13701,33,1,valid,0.9750927781235201,1.0,0.0985251234282186,identity_without_rescale_tags
,4CH,4ch_s25_13701,34,1,valid,0.9655191414606553,1.0,0.12538209911709375,identity_without_rescale_tags
,4CH,4ch_s25_13701,35,1,valid,0.977381394759389,1.0,0.10229929974264518,identity_without_rescale_tags
,4CH,4ch_s25_13701,36,1,valid,0.966522499944502,1.0,0.12444554393530201,identity_without_rescale_tags
,4CH,4ch_s25_13701,37,1,valid,0.9633257725335918,1.0,0.1300744229343165,identity_without_rescale_tags
,4CH,4ch_s25_13701,38,1,valid,0.973438311774623,1.0,0.1153117224314686,identity_without_rescale_tags
,4CH,4ch_s25_13701,39,1,valid,0.9400727877106693,1.0,0.172757529665394,identity_without_rescale_tags
,4CH,4ch_s25_13701,40,1,valid,0.9643787457046007,1.0,0.13128064201167375,identity_without_rescale_tags
,4CH,4ch_s25_13701,41,1,valid,0.9596365753095631,0.99543799821018,0.14123309138197643,identity_without_rescale_tags
,4CH,4ch_s25_13701,42,1,valid,0.9714397881203317,0.9979097164791612,0.1212061717055119,identity_without_rescale_tags
,4CH,4ch_s25_13701,43,1,valid,0.9721295441530371,1.0,0.12042432624669232,identity_without_rescale_tags
,4CH,4ch_s25_13701,44,1,valid,0.9542128020488327,1.0,0.1516495129749622,identity_without_rescale_tags
,4CH,4ch_s25_13701,45,1,valid,0.9695347438291125,0.991869918699187,0.12578422455226126,identity_without_rescale_tags
,4CH,4ch_s25_13701,46,1,valid,0.9574621830230046,1.0,0.1467354368378773,identity_without_rescale_tags
,4CH,4ch_s25_13701,47,1,valid,0.9515529693752475,1.0,0.14717206010227618,identity_without_rescale_tags
,4CH,4ch_s25_13701,48,1,valid,0.9523633623909163,1.0,0.1489926999790032,identity_without_rescale_tags
,4CH,4ch_s25_13701,49,1,valid,0.9666645330962275,1.0,0.1255604127552141,identity_without_rescale_tags
,4CH,4ch_s26_13801,0,1,valid,0.9613989423358374,1.0332699619771863,0.14910575949567567,identity_without_rescale_tags
,4CH,4ch_s26_13801,1,1,valid,0.9659681256276067,1.0240963855421688,0.14115225167284698,identity_without_rescale_tags
,4CH,4ch_s26_13801,2,1,valid,0.9712396131180844,1.0095238095238095,0.12348890632684019,identity_without_rescale_tags
,4CH,4ch_s26_13801,3,1,valid,0.9554584261686644,1.0097087378640777,0.14745556142834604,identity_without_rescale_tags
,4CH,4ch_s26_13801,4,1,valid,0.9683308929247771,1.009748172217709,0.11756567245796955,identity_without_rescale_tags
,4CH,4ch_s26_13801,5,1,valid,0.9551242232133459,1.0036779730281977,0.14556225792475241,identity_without_rescale_tags
,4CH,4ch_s26_13801,6,1,valid,0.9813622184879633,1.0045578851412944,0.0978251171244853,identity_without_rescale_tags
,4CH,4ch_s26_13801,7,1,valid,0.9636492494395672,1.0,0.13032796229063048,identity_without_rescale_tags
,4CH,4ch_s26_13801,8,1,valid,0.973207792386088,1.0008787346221442,0.10433520280826372,identity_without_rescale_tags
,4CH,4ch_s26_13801,9,1,valid,0.9741497610433375,1.0,0.10652677900493351,identity_without_rescale_tags
,4CH,4ch_s26_13801,10,1,valid,0.9690215821841243,1.0009487666034156,0.11855354505190677,identity_without_rescale_tags
,4CH,4ch_s26_13801,11,1,valid,0.9711608184483201,1.0,0.11743740887543212,identity_without_rescale_tags
,4CH,4ch_s26_13801,12,1,valid,0.9641348428654628,1.0,0.12940565031100656,identity_without_rescale_tags
,4CH,4ch_s26_13801,13,1,valid,0.9819728357193295,1.0,0.09166555402421625,identity_without_rescale_tags
,4CH,4ch_s26_13801,14,1,valid,0.9546509740466846,0.9994728518713759,0.14550601065788532,identity_without_rescale_tags
,4CH,4ch_s26_13801,15,1,valid,0.9740886553621918,1.0,0.11315102633732903,identity_without_rescale_tags
,4CH,4ch_s26_13801,16,1,valid,0.9554026826424792,0.9966996699669967,0.1487166835106858,identity_without_rescale_tags
,4CH,4ch_s26_13801,17,1,valid,0.9754241590441799,0.9966329966329966,0.11472660564399499,identity_without_rescale_tags
,4CH,4ch_s26_13801,18,1,valid,0.9685269910435867,1.0,0.12460412775777946,identity_without_rescale_tags
,4CH,4ch_s26_13801,19,1,valid,0.9606346877317941,1.0,0.13577686874488754,identity_without_rescale_tags
,4CH,4ch_s26_13801,20,1,valid,0.9733411640338177,1.0,0.11378678160397573,identity_without_rescale_tags
,4CH,4ch_s26_13801,21,1,valid,0.9605385471336887,1.0,0.1324657636452051,identity_without_rescale_tags
,4CH,4ch_s26_13801,22,1,valid,0.9798242497567082,1.0026737967914439,0.09378750874729361,identity_without_rescale_tags
,4CH,4ch_s26_13801,23,1,valid,0.9622545448170485,1.0,0.12954120453808732,identity_without_rescale_tags
,4CH,4ch_s26_13801,24,1,valid,0.9812452461142064,1.0,0.09744040176337632,identity_without_rescale_tags
,4CH,4ch_s26_13801,25,1,valid,0.9569492268197525,1.0,0.14278579469790295,identity_without_rescale_tags
,4CH,4ch_s26_13801,26,1,valid,0.9685362270305703,1.0,0.11741533993426682,identity_without_rescale_tags
,4CH,4ch_s26_13801,27,1,valid,0.9698044730579091,0.9977761304670126,0.1218789502082763,identity_without_rescale_tags
,4CH,4ch_s26_13801,28,1,valid,0.9687731034217736,1.0,0.12245953595976934,identity_without_rescale_tags
,4CH,4ch_s26_13801,29,1,valid,0.9742558813718434,0.997946611909651,0.1129189032021691,identity_without_rescale_tags
,4CH,4ch_s26_13801,30,1,valid,0.9610763057415368,0.9988925802879292,0.13989602146287378,identity_without_rescale_tags
,4CH,4ch_s26_13801,31,1,valid,0.9804968227115927,0.9924324324324324,0.10430057216085915,identity_without_rescale_tags
,4CH,4ch_s26_13801,32,1,valid,0.9534306810521836,1.0,0.14968344225911945,identity_without_rescale_tags
,4CH,4ch_s26_13801,33,1,valid,0.9591883206642116,1.0,0.13951110335114328,identity_without_rescale_tags
,4CH,4ch_s26_13801,34,1,valid,0.9531097560711815,0.9984856133266027,0.1507325000711591,identity_without_rescale_tags
,4CH,4ch_s26_13801,35,1,valid,0.9717290696190606,0.9990783410138249,0.11671726379126869,identity_without_rescale_tags
,4CH,4ch_s26_13801,36,1,valid,0.9706968606935237,1.0,0.11540188857510439,identity_without_rescale_tags
,4CH,4ch_s26_13801,37,1,valid,0.9608457391666482,1.0,0.13171847534513068,identity_without_rescale_tags
,4CH,4ch_s26_13801,38,1,valid,0.9835997508435956,1.0,0.09138570287413159,identity_without_rescale_tags
,4CH,4ch_s26_13801,39,1,valid,0.9569257797315576,1.0,0.13420632405880423,identity_without_rescale_tags
,4CH,4ch_s26_13801,40,1,valid,0.9790662020165269,1.0,0.09426476601023168,identity_without_rescale_tags
,4CH,4ch_s26_13801,41,1,valid,0.9660067343759752,0.9995138551288284,0.12254940203736574,identity_without_rescale_tags
,4CH,4ch_s26_13801,42,1,valid,0.9699641414293108,1.0,0.12342870199909807,identity_without_rescale_tags
,4CH,4ch_s26_13801,43,1,valid,0.9578421379593439,1.0,0.14379969278336288,identity_without_rescale_tags
,4CH,4ch_s26_13801,44,1,valid,0.9586454423525169,1.0,0.13695297354791247,identity_without_rescale_tags
,4CH,4ch_s26_13801,45,1,valid,0.9666745519639616,1.0,0.12966597893621423,identity_without_rescale_tags
,4CH,4ch_s26_13801,46,1,valid,0.9335486365410204,1.0,0.1833550443615426,identity_without_rescale_tags
,4CH,4ch_s26_13801,47,1,valid,0.9571967654379565,1.0,0.14443230746992067,identity_without_rescale_tags
,4CH,4ch_s26_13801,48,1,valid,0.9555673853058582,0.9983416252072969,0.15217500343906493,identity_without_rescale_tags
,4CH,4ch_s26_13801,49,1,valid,0.9700162944786546,0.9958333333333333,0.12484317338592867,identity_without_rescale_tags
,4CH,4ch_s27_13901,0,1,valid,0.9520014959418002,1.0273224043715847,0.17016889832124757,identity_without_rescale_tags
,4CH,4ch_s27_13901,1,1,valid,0.9413348970160715,1.0200044464206313,0.18146873139798286,identity_without_rescale_tags
,4CH,4ch_s27_13901,2,1,valid,0.9623137559564177,1.0224247753258364,0.14004138602829413,identity_without_rescale_tags
,4CH,4ch_s27_13901,3,1,valid,0.953367650575048,1.001127397148842,0.15466367719264693,identity_without_rescale_tags
,4CH,4ch_s27_13901,4,1,valid,0.9757210613020869,1.0084985835694051,0.11721681856162254,identity_without_rescale_tags
,4CH,4ch_s27_13901,5,1,valid,0.9646917032100676,1.0012810239439893,0.13048646293700106,identity_without_rescale_tags
,4CH,4ch_s27_13901,6,1,valid,0.9703084568118938,1.0,0.11270020494795142,identity_without_rescale_tags
,4CH,4ch_s27_13901,7,1,valid,0.9778835923179814,1.0,0.10025891465020166,identity_without_rescale_tags
,4CH,4ch_s27_13901,8,1,valid,0.9506031313143279,1.0,0.14451369938373376,identity_without_rescale_tags
,4CH,4ch_s27_13901,9,1,valid,0.9711376484910246,1.0,0.11427544686727496,identity_without_rescale_tags
,4CH,4ch_s27_13901,10,1,valid,0.9611586938968953,1.0,0.13528773663246962,identity_without_rescale_tags
,4CH,4ch_s27_13901,11,1,valid,0.9617936622593667,0.999144201811641,0.13422286360243516,identity_without_rescale_tags
,4CH,4ch_s27_13901,12,1,valid,0.9379902744545259,1.0,0.17142090971120286,identity_without_rescale_tags
,4CH,4ch_s27_13901,13,1,valid,0.9606951409991683,1.0,0.13651365922246955,identity_without_rescale_tags
,4CH,4ch_s27_13901,14,1,valid,0.9609031270566653,1.0,0.14113663907950383,identity_without_rescale_tags
,4CH,4ch_s27_13901,15,1,valid,0.9434955541842067,0.9943714821763602,0.16347069761781427,identity_without_rescale_tags
,4CH,4ch_s27_13901,16,1,valid,0.9685215924345184,0.9974785652616736,0.12826229189648636,identity_without_rescale_tags
,4CH,4ch_s27_13901,17,1,valid,0.9588536919758307,0.9903846153846154,0.14963817109485697,identity_without_rescale_tags
,4CH,4ch_s27_13901,18,1,valid,0.9762642368537693,0.9924081927330749,0.11518864122284304,identity_without_rescale_tags
,4CH,4ch_s27_13901,19,1,valid,0.9640757621617161,0.9907585984616973,0.13376664006387268,identity_without_rescale_tags
,4CH,4ch_s27_13901,20,1,valid,0.9524395486289569,1.0,0.15189726413937968,identity_without_rescale_tags
,4CH,4ch_s27_13901,21,1,valid,0.9624604123538768,0.996453002052532,0.13432689993317812,identity_without_rescale_tags
,4CH,4ch_s27_13901,22,1,valid,0.953657854725264,1.0,0.14601991413019694,identity_without_rescale_tags
,4CH,4ch_s27_13901,23,1,valid,0.9779984449888719,1.0,0.09553678667214979,identity_without_rescale_tags
,4CH,4ch_s27_13901,24,1,valid,0.9600729665319321,0.9979266008979715,0.13185138639124405,identity_without_rescale_tags
,4CH,4ch_s27_13901,25,1,valid,0.9778205507550453,0.9996628475372018,0.10265615453904481,identity_without_rescale_tags
,4CH,4ch_s27_13901,26,1,valid,0.9637101884121819,1.0,0.12490245205435326,identity_without_rescale_tags
,4CH,4ch_s27_13901,27,1,valid,0.9705349751490288,1.0,0.1116639606620417,identity_without_rescale_tags
,4CH,4ch_s27_13901,28,1,valid,0.9766103619139029,0.9974731512342132,0.10664604801045928,identity_without_rescale_tags
,4CH,4ch_s27_13901,29,1,valid,0.9456592664462636,0.9981299635959253,0.15682055504901918,identity_without_rescale_tags
,4CH,4ch_s27_13901,30,1,valid,0.9697385446963607,1.0,0.12034883404738109,identity_without_rescale_tags
,4CH,4ch_s27_13901,31,1,valid,0.9609977101733156,0.9915317511874531,0.13939791738742857,identity_without_rescale_tags
,4CH,4ch_s27_13901,32,1,valid,0.9777181268642118,0.995143946692898,0.1068759869852642,identity_without_rescale_tags
,4CH,4ch_s27_13901,33,1,valid,0.9675293438397504,0.9893026121784292,0.12790665435691093,identity_without_rescale_tags
,4CH,4ch_s27_13901,34,1,valid,0.9558933815483514,1.0,0.1484551091194099,identity_without_rescale_tags
,4CH,4ch_s27_13901,35,1,valid,0.9616418058411851,1.0,0.14042109922216836,identity_without_rescale_tags
,4CH,4ch_s27_13901,36,1,valid,0.9522059894634568,1.0011520981991167,0.14961182165978887,identity_without_rescale_tags
,4CH,4ch_s27_13901,37,1,valid,0.9717423631537754,1.0033444816053512,0.11716677564593046,identity_without_rescale_tags
,4CH,4ch_s27_13901,38,1,valid,0.9555017996983565,1.0,0.1505342075659638,identity_without_rescale_tags
,4CH,4ch_s27_13901,39,1,valid,0.9753858872754781,1.0,0.11665834854371492,identity_without_rescale_tags
,4CH,4ch_s27_13901,40,1,valid,0.9641787032250135,1.0047789793424764,0.13274470608151626,identity_without_rescale_tags
,4CH,4ch_s27_13901,41,1,valid,0.9636897495067207,1.0,0.13186976204032608,identity_without_rescale_tags
,4CH,4ch_s27_13901,42,1,valid,0.9756362279144469,1.0,0.11623389418259905,identity_without_rescale_tags
,4CH,4ch_s27_13901,43,1,valid,0.9418935046343945,1.006072730167091,0.17360089079689153,identity_without_rescale_tags
,4CH,4ch_s27_13901,44,1,valid,0.9574730564811307,1.011073191167605,0.15472936201824466,identity_without_rescale_tags
,4CH,4ch_s27_13901,45,1,valid,0.9424586875487472,1.0,0.18658530106096854,identity_without_rescale_tags
,4CH,4ch_s27_13901,46,1,valid,0.9491607683020017,1.0,0.1697635045388504,identity_without_rescale_tags
,4CH,4ch_s27_13901,47,1,valid,0.9532845873199196,1.0,0.16148835971774997,identity_without_rescale_tags
,4CH,4ch_s27_13901,48,1,valid,0.9231541394222532,1.0,0.2072673480973392,identity_without_rescale_tags
,4CH,4ch_s27_13901,49,1,valid,0.9594482303042537,1.0,0.15526010066253534,identity_without_rescale_tags
,4CH,4ch_s28_14001,0,1,valid,0.9484446473483031,1.0317588532451216,0.1652094398548296,identity_without_rescale_tags
,4CH,4ch_s28_14001,1,1,valid,0.9728727046956699,1.027956989247312,0.12375149174930246,identity_without_rescale_tags
,4CH,4ch_s28_14001,2,1,valid,0.9612835122062245,1.0085758112218364,0.14008588473980235,identity_without_rescale_tags
,4CH,4ch_s28_14001,3,1,valid,0.9586302202818872,1.0059203461713713,0.1386263656025261,identity_without_rescale_tags
,4CH,4ch_s28_14001,4,1,valid,0.9647771092513115,1.0074113308223476,0.12994195858686514,identity_without_rescale_tags
,4CH,4ch_s28_14001,5,1,valid,0.9473375445035787,1.008,0.15871356719966603,identity_without_rescale_tags
,4CH,4ch_s28_14001,6,1,valid,0.9738837349760063,1.0048181163962207,0.11205752787249429,identity_without_rescale_tags
,4CH,4ch_s28_14001,7,1,valid,0.9677510067324214,1.0,0.1272751316334979,identity_without_rescale_tags
,4CH,4ch_s28_14001,8,1,valid,0.9670133755336727,1.0004730370027266,0.12086626184826249,identity_without_rescale_tags
,4CH,4ch_s28_14001,9,1,valid,0.9788124647969839,1.0,0.10437040068798345,identity_without_rescale_tags
,4CH,4ch_s28_14001,10,1,valid,0.9482366583805237,1.0,0.15485583986654622,identity_without_rescale_tags
,4CH,4ch_s28_14001,11,1,valid,0.9759648829673526,1.0,0.10314611027180332,identity_without_rescale_tags
,4CH,4ch_s28_14001,12,1,valid,0.9629196491077693,1.0,0.13083762086484102,identity_without_rescale_tags
,4CH,4ch_s28_14001,13,1,valid,0.938204187338236,1.0,0.1727470582624954,identity_without_rescale_tags
,4CH,4ch_s28_14001,14,1,valid,0.9492150564960861,1.0,0.15444491275301958,identity_without_rescale_tags
,4CH,4ch_s28_14001,15,1,valid,0.9524984147742772,1.0,0.151943452797417,identity_without_rescale_tags
,4CH,4ch_s28_14001,16,1,valid,0.9680081363437344,0.9995269629972734,0.1262227738397322,identity_without_rescale_tags
,4CH,4ch_s28_14001,17,1,valid,0.9625008122250818,0.9947643979057592,0.13797101945735143,identity_without_rescale_tags
,4CH,4ch_s28_14001,18,1,valid,0.9653560354402837,0.9987206367028325,0.1326693322604027,identity_without_rescale_tags
,4CH,4ch_s28_14001,19,1,valid,0.9750171879947954,0.9922742043979573,0.11020686069696442,identity_without_rescale_tags
,4CH,4ch_s28_14001,20,1,valid,0.9577942943088474,1.0,0.1361805140262715,identity_without_rescale_tags
,4CH,4ch_s28_14001,21,1,valid,0.9748374936143923,1.0,0.10630111920051473,identity_without_rescale_tags
,4CH,4ch_s28_14001,22,1,valid,0.9668643232841969,1.0,0.12416308173813594,identity_without_rescale_tags
,4CH,4ch_s28_14001,23,1,valid,0.9626564879586109,1.0,0.12825284896785039,identity_without_rescale_tags
,4CH,4ch_s28_14001,24,1,valid,0.9760136964363552,1.0,0.10467254308692264,identity_without_rescale_tags
,4CH,4ch_s28_14001,25,1,valid,0.9640490098214739,0.9973434473886642,0.12689230041758978,identity_without_rescale_tags
,4CH,4ch_s28_14001,26,1,valid,0.9746879983967914,1.0,0.10898795032741972,identity_without_rescale_tags
,4CH,4ch_s28_14001,27,1,valid,0.9566828832662323,0.9994441246384416,0.14118337646803275,identity_without_rescale_tags
,4CH,4ch_s28_14001,28,1,valid,0.9662489914864294,1.0,0.12261680874323096,identity_without_rescale_tags
,4CH,4ch_s28_14001,29,1,valid,0.9700094899365711,0.9955530836732172,0.12140232646587248,identity_without_rescale_tags
,4CH,4ch_s28_14001,30,1,valid,0.9450214134602958,0.9974858490118802,0.15674632024341914,identity_without_rescale_tags
,4CH,4ch_s28_14001,31,1,valid,0.9748898468728782,1.0101010101010102,0.11081446838385384,identity_without_rescale_tags
,4CH,4ch_s28_14001,32,1,valid,0.9671102818990996,0.9896193771626297,0.12909360362930034,identity_without_rescale_tags
,4CH,4ch_s28_14001,33,1,valid,0.9689786378504992,0.9919655660529605,0.1222790587183718,identity_without_rescale_tags
,4CH,4ch_s28_14001,34,1,valid,0.9746890476890967,1.0,0.11097255678589424,identity_without_rescale_tags
,4CH,4ch_s28_14001,35,1,valid,0.950720077624275,1.0,0.15252680452425035,identity_without_rescale_tags
,4CH,4ch_s28_14001,36,1,valid,0.9782071904209065,1.0,0.10308398360713553,identity_without_rescale_tags
,4CH,4ch_s28_14001,37,1,valid,0.9659698519004585,1.0,0.12772195602146724,identity_without_rescale_tags
,4CH,4ch_s28_14001,38,1,valid,0.9685603632687554,1.0,0.12004624443261226,identity_without_rescale_tags
,4CH,4ch_s28_14001,39,1,valid,0.9767813466498773,1.0,0.10953574105404403,identity_without_rescale_tags
,4CH,4ch_s28_14001,40,1,valid,0.9508702303282028,1.0,0.14885132715039912,identity_without_rescale_tags
,4CH,4ch_s28_14001,41,1,valid,0.9792578298981088,1.0,0.0981937155642049,identity_without_rescale_tags
,4CH,4ch_s28_14001,42,1,valid,0.9646554665393839,1.0,0.12673146026623588,identity_without_rescale_tags
,4CH,4ch_s28_14001,43,1,valid,0.9721756909084639,0.9920860386351629,0.11262166479872754,identity_without_rescale_tags
,4CH,4ch_s28_14001,44,1,valid,0.9732326424002452,1.0,0.11307948299686084,identity_without_rescale_tags
,4CH,4ch_s28_14001,45,1,valid,0.9575151210688131,0.9928571428571429,0.14770033725943857,identity_without_rescale_tags
,4CH,4ch_s28_14001,46,1,valid,0.9727690529637686,0.9971094764472634,0.11941535974718388,identity_without_rescale_tags
,4CH,4ch_s28_14001,47,1,valid,0.9577175223837988,0.9971195384623894,0.14894378562607533,identity_without_rescale_tags
,4CH,4ch_s28_14001,48,1,valid,0.9595096109289516,1.0,0.1434018350568999,identity_without_rescale_tags
,4CH,4ch_s28_14001,49,1,valid,0.9612214873309202,1.0,0.13899260730521304,identity_without_rescale_tags
,4CH,4ch_s29_14101,0,1,valid,0.958777104911821,1.0440677966101695,0.14781954760900887,identity_without_rescale_tags
,4CH,4ch_s29_14101,1,1,valid,0.9682724261819052,1.0309278350515463,0.1306972961384316,identity_without_rescale_tags
,4CH,4ch_s29_14101,2,1,valid,0.9762270891776229,1.0143011541457712,0.10486721216090265,identity_without_rescale_tags
,4CH,4ch_s29_14101,3,1,valid,0.9563835632092409,1.003420975989637,0.14049571739063219,identity_without_rescale_tags
,4CH,4ch_s29_14101,4,1,valid,0.9772110308138054,1.0038643609673783,0.10717500206644875,identity_without_rescale_tags
,4CH,4ch_s29_14101,5,1,valid,0.9604949135544634,1.0,0.13996520168378096,identity_without_rescale_tags
,4CH,4ch_s29_14101,6,1,valid,0.9659107054614096,1.0,0.12844036697247704,identity_without_rescale_tags
,4CH,4ch_s29_14101,7,1,valid,0.9711764043686549,1.0,0.11864296815157334,identity_without_rescale_tags
,4CH,4ch_s29_14101,8,1,valid,0.9531059487766378,1.000942507068803,0.14811019659368985,identity_without_rescale_tags
,4CH,4ch_s29_14101,9,1,valid,0.9779810052188984,1.0,0.10549855381688866,identity_without_rescale_tags
,4CH,4ch_s29_14101,10,1,valid,0.9618861253426452,1.0,0.13083659436687792,identity_without_rescale_tags
,4CH,4ch_s29_14101,11,1,valid,0.9775919770487358,1.0012128567225655,0.10195984005888882,identity_without_rescale_tags
,4CH,4ch_s29_14101,12,1,valid,0.9735760046606217,1.0,0.11259871947750291,identity_without_rescale_tags
,4CH,4ch_s29_14101,13,1,valid,0.961681855724031,1.0,0.12536964532892275,identity_without_rescale_tags
,4CH,4ch_s29_14101,14,1,valid,0.9787534820819546,1.0,0.09533460898507996,identity_without_rescale_tags
,4CH,4ch_s29_14101,15,1,valid,0.966018979863034,1.0,0.11860924757153969,identity_without_rescale_tags
,4CH,4ch_s29_14101,16,1,valid,0.9780357408125723,1.0,0.10277090601578454,identity_without_rescale_tags
,4CH,4ch_s29_14101,17,1,valid,0.963158843096242,1.0,0.12734734081820012,identity_without_rescale_tags
,4CH,4ch_s29_14101,18,1,valid,0.973096653922929,1.0,0.11487700749026648,identity_without_rescale_tags
,4CH,4ch_s29_14101,19,1,valid,0.978148545562387,0.9948970911944226,0.10211690878945019,identity_without_rescale_tags
,4CH,4ch_s29_14101,20,1,valid,0.9594431062466384,1.0,0.13127562309515914,identity_without_rescale_tags
,4CH,4ch_s29_14101,21,1,valid,0.9773912025217386,0.9971606711844403,0.10467923531317866,identity_without_rescale_tags
,4CH,4ch_s29_14101,22,1,valid,0.9554158141704436,1.0,0.14793920972845345,identity_without_rescale_tags
,4CH,4ch_s29_14101,23,1,valid,0.9732233077052223,0.997134670487106,0.11410432352137033,identity_without_rescale_tags
,4CH,4ch_s29_14101,24,1,valid,0.9700199905345379,1.0,0.11698123780315048,identity_without_rescale_tags
,4CH,4ch_s29_14101,25,1,valid,0.9635792350956695,1.0,0.12828432664134096,identity_without_rescale_tags
,4CH,4ch_s29_14101,26,1,valid,0.9826642591520786,0.9988358493353229,0.09360436605312734,identity_without_rescale_tags
,4CH,4ch_s29_14101,27,1,valid,0.9570617749214768,1.0,0.13163481339130187,identity_without_rescale_tags
,4CH,4ch_s29_14101,28,1,valid,0.9835579340477066,1.0,0.0861705454700533,identity_without_rescale_tags
,4CH,4ch_s29_14101,29,1,valid,0.9729531299603303,1.0,0.1076319590433802,identity_without_rescale_tags
,4CH,4ch_s29_14101,30,1,valid,0.9727729454437157,1.0,0.10682828521924492,identity_without_rescale_tags
,4CH,4ch_s29_14101,31,1,valid,0.9663887570698891,1.0,0.12048065711492667,identity_without_rescale_tags
,4CH,4ch_s29_14101,32,1,valid,0.9685730526881545,1.0,0.12172848387313259,identity_without_rescale_tags
,4CH,4ch_s29_14101,33,1,valid,0.972022250602079,1.0,0.11320866526340566,identity_without_rescale_tags
,4CH,4ch_s29_14101,34,1,valid,0.9482373496060358,1.0,0.14981318137473515,identity_without_rescale_tags
,4CH,4ch_s29_14101,35,1,valid,0.9730280649777568,0.9987856346551999,0.11326256914730987,identity_without_rescale_tags
,4CH,4ch_s29_14101,36,1,valid,0.9667046053676134,0.9975698663426489,0.1295363382716319,identity_without_rescale_tags
,4CH,4ch_s29_14101,37,1,valid,0.9776246357396331,0.9939393939393939,0.10439928568651927,identity_without_rescale_tags
,4CH,4ch_s29_14101,38,1,valid,0.9708516921304486,0.9963107155351718,0.11621660928415757,identity_without_rescale_tags
,4CH,4ch_s29_14101,39,1,valid,0.9621998336353377,1.0,0.1352823387800886,identity_without_rescale_tags
,4CH,4ch_s29_14101,40,1,valid,0.9717869301475084,0.9963201191644944,0.116968129039665,identity_without_rescale_tags
,4CH,4ch_s29_14101,41,1,valid,0.956314692546047,1.0,0.13480909358089088,identity_without_rescale_tags
,4CH,4ch_s29_14101,42,1,valid,0.9796232970929195,1.0,0.09485243774999098,identity_without_rescale_tags
,4CH,4ch_s29_14101,43,1,valid,0.9655290201243601,1.0,0.1219851074050063,identity_without_rescale_tags
,4CH,4ch_s29_14101,44,1,valid,0.9790791787259145,1.0,0.09769521488439627,identity_without_rescale_tags
,4CH,4ch_s29_14101,45,1,valid,0.9705837558089782,1.0,0.11032985339151345,identity_without_rescale_tags
,4CH,4ch_s29_14101,46,1,valid,0.9749507736679341,1.0,0.10478223943661505,identity_without_rescale_tags
,4CH,4ch_s29_14101,47,1,valid,0.982607253838749,1.0,0.08731960729409205,identity_without_rescale_tags
,4CH,4ch_s29_14101,48,1,valid,0.9574950299696965,0.9980487786306043,0.12918261032467684,identity_without_rescale_tags
,4CH,4ch_s29_14101,49,1,valid,0.9823186820482676,1.0,0.0897145949612858,identity_without_rescale_tags
,4CH,4ch_s2_11401,0,1,valid,0.9737671211692873,1.004566210045662,0.14404842242391983,identity_without_rescale_tags
,4CH,4ch_s2_11401,1,1,valid,0.9840894948578102,1.0192307692307692,0.11345072647890182,identity_without_rescale_tags
,4CH,4ch_s2_11401,2,1,valid,0.9953584361705272,1.0014858841010401,0.07010980429564952,identity_without_rescale_tags
,4CH,4ch_s2_11401,3,1,valid,0.9879237135301089,1.0,0.07852592709913472,identity_without_rescale_tags
,4CH,4ch_s2_11401,4,1,valid,0.9789641286127929,1.0,0.10574587903526914,identity_without_rescale_tags
,4CH,4ch_s2_11401,5,1,valid,0.9943184764121122,1.0,0.07047285672382375,identity_without_rescale_tags
,4CH,4ch_s2_11401,6,1,valid,0.9943030310523812,1.0115606936416186,0.06989791284611811,identity_without_rescale_tags
,4CH,4ch_s2_11401,7,1,valid,0.9845492230406544,1.0,0.0983143340215664,identity_without_rescale_tags
,4CH,4ch_s2_11401,8,1,valid,0.9845765162779447,1.0,0.11292469708500603,identity_without_rescale_tags
,4CH,4ch_s2_11401,9,1,valid,0.9737822622788291,1.0,0.1286168687815301,identity_without_rescale_tags
,4CH,4ch_s2_11401,10,1,valid,0.9710674361334963,1.0,0.14323683775672227,identity_without_rescale_tags
,4CH,4ch_s2_11401,11,1,valid,0.9846323779956666,1.0,0.11644274790828411,identity_without_rescale_tags
,4CH,4ch_s2_11401,12,1,valid,0.9804802552366775,1.0,0.10624698743169368,identity_without_rescale_tags
,4CH,4ch_s2_11401,13,1,valid,0.9882496176761473,1.0,0.08507315645114163,identity_without_rescale_tags
,4CH,4ch_s2_11401,14,1,valid,0.9838165972540995,1.0,0.09223253396518886,identity_without_rescale_tags
,4CH,4ch_s2_11401,15,1,valid,0.9889675363169378,1.0,0.08309045052297899,identity_without_rescale_tags
,4CH,4ch_s2_11401,16,1,valid,0.9938357258313509,1.0,0.06316550242635038,identity_without_rescale_tags
,4CH,4ch_s2_11401,17,1,valid,0.991255474150874,1.0,0.07177983250263162,identity_without_rescale_tags
,4CH,4ch_s2_11401,18,1,valid,0.9843642413628569,1.0,0.08915864220437378,identity_without_rescale_tags
,4CH,4ch_s2_11401,19,1,valid,0.9943942999251956,1.0,0.0651089842148568,identity_without_rescale_tags
,4CH,4ch_s2_11401,20,1,valid,0.9951314305069376,1.0,0.06166572227593781,identity_without_rescale_tags
,4CH,4ch_s2_11401,21,1,valid,0.9814913365445025,1.0,0.08805785045996879,identity_without_rescale_tags
,4CH,4ch_s2_11401,22,1,valid,0.9857034266469666,1.0163204747774481,0.09252504399464595,identity_without_rescale_tags
,4CH,4ch_s2_11401,23,1,valid,0.9921185111126265,1.0,0.07402567179915868,identity_without_rescale_tags
,4CH,4ch_s2_11401,24,1,valid,0.9857858385697342,1.0,0.09897485481064631,identity_without_rescale_tags
,4CH,4ch_s2_11401,25,1,valid,0.9909442375085746,1.0,0.09274782251705764,identity_without_rescale_tags
,4CH,4ch_s2_11401,26,1,valid,0.979046396035278,1.0,0.11723683661316135,identity_without_rescale_tags
,4CH,4ch_s2_11401,27,1,valid,0.9760167345950498,1.0,0.1300353417503229,identity_without_rescale_tags
,4CH,4ch_s2_11401,28,1,valid,0.9724322859315598,1.0,0.13714806197871487,identity_without_rescale_tags
,4CH,4ch_s2_11401,29,1,valid,0.9808135405577884,1.0,0.11676763356648634,identity_without_rescale_tags
,4CH,4ch_s2_11401,30,1,valid,0.9809845343018175,1.0,0.09833937800577841,identity_without_rescale_tags
,4CH,4ch_s2_11401,31,1,valid,0.9858212666171979,1.0,0.08773525192361242,identity_without_rescale_tags
,4CH,4ch_s2_11401,32,1,valid,0.9890488190724475,1.0,0.08285190371445741,identity_without_rescale_tags
,4CH,4ch_s2_11401,33,1,valid,0.9914667000724648,1.0,0.07643812792215551,identity_without_rescale_tags
,4CH,4ch_s2_11401,34,1,valid,0.996447681873397,1.0,0.05786486883642104,identity_without_rescale_tags
,4CH,4ch_s2_11401,35,1,valid,0.9870975732477965,0.9993674889310563,0.08110639316636366,identity_without_rescale_tags
,4CH,4ch_s2_11401,36,1,valid,0.9856045747318004,1.0,0.08639557030240896,identity_without_rescale_tags
,4CH,4ch_s2_11401,37,1,valid,0.9950219666004753,1.0,0.06218524200322141,identity_without_rescale_tags
,4CH,4ch_s2_11401,38,1,valid,0.9894867131362228,1.0,0.07505945087348041,identity_without_rescale_tags
,4CH,4ch_s2_11401,39,1,valid,0.972642419863848,1.0,0.10428600916106655,identity_without_rescale_tags
,4CH,4ch_s2_11401,40,1,valid,0.9801348083075279,1.0,0.10116237250010435,identity_without_rescale_tags
,4CH,4ch_s2_11401,41,1,valid,0.984511843460321,1.0,0.09206145725111968,identity_without_rescale_tags
,4CH,4ch_s2_11401,42,1,valid,0.9663212281941395,1.0,0.11877641268369163,identity_without_rescale_tags
,4CH,4ch_s2_11401,43,1,valid,0.9515202079212222,1.0,0.14988664452351533,identity_without_rescale_tags
,4CH,4ch_s2_11401,44,1,valid,0.9762253045394419,1.0,0.11136510869832462,identity_without_rescale_tags
,4CH,4ch_s2_11401,45,1,valid,0.9727848541783823,1.0,0.11469184177919783,identity_without_rescale_tags
,4CH,4ch_s2_11401,46,1,valid,0.9746901198757136,1.0,0.11387465314367756,identity_without_rescale_tags
,4CH,4ch_s2_11401,47,1,valid,0.9814545891423453,1.0,0.11254457743422668,identity_without_rescale_tags
,4CH,4ch_s2_11401,48,1,valid,0.9811355400376508,1.0,0.11415288151622456,identity_without_rescale_tags
,4CH,4ch_s2_11401,49,1,valid,0.9767989166003535,1.0,0.1282402941696118,identity_without_rescale_tags
,4CH,4ch_s30_14201,0,1,valid,0.9610450987768019,1.0351978338875987,0.15326199270683377,identity_without_rescale_tags
,4CH,4ch_s30_14201,1,1,valid,0.9591171059467467,1.0212765957446808,0.15070925917652145,identity_without_rescale_tags
,4CH,4ch_s30_14201,2,1,valid,0.9462603197394697,1.018329192324002,0.1638828332683502,identity_without_rescale_tags
,4CH,4ch_s30_14201,3,1,valid,0.9692087857914143,1.0031645569620253,0.1289306005043606,identity_without_rescale_tags
,4CH,4ch_s30_14201,4,1,valid,0.9546539032549285,1.0069102350302421,0.1432552032987834,identity_without_rescale_tags
,4CH,4ch_s30_14201,5,1,valid,0.9740934371417624,1.0012004801920769,0.11066875035790458,identity_without_rescale_tags
,4CH,4ch_s30_14201,6,1,valid,0.9613356288760707,1.0,0.13110820019406477,identity_without_rescale_tags
,4CH,4ch_s30_14201,7,1,valid,0.9782899938793468,1.0,0.10367924421770278,identity_without_rescale_tags
,4CH,4ch_s30_14201,8,1,valid,0.9742198728512008,1.0,0.10544698806005763,identity_without_rescale_tags
,4CH,4ch_s30_14201,9,1,valid,0.9673349069509701,1.0007933910306845,0.11600721016568473,identity_without_rescale_tags
,4CH,4ch_s30_14201,10,1,valid,0.9855228894718951,1.0,0.08463469491259966,identity_without_rescale_tags
,4CH,4ch_s30_14201,11,1,valid,0.9636854314685338,1.0,0.12368094298001205,identity_without_rescale_tags
,4CH,4ch_s30_14201,12,1,valid,0.9788557754560857,1.0,0.10180193184297218,identity_without_rescale_tags
,4CH,4ch_s30_14201,13,1,valid,0.9657334368570238,1.0,0.12380384957868894,identity_without_rescale_tags
,4CH,4ch_s30_14201,14,1,valid,0.9704383852972409,1.0,0.11952273943915641,identity_without_rescale_tags
,4CH,4ch_s30_14201,15,1,valid,0.9632059685476068,1.0,0.12899170274081714,identity_without_rescale_tags
,4CH,4ch_s30_14201,16,1,valid,0.9571131357335412,1.0,0.14385914609208567,identity_without_rescale_tags
,4CH,4ch_s30_14201,17,1,valid,0.972754530080803,0.9968915111294917,0.11482315519862758,identity_without_rescale_tags
,4CH,4ch_s30_14201,18,1,valid,0.9555568566829199,1.0152332608170171,0.14444976325546702,identity_without_rescale_tags
,4CH,4ch_s30_14201,19,1,valid,0.9753169598482208,0.9983286887329412,0.1172401259759152,identity_without_rescale_tags
,4CH,4ch_s30_14201,20,1,valid,0.9668697803965947,0.9912674969665569,0.1327562277580448,identity_without_rescale_tags
,4CH,4ch_s30_14201,21,1,valid,0.9661670995901321,0.9965870307167235,0.12736162071196722,identity_without_rescale_tags
,4CH,4ch_s30_14201,22,1,valid,0.9704029500373336,1.0,0.12227152669798085,identity_without_rescale_tags
,4CH,4ch_s30_14201,23,1,valid,0.9534069361010121,1.0,0.15366213385166858,identity_without_rescale_tags
,4CH,4ch_s30_14201,24,1,valid,0.9784239355252696,0.9974683544303797,0.1072452033049159,identity_without_rescale_tags
,4CH,4ch_s30_14201,25,1,valid,0.9649736392666942,1.01507064512771,0.12620179127718156,identity_without_rescale_tags
,4CH,4ch_s30_14201,26,1,valid,0.9746328209728278,1.0,0.11147546671366902,identity_without_rescale_tags
,4CH,4ch_s30_14201,27,1,valid,0.9746887078268256,1.0,0.1082582923903795,identity_without_rescale_tags
,4CH,4ch_s30_14201,28,1,valid,0.9653369165186672,1.0,0.1194824797543701,identity_without_rescale_tags
,4CH,4ch_s30_14201,29,1,valid,0.9779124555024504,1.0,0.09218289483826653,identity_without_rescale_tags
,4CH,4ch_s30_14201,30,1,valid,0.9644950373411912,1.0,0.12104925248730387,identity_without_rescale_tags
,4CH,4ch_s30_14201,31,1,valid,0.9802377935000417,0.9979705727906426,0.09830172156568696,identity_without_rescale_tags
,4CH,4ch_s30_14201,32,1,valid,0.9654818583025853,1.0,0.12365737633525908,identity_without_rescale_tags
,4CH,4ch_s30_14201,33,1,valid,0.971326740853378,1.0,0.11638657545720518,identity_without_rescale_tags
,4CH,4ch_s30_14201,34,1,valid,0.9711041536728323,0.9993864917528307,0.11895341558705295,identity_without_rescale_tags
,4CH,4ch_s30_14201,35,1,valid,0.9589474123148503,0.9964264430444407,0.13716614267777205,identity_without_rescale_tags
,4CH,4ch_s30_14201,36,1,valid,0.9673235791785146,1.0,0.12373102210011208,identity_without_rescale_tags
,4CH,4ch_s30_14201,37,1,valid,0.9644728583880126,0.9951219512195122,0.13845714580700755,identity_without_rescale_tags
,4CH,4ch_s30_14201,38,1,valid,0.9792511548174097,0.994809686855098,0.10621460758535758,identity_without_rescale_tags
,4CH,4ch_s30_14201,39,1,valid,0.9623853011255611,0.9897140154854844,0.1366782083086702,identity_without_rescale_tags
,4CH,4ch_s30_14201,40,1,valid,0.968404022905866,1.0,0.12869139167747215,identity_without_rescale_tags
,4CH,4ch_s30_14201,41,1,valid,0.9638082053724153,0.9955156950672646,0.1341847299049536,identity_without_rescale_tags
,4CH,4ch_s30_14201,42,1,valid,0.9631235014642081,0.9987029482272785,0.12702573629742875,identity_without_rescale_tags
,4CH,4ch_s30_14201,43,1,valid,0.9758078504224317,0.9989717090459997,0.101132544590898,identity_without_rescale_tags
,4CH,4ch_s30_14201,44,1,valid,0.9658573220478993,1.0148318178961262,0.1262523765864432,identity_without_rescale_tags
,4CH,4ch_s30_14201,45,1,valid,0.9829490759755508,1.0,0.09009708312037433,identity_without_rescale_tags
,4CH,4ch_s30_14201,46,1,valid,0.9637571910921953,1.0,0.12019708915932704,identity_without_rescale_tags
,4CH,4ch_s30_14201,47,1,valid,0.9796416008058259,1.0,0.0950899386628973,identity_without_rescale_tags
,4CH,4ch_s30_14201,48,1,valid,0.9711063724646117,0.9993777215003611,0.11082082025455223,identity_without_rescale_tags
,4CH,4ch_s30_14201,49,1,valid,0.9704816488104537,1.0,0.11687787453740231,identity_without_rescale_tags
,4CH,4ch_s31_14301,0,1,valid,0.9735186614836724,1.04,0.12778224714621367,identity_without_rescale_tags
,4CH,4ch_s31_14301,1,1,valid,0.9635845846708839,1.013793103448276,0.14473251728771291,identity_without_rescale_tags
,4CH,4ch_s31_14301,2,1,valid,0.9662242251187492,1.0163934426229508,0.13408373947979615,identity_without_rescale_tags
,4CH,4ch_s31_14301,3,1,valid,0.9696148889507977,1.0061538461538462,0.12685965846747807,identity_without_rescale_tags
,4CH,4ch_s31_14301,4,1,valid,0.958556430246279,1.010989010989011,0.14235444626131835,identity_without_rescale_tags
,4CH,4ch_s31_14301,5,1,valid,0.9807856357571267,1.0042432814710043,0.0982136572790401,identity_without_rescale_tags
,4CH,4ch_s31_14301,6,1,valid,0.9640197621948186,1.008849557522124,0.1277940955087061,identity_without_rescale_tags
,4CH,4ch_s31_14301,7,1,valid,0.9791678825124734,1.0018259281801583,0.1007816618093719,identity_without_rescale_tags
,4CH,4ch_s31_14301,8,1,valid,0.9703572186565279,1.0003935458480913,0.11446251643289496,identity_without_rescale_tags
,4CH,4ch_s31_14301,9,1,valid,0.9703762962121145,1.0,0.12243142520917195,identity_without_rescale_tags
,4CH,4ch_s31_14301,10,1,valid,0.9644060616431542,1.0026164311878598,0.12562377954757983,identity_without_rescale_tags
,4CH,4ch_s31_14301,11,1,valid,0.9575442284339665,1.0,0.1397578521890307,identity_without_rescale_tags
,4CH,4ch_s31_14301,12,1,valid,0.9757525531161508,1.0,0.1078789446665797,identity_without_rescale_tags
,4CH,4ch_s31_14301,13,1,valid,0.9629829601688683,0.9992982456140351,0.12926189933790094,identity_without_rescale_tags
,4CH,4ch_s31_14301,14,1,valid,0.9759391346356578,0.9924812030075187,0.11892183932841044,identity_without_rescale_tags
,4CH,4ch_s31_14301,15,1,valid,0.9688010786408288,0.9922480620155039,0.12861510831502002,identity_without_rescale_tags
,4CH,4ch_s31_14301,16,1,valid,0.9557720156569569,1.0,0.14277446269156582,identity_without_rescale_tags
,4CH,4ch_s31_14301,17,1,valid,0.97018035788389,1.0,0.11731617143684413,identity_without_rescale_tags
,4CH,4ch_s31_14301,18,1,valid,0.9556107343611211,1.0,0.1449682571103496,identity_without_rescale_tags
,4CH,4ch_s31_14301,19,1,valid,0.9774653699961163,1.0,0.10686418997961859,identity_without_rescale_tags
,4CH,4ch_s31_14301,20,1,valid,0.9709586477735767,1.0,0.11375908931759814,identity_without_rescale_tags
,4CH,4ch_s31_14301,21,1,valid,0.9686716442658748,1.0,0.12065611585237368,identity_without_rescale_tags
,4CH,4ch_s31_14301,22,1,valid,0.9825249203343945,1.0,0.09650163260308711,identity_without_rescale_tags
,4CH,4ch_s31_14301,23,1,valid,0.9637044593704868,1.0,0.12543723609720422,identity_without_rescale_tags
,4CH,4ch_s31_14301,24,1,valid,0.9796722965563613,1.0,0.09961044890520339,identity_without_rescale_tags
,4CH,4ch_s31_14301,25,1,valid,0.9668068214957902,0.9992810927390366,0.11796887705254357,identity_without_rescale_tags
,4CH,4ch_s31_14301,26,1,valid,0.9693642812525018,1.0,0.1232281422245414,identity_without_rescale_tags
,4CH,4ch_s31_14301,27,1,valid,0.9645603597513938,1.0,0.1254645623945069,identity_without_rescale_tags
,4CH,4ch_s31_14301,28,1,valid,0.9635409314995106,1.0,0.13301545649827326,identity_without_rescale_tags
,4CH,4ch_s31_14301,29,1,valid,0.9821794394816019,0.9929615592853276,0.09815287741350756,identity_without_rescale_tags
,4CH,4ch_s31_14301,30,1,valid,0.9626729356992066,0.9981851179673321,0.13252413502795202,identity_without_rescale_tags
,4CH,4ch_s31_14301,31,1,valid,0.972665299064924,0.9933049300060864,0.12323728432802268,identity_without_rescale_tags
,4CH,4ch_s31_14301,32,1,valid,0.9621619302794331,0.9945474372955289,0.14177856651206378,identity_without_rescale_tags
,4CH,4ch_s31_14301,33,1,valid,0.9623506000216464,0.9979402677651905,0.13541915873530685,identity_without_rescale_tags
,4CH,4ch_s31_14301,34,1,valid,0.9683451466758172,1.0,0.12041901522487926,identity_without_rescale_tags
,4CH,4ch_s31_14301,35,1,valid,0.9604112583793295,1.0,0.13605865696075858,identity_without_rescale_tags
,4CH,4ch_s31_14301,36,1,valid,0.9823225322969217,1.0,0.09469686975219016,identity_without_rescale_tags
,4CH,4ch_s31_14301,37,1,valid,0.9657181942062572,1.0,0.12156860146260325,identity_without_rescale_tags
,4CH,4ch_s31_14301,38,1,valid,0.9775627479763472,1.0,0.10257805206616874,identity_without_rescale_tags
,4CH,4ch_s31_14301,39,1,valid,0.9757486739107576,1.0,0.10610469890817942,identity_without_rescale_tags
,4CH,4ch_s31_14301,40,1,valid,0.9692314013577529,1.002433090024331,0.11892797835544376,identity_without_rescale_tags
,4CH,4ch_s31_14301,41,1,valid,0.9716290997351027,0.9995768091409225,0.11126762763179572,identity_without_rescale_tags
,4CH,4ch_s31_14301,42,1,valid,0.9599515180466243,1.0,0.13360534453286083,identity_without_rescale_tags
,4CH,4ch_s31_14301,43,1,valid,0.9679384367238123,0.9994734070563455,0.12288532097669354,identity_without_rescale_tags
,4CH,4ch_s31_14301,44,1,valid,0.9482158453359645,1.0,0.15355509605377587,identity_without_rescale_tags
,4CH,4ch_s31_14301,45,1,valid,0.958897271315381,1.0,0.1391799909978668,identity_without_rescale_tags
,4CH,4ch_s31_14301,46,1,valid,0.9644156518092409,0.9984480082772892,0.13309841357005509,identity_without_rescale_tags
,4CH,4ch_s31_14301,47,1,valid,0.954830081439122,0.9969788519637462,0.1441529112558128,identity_without_rescale_tags
,4CH,4ch_s31_14301,48,1,valid,0.9672274992110945,1.0,0.1257876508617172,identity_without_rescale_tags
,4CH,4ch_s31_14301,49,1,valid,0.9656240398437327,0.9883785279468733,0.13925196804278425,identity_without_rescale_tags
,4CH,4ch_s32_14401,0,1,valid,0.9777554739740709,1.0454985479186834,0.11595132600060191,identity_without_rescale_tags
,4CH,4ch_s32_14401,1,1,valid,0.9687982458226212,1.0195510499637943,0.12249095937807868,identity_without_rescale_tags
,4CH,4ch_s32_14401,2,1,valid,0.9681376920692519,1.02020202020202,0.1194020186070333,identity_without_rescale_tags
,4CH,4ch_s32_14401,3,1,valid,0.981173549650506,1.0073404856013553,0.09455039643279638,identity_without_rescale_tags
,4CH,4ch_s32_14401,4,1,valid,0.9667382796526598,1.0024752475247525,0.1218443301195248,identity_without_rescale_tags
,4CH,4ch_s32_14401,5,1,valid,0.9723785752425521,1.0,0.12252612386334262,identity_without_rescale_tags
,4CH,4ch_s32_14401,6,1,valid,0.9601895024472419,1.0,0.14183464649649788,identity_without_rescale_tags
,4CH,4ch_s32_14401,7,1,valid,0.9383270419140782,1.0,0.175266381154341,identity_without_rescale_tags
,4CH,4ch_s32_14401,8,1,valid,0.9397018751360613,1.0,0.1755691753989149,identity_without_rescale_tags
,4CH,4ch_s32_14401,9,1,valid,0.9268376072113144,1.0,0.19045100622945263,identity_without_rescale_tags
,4CH,4ch_s32_14401,10,1,valid,0.9388640173435973,1.0,0.17487915075850244,identity_without_rescale_tags
,4CH,4ch_s32_14401,11,1,valid,0.9418217332268559,1.0,0.16801899927727063,identity_without_rescale_tags
,4CH,4ch_s32_14401,12,1,valid,0.9255926253844005,1.0,0.18944716328216385,identity_without_rescale_tags
,4CH,4ch_s32_14401,13,1,valid,0.9529708590697082,1.0,0.15151189502446913,identity_without_rescale_tags
,4CH,4ch_s32_14401,14,1,valid,0.9450661428322615,1.000604960677556,0.16217631769688645,identity_without_rescale_tags
,4CH,4ch_s32_14401,15,1,valid,0.9455509329192958,1.004076878276063,0.15797536257619169,identity_without_rescale_tags
,4CH,4ch_s32_14401,16,1,valid,0.9577447086441943,1.0,0.14013008148537728,identity_without_rescale_tags
,4CH,4ch_s32_14401,17,1,valid,0.9520867605267544,1.0,0.1500205435442499,identity_without_rescale_tags
,4CH,4ch_s32_14401,18,1,valid,0.9689477323723017,1.0,0.1189487748163381,identity_without_rescale_tags
,4CH,4ch_s32_14401,19,1,valid,0.958926449233696,1.0,0.13152322857711327,identity_without_rescale_tags
,4CH,4ch_s32_14401,20,1,valid,0.9766324268757753,1.0,0.10666421306425694,identity_without_rescale_tags
,4CH,4ch_s32_14401,21,1,valid,0.9741361200809272,1.013215859030837,0.1073554721866219,identity_without_rescale_tags
,4CH,4ch_s32_14401,22,1,valid,0.9621674863042299,1.0,0.12349019852662184,identity_without_rescale_tags
,4CH,4ch_s32_14401,23,1,valid,0.9821887934466658,0.9988674971687429,0.0936701090726548,identity_without_rescale_tags
,4CH,4ch_s32_14401,24,1,valid,0.9649256828511334,1.0,0.1212732187677393,identity_without_rescale_tags
,4CH,4ch_s32_14401,25,1,valid,0.966452345274915,1.0,0.12200913617121822,identity_without_rescale_tags
,4CH,4ch_s32_14401,26,1,valid,0.9652085185991718,1.0,0.12614969231229667,identity_without_rescale_tags
,4CH,4ch_s32_14401,27,1,valid,0.9590764525279438,1.0,0.13680146794780426,identity_without_rescale_tags
,4CH,4ch_s32_14401,28,1,valid,0.952210606238301,0.9940054495912807,0.14280193606358613,identity_without_rescale_tags
,4CH,4ch_s32_14401,29,1,valid,0.9416070151224626,1.0,0.1666088992192065,identity_without_rescale_tags
,4CH,4ch_s32_14401,30,1,valid,0.9578030190404934,0.9937106918238994,0.13857263266320785,identity_without_rescale_tags
,4CH,4ch_s32_14401,31,1,valid,0.9466208663443947,0.9913836796756209,0.15413811719149528,identity_without_rescale_tags
,4CH,4ch_s32_14401,32,1,valid,0.9589362215827804,0.9986559139784946,0.1477774377303735,identity_without_rescale_tags
,4CH,4ch_s32_14401,33,1,valid,0.972769270262632,0.9871382636655949,0.12219674499078423,identity_without_rescale_tags
,4CH,4ch_s32_14401,34,1,valid,0.9569932118186341,0.9941520467836257,0.14156950747057112,identity_without_rescale_tags
,4CH,4ch_s32_14401,35,1,valid,0.9701272820661252,0.9942336874051594,0.12473587808297731,identity_without_rescale_tags
,4CH,4ch_s32_14401,36,1,valid,0.9622021003644363,0.9923664122137404,0.13807180550933454,identity_without_rescale_tags
,4CH,4ch_s32_14401,37,1,valid,0.9678158498309613,0.9983739837398374,0.12038842132971786,identity_without_rescale_tags
,4CH,4ch_s32_14401,38,1,valid,0.9721488451835117,1.0,0.10921754921294524,identity_without_rescale_tags
,4CH,4ch_s32_14401,39,1,valid,0.9630723574103249,1.0,0.12650572869480534,identity_without_rescale_tags
,4CH,4ch_s32_14401,40,1,valid,0.9804865087776509,1.0,0.09618016649518805,identity_without_rescale_tags
,4CH,4ch_s32_14401,41,1,valid,0.9675709472037538,1.0,0.11431066599667589,identity_without_rescale_tags
,4CH,4ch_s32_14401,42,1,valid,0.9791592715415236,1.0,0.09709540864545346,identity_without_rescale_tags
,4CH,4ch_s32_14401,43,1,valid,0.9774592790201416,0.9986091794158554,0.09947800102823486,identity_without_rescale_tags
,4CH,4ch_s32_14401,44,1,valid,0.967147151943912,1.0,0.11771897942170954,identity_without_rescale_tags
,4CH,4ch_s32_14401,45,1,valid,0.9705321323821483,1.0,0.11083898462833335,identity_without_rescale_tags
,4CH,4ch_s32_14401,46,1,valid,0.9565928206764981,1.0,0.1400128997860883,identity_without_rescale_tags
,4CH,4ch_s32_14401,47,0,low_ncc,0.8335988398654746,1.0,0.1850489707220912,identity_without_rescale_tags
,4CH,4ch_s32_14401,48,0,low_ncc,0.8723503746092459,1.0,0.19929810203618922,identity_without_rescale_tags
,4CH,4ch_s32_14401,49,1,valid,0.9638657719248142,1.0,0.1447583911385484,identity_without_rescale_tags
,4CH,4ch_s33_14501,0,1,valid,0.9606570896757477,1.049808429118774,0.14866579103984068,identity_without_rescale_tags
,4CH,4ch_s33_14501,1,1,valid,0.9758514239769935,1.025,0.11173988615703194,identity_without_rescale_tags
,4CH,4ch_s33_14501,2,1,valid,0.9629517049530695,1.0208333333333333,0.12873609987126397,identity_without_rescale_tags
,4CH,4ch_s33_14501,3,1,valid,0.9810303864296949,1.0084033613445378,0.10118684868861026,identity_without_rescale_tags
,4CH,4ch_s33_14501,4,1,valid,0.9699269160936214,1.008695652173913,0.11897376793022857,identity_without_rescale_tags
,4CH,4ch_s33_14501,5,1,valid,0.9706140519294986,1.0,0.11659918495235125,identity_without_rescale_tags
,4CH,4ch_s33_14501,6,1,valid,0.9718669044304716,1.0,0.1171272744445408,identity_without_rescale_tags
,4CH,4ch_s33_14501,7,1,valid,0.961661502125426,1.0,0.13325964844374535,identity_without_rescale_tags
,4CH,4ch_s33_14501,8,1,valid,0.9623223107502293,1.0010273973807702,0.13026775590299763,identity_without_rescale_tags
,4CH,4ch_s33_14501,9,1,valid,0.9561613070169963,1.0,0.14872372141096862,identity_without_rescale_tags
,4CH,4ch_s33_14501,10,1,valid,0.978765966710119,1.0,0.11024536694335348,identity_without_rescale_tags
,4CH,4ch_s33_14501,11,1,valid,0.9682456477688743,1.0,0.1303225214928034,identity_without_rescale_tags
,4CH,4ch_s33_14501,12,1,valid,0.9655357789233161,0.9972855519746062,0.1372062587260085,identity_without_rescale_tags
,4CH,4ch_s33_14501,13,1,valid,0.9668343687515425,0.9940584175523308,0.13036807940458842,identity_without_rescale_tags
,4CH,4ch_s33_14501,14,1,valid,0.9562646401973645,1.0,0.1475426931946358,identity_without_rescale_tags
,4CH,4ch_s33_14501,15,1,valid,0.97187210015668,1.0010384932681264,0.1151220402224893,identity_without_rescale_tags
,4CH,4ch_s33_14501,16,1,valid,0.9557313519340922,1.0,0.13984503901904266,identity_without_rescale_tags
,4CH,4ch_s33_14501,17,1,valid,0.9768933235232162,1.0,0.10999461181276939,identity_without_rescale_tags
,4CH,4ch_s33_14501,18,1,valid,0.9752520174535215,1.0,0.1103785069446166,identity_without_rescale_tags
,4CH,4ch_s33_14501,19,1,valid,0.9663987678315823,1.0,0.12233509680164066,identity_without_rescale_tags
,4CH,4ch_s33_14501,20,1,valid,0.9827841063820343,1.0,0.09763201810573965,identity_without_rescale_tags
,4CH,4ch_s33_14501,21,1,valid,0.9666108355445377,1.0,0.12591459580995898,identity_without_rescale_tags
,4CH,4ch_s33_14501,22,1,valid,0.9729165177592632,1.0,0.11982957754710111,identity_without_rescale_tags
,4CH,4ch_s33_14501,23,1,valid,0.9649201692102534,0.9911199910105803,0.1316386289091764,identity_without_rescale_tags
,4CH,4ch_s33_14501,24,1,valid,0.9703086004410763,0.9968602748368526,0.11905404225410963,identity_without_rescale_tags
,4CH,4ch_s33_14501,25,1,valid,0.969795106916205,0.9913544668587896,0.11966518861366912,identity_without_rescale_tags
,4CH,4ch_s33_14501,26,1,valid,0.958900631234372,0.9961612142646625,0.1468932375404011,identity_without_rescale_tags
,4CH,4ch_s33_14501,27,1,valid,0.9780093288258876,0.9959839357429718,0.11161765707217083,identity_without_rescale_tags
,4CH,4ch_s33_14501,28,1,valid,0.9659932294151048,1.0,0.1328425089526084,identity_without_rescale_tags
,4CH,4ch_s33_14501,29,1,valid,0.9610094744392821,1.0,0.14025071774084014,identity_without_rescale_tags
,4CH,4ch_s33_14501,30,1,valid,0.9684884806533663,1.0,0.12650185863604327,identity_without_rescale_tags
,4CH,4ch_s33_14501,31,1,valid,0.9622135925335534,1.0,0.13659562642411235,identity_without_rescale_tags
,4CH,4ch_s33_14501,32,1,valid,0.9761431439288639,1.0,0.1061025020322545,identity_without_rescale_tags
,4CH,4ch_s33_14501,33,1,valid,0.9645653560954356,1.0,0.12229892628847698,identity_without_rescale_tags
,4CH,4ch_s33_14501,34,1,valid,0.9804119887789412,1.0,0.10109300788216442,identity_without_rescale_tags
,4CH,4ch_s33_14501,35,1,valid,0.9734348434081507,0.9971181556195965,0.11013704192972756,identity_without_rescale_tags
,4CH,4ch_s33_14501,36,1,valid,0.963563143583629,0.9980276134122288,0.1277409519552884,identity_without_rescale_tags
,4CH,4ch_s33_14501,37,1,valid,0.9785079001842781,0.9952737290817371,0.10823714938718547,identity_without_rescale_tags
,4CH,4ch_s33_14501,38,1,valid,0.9611164861104793,1.0,0.13349999947166666,identity_without_rescale_tags
,4CH,4ch_s33_14501,39,1,valid,0.9592956454378655,0.9989527647558736,0.14171395248438048,identity_without_rescale_tags
,4CH,4ch_s33_14501,40,1,valid,0.9568032115232727,1.0,0.14939909398147858,identity_without_rescale_tags
,4CH,4ch_s33_14501,41,1,valid,0.9636942459230738,1.0,0.13558415256836248,identity_without_rescale_tags
,4CH,4ch_s33_14501,42,1,valid,0.9641830524177794,0.998251742908403,0.13192665556858219,identity_without_rescale_tags
,4CH,4ch_s33_14501,43,1,valid,0.957701880692224,0.989504369609387,0.15140450371871725,identity_without_rescale_tags
,4CH,4ch_s33_14501,44,1,valid,0.9754558449021123,1.0,0.11536125929958117,identity_without_rescale_tags
,4CH,4ch_s33_14501,45,1,valid,0.9628125429378682,0.9911504424778761,0.13974354821679777,identity_without_rescale_tags
,4CH,4ch_s33_14501,46,1,valid,0.9591286333181556,1.0,0.14454931906367302,identity_without_rescale_tags
,4CH,4ch_s33_14501,47,1,valid,0.9639393224342442,0.995012805658671,0.13229673640523984,identity_without_rescale_tags
,4CH,4ch_s33_14501,48,1,valid,0.9581549186111811,1.000951929594363,0.14524396991557226,identity_without_rescale_tags
,4CH,4ch_s33_14501,49,1,valid,0.9757920988354022,1.0,0.10865540872314106,identity_without_rescale_tags
,4CH,4ch_s34_14601,0,1,valid,0.9651212090534195,1.0442854130264505,0.13420655864492043,identity_without_rescale_tags
,4CH,4ch_s34_14601,1,1,valid,0.9646059976856469,1.0233576697646045,0.12622528861269794,identity_without_rescale_tags
,4CH,4ch_s34_14601,2,1,valid,0.9482606184084283,1.0143685807442209,0.15445240725663706,identity_without_rescale_tags
,4CH,4ch_s34_14601,3,1,valid,0.9646800744568508,1.0,0.12672614459893242,identity_without_rescale_tags
,4CH,4ch_s34_14601,4,1,valid,0.9561656594469987,1.0,0.14279106793562724,identity_without_rescale_tags
,4CH,4ch_s34_14601,5,1,valid,0.9667843901330133,0.9982070730205876,0.1339898981189543,identity_without_rescale_tags
,4CH,4ch_s34_14601,6,1,valid,0.974991720063043,1.0,0.11732551077215524,identity_without_rescale_tags
,4CH,4ch_s34_14601,7,1,valid,0.9646237138922317,1.0,0.13554270039288438,identity_without_rescale_tags
,4CH,4ch_s34_14601,8,1,valid,0.9706556873960425,1.0023391844864191,0.12396002509214102,identity_without_rescale_tags
,4CH,4ch_s34_14601,9,1,valid,0.9574606540580308,1.0,0.14421899576972297,identity_without_rescale_tags
,4CH,4ch_s34_14601,10,1,valid,0.972432132824994,1.007887346474467,0.12349438691278115,identity_without_rescale_tags
,4CH,4ch_s34_14601,11,1,valid,0.969013699248893,1.0,0.12796651394864117,identity_without_rescale_tags
,4CH,4ch_s34_14601,12,1,valid,0.9685028019659072,1.0011668611435238,0.1210244835139303,identity_without_rescale_tags
,4CH,4ch_s34_14601,13,1,valid,0.9812046989875742,1.0,0.09708896325332281,identity_without_rescale_tags
,4CH,4ch_s34_14601,14,1,valid,0.967313840875401,1.0,0.12402713226263253,identity_without_rescale_tags
,4CH,4ch_s34_14601,15,1,valid,0.9808830471790518,1.0,0.0942764028798723,identity_without_rescale_tags
,4CH,4ch_s34_14601,16,1,valid,0.9685282201697131,1.0,0.11795606997990035,identity_without_rescale_tags
,4CH,4ch_s34_14601,17,1,valid,0.9717599458632905,1.0,0.11828707476157975,identity_without_rescale_tags
,4CH,4ch_s34_14601,18,1,valid,0.9646464437755536,1.0,0.12952302063919377,identity_without_rescale_tags
,4CH,4ch_s34_14601,19,1,valid,0.9592215559272275,1.0,0.14170811374245754,identity_without_rescale_tags
,4CH,4ch_s34_14601,20,1,valid,0.9725339646474682,0.9957486971975942,0.11881734665269712,identity_without_rescale_tags
,4CH,4ch_s34_14601,21,1,valid,0.9593286038592275,1.0,0.14048293859052574,identity_without_rescale_tags
,4CH,4ch_s34_14601,22,1,valid,0.9738701078314893,1.0,0.12173770975242852,identity_without_rescale_tags
,4CH,4ch_s34_14601,23,1,valid,0.9662209479795814,0.9869772823203087,0.13413472649263916,identity_without_rescale_tags
,4CH,4ch_s34_14601,24,1,valid,0.9638169770063736,1.0,0.1338825300626597,identity_without_rescale_tags
,4CH,4ch_s34_14601,25,1,valid,0.9606323133973553,0.9965237496777519,0.13981756051718108,identity_without_rescale_tags
,4CH,4ch_s34_14601,26,1,valid,0.9486408335806424,1.0,0.15727375247263103,identity_without_rescale_tags
,4CH,4ch_s34_14601,27,1,valid,0.9708205235857873,1.0,0.11833282073338144,identity_without_rescale_tags
,4CH,4ch_s34_14601,28,1,valid,0.9631545997017193,1.0038022813688212,0.13793995764462655,identity_without_rescale_tags
,4CH,4ch_s34_14601,29,1,valid,0.9721886847876849,1.0021645123053928,0.1186501123440184,identity_without_rescale_tags
,4CH,4ch_s34_14601,30,1,valid,0.9745612920757726,1.0,0.11113191463638283,identity_without_rescale_tags
,4CH,4ch_s34_14601,31,1,valid,0.9716005038561571,1.0,0.11882516175489717,identity_without_rescale_tags
,4CH,4ch_s34_14601,32,1,valid,0.9806915462782239,1.0,0.09452678038625122,identity_without_rescale_tags
,4CH,4ch_s34_14601,33,1,valid,0.9601884718687148,0.9976090846209692,0.1270928393338042,identity_without_rescale_tags
,4CH,4ch_s34_14601,34,1,valid,0.9799331538494446,0.9908347849324504,0.10218114700456199,identity_without_rescale_tags
,4CH,4ch_s34_14601,35,1,valid,0.9707309187027592,0.9932420414010595,0.11464222268169677,identity_without_rescale_tags
,4CH,4ch_s34_14601,36,1,valid,0.9661867649848698,0.9906136118596899,0.13227285847032413,identity_without_rescale_tags
,4CH,4ch_s34_14601,37,1,valid,0.978462476019705,0.9966610925306578,0.10692663978214316,identity_without_rescale_tags
,4CH,4ch_s34_14601,38,1,valid,0.9612388676574934,1.0,0.13929901650245088,identity_without_rescale_tags
,4CH,4ch_s34_14601,39,1,valid,0.9589511928096497,1.0,0.14227021737097084,identity_without_rescale_tags
,4CH,4ch_s34_14601,40,1,valid,0.9519363719214009,1.0,0.15218843419299,identity_without_rescale_tags
,4CH,4ch_s34_14601,41,1,valid,0.9608803576269573,1.0,0.13624963903569126,identity_without_rescale_tags
,4CH,4ch_s34_14601,42,1,valid,0.9700696320031941,1.0,0.1189130593721447,identity_without_rescale_tags
,4CH,4ch_s34_14601,43,1,valid,0.9556436946643988,0.9988851049020582,0.1391239025245241,identity_without_rescale_tags
,4CH,4ch_s34_14601,44,1,valid,0.9811254908330039,1.0,0.09955900066290814,identity_without_rescale_tags
,4CH,4ch_s34_14601,45,1,valid,0.9740227088183228,0.9975480175717057,0.11223813144642367,identity_without_rescale_tags
,4CH,4ch_s34_14601,46,1,valid,0.9700641096214856,1.0,0.11264594292454813,identity_without_rescale_tags
,4CH,4ch_s34_14601,47,1,valid,0.9786924274084413,0.9988483515511887,0.1013777234990068,identity_without_rescale_tags
,4CH,4ch_s34_14601,48,1,valid,0.9689046225003582,1.0,0.11784693316145918,identity_without_rescale_tags
,4CH,4ch_s34_14601,49,1,valid,0.9704008578578454,0.9971222962006028,0.12150273433368183,identity_without_rescale_tags
,4CH,4ch_s35_14701,0,1,valid,0.9713737404733909,1.031851119894598,0.12442832576584138,identity_without_rescale_tags
,4CH,4ch_s35_14701,1,1,valid,0.976656153640526,1.0245129664769133,0.11050435380091621,identity_without_rescale_tags
,4CH,4ch_s35_14701,2,1,valid,0.9744120121292109,1.0161907621621364,0.10624938275838221,identity_without_rescale_tags
,4CH,4ch_s35_14701,3,1,valid,0.9627383117856146,1.005419238418754,0.12525073391602082,identity_without_rescale_tags
,4CH,4ch_s35_14701,4,1,valid,0.9769097447958898,1.0,0.10470370495080336,identity_without_rescale_tags
,4CH,4ch_s35_14701,5,1,valid,0.9662880693172748,1.0,0.12162769692666268,identity_without_rescale_tags
,4CH,4ch_s35_14701,6,1,valid,0.9731642269412817,1.0,0.11891570742433645,identity_without_rescale_tags
,4CH,4ch_s35_14701,7,1,valid,0.9766157134127045,0.9948092803454003,0.11171364866063944,identity_without_rescale_tags
,4CH,4ch_s35_14701,8,1,valid,0.9698417969565046,1.0,0.12253777817739785,identity_without_rescale_tags
,4CH,4ch_s35_14701,9,1,valid,0.9744444138319894,1.0,0.11465029770255876,identity_without_rescale_tags
,4CH,4ch_s35_14701,10,1,valid,0.958951345469659,1.0,0.13955591932493155,identity_without_rescale_tags
,4CH,4ch_s35_14701,11,1,valid,0.9733739805282269,1.0,0.1189512292078852,identity_without_rescale_tags
,4CH,4ch_s35_14701,12,1,valid,0.9688120780077302,1.0,0.12264179451116908,identity_without_rescale_tags
,4CH,4ch_s35_14701,13,1,valid,0.9644265273696336,1.0,0.12491115956709965,identity_without_rescale_tags
,4CH,4ch_s35_14701,14,1,valid,0.9809892178670504,1.0,0.09470629631424907,identity_without_rescale_tags
,4CH,4ch_s35_14701,15,1,valid,0.9704225502595974,1.0,0.11538901923821152,identity_without_rescale_tags
,4CH,4ch_s35_14701,16,1,valid,0.9822497202076993,0.9988146859058146,0.09151961907406801,identity_without_rescale_tags
,4CH,4ch_s35_14701,17,1,valid,0.9767135287440611,0.9958298553144129,0.10250541283986785,identity_without_rescale_tags
,4CH,4ch_s35_14701,18,1,valid,0.9743728054346402,1.0,0.10440645669263499,identity_without_rescale_tags
,4CH,4ch_s35_14701,19,1,valid,0.9775111367703319,0.9953051643192489,0.09574759065214511,identity_without_rescale_tags
,4CH,4ch_s35_14701,20,1,valid,0.9645856920287744,0.9993804210756643,0.11942688348040695,identity_without_rescale_tags
,4CH,4ch_s35_14701,21,1,valid,0.9767439241893202,0.9922480620155039,0.10280457174810304,identity_without_rescale_tags
,4CH,4ch_s35_14701,22,1,valid,0.9612473912036518,1.0,0.12804423021191005,identity_without_rescale_tags
,4CH,4ch_s35_14701,23,1,valid,0.9627260079941588,0.9965322478956589,0.13345006178140734,identity_without_rescale_tags
,4CH,4ch_s35_14701,24,1,valid,0.9688738172733529,0.9892826656155125,0.12613382720718044,identity_without_rescale_tags
,4CH,4ch_s35_14701,25,1,valid,0.9642960489351187,0.9879518072289156,0.13176707838272916,identity_without_rescale_tags
,4CH,4ch_s35_14701,26,1,valid,0.9727807920398676,0.9918551769379887,0.11956764126607321,identity_without_rescale_tags
,4CH,4ch_s35_14701,27,1,valid,0.9639258489010119,0.9869580137865178,0.13816953755887246,identity_without_rescale_tags
,4CH,4ch_s35_14701,28,1,valid,0.9780549966801007,1.0,0.111776815647247,identity_without_rescale_tags
,4CH,4ch_s35_14701,29,1,valid,0.9666052082694115,1.0012182870676083,0.13150993126617086,identity_without_rescale_tags
,4CH,4ch_s35_14701,30,1,valid,0.9710081095832834,1.0016420538345598,0.12471850680607595,identity_without_rescale_tags
,4CH,4ch_s35_14701,31,1,valid,0.9789178442031724,1.0,0.10848915946291886,identity_without_rescale_tags
,4CH,4ch_s35_14701,32,1,valid,0.9664155232372971,1.0053035061895073,0.1294346587353107,identity_without_rescale_tags
,4CH,4ch_s35_14701,33,1,valid,0.9815010860633143,1.0025329287148659,0.09465059678225915,identity_without_rescale_tags
,4CH,4ch_s35_14701,34,1,valid,0.9681293804818416,1.0,0.11773600596930417,identity_without_rescale_tags
,4CH,4ch_s35_14701,35,1,valid,0.9787295737800836,1.0,0.10175589027436178,identity_without_rescale_tags
,4CH,4ch_s35_14701,36,1,valid,0.9659453652855887,1.000626175058471,0.1279911360365142,identity_without_rescale_tags
,4CH,4ch_s35_14701,37,1,valid,0.967313656509917,1.0,0.12590272713148482,identity_without_rescale_tags
,4CH,4ch_s35_14701,38,1,valid,0.9767277191601507,0.9968847352024922,0.11473642312413841,identity_without_rescale_tags
,4CH,4ch_s35_14701,39,1,valid,0.9658748618537659,1.0,0.13096540355069006,identity_without_rescale_tags
,4CH,4ch_s35_14701,40,1,valid,0.9724043809342225,1.0020661245224223,0.12504520840969255,identity_without_rescale_tags
,4CH,4ch_s35_14701,41,1,valid,0.9582648855606214,1.0,0.15142644423287605,identity_without_rescale_tags
,4CH,4ch_s35_14701,42,1,valid,0.9670225310000007,1.0028985507246377,0.13920968578768755,identity_without_rescale_tags
,4CH,4ch_s35_14701,43,1,valid,0.9588633465532802,1.0,0.14875877473363494,identity_without_rescale_tags
,4CH,4ch_s35_14701,44,1,valid,0.9566785824357081,1.0024242744807645,0.14376928279433884,identity_without_rescale_tags
,4CH,4ch_s35_14701,45,1,valid,0.9733963845435023,1.0,0.11516610360117292,identity_without_rescale_tags
,4CH,4ch_s35_14701,46,1,valid,0.9638243429178598,1.0,0.13001067339146655,identity_without_rescale_tags
,4CH,4ch_s35_14701,47,1,valid,0.9776548200529627,1.0,0.10109758610979858,identity_without_rescale_tags
,4CH,4ch_s35_14701,48,1,valid,0.9700776179968686,1.0,0.11486235946129078,identity_without_rescale_tags
,4CH,4ch_s35_14701,49,1,valid,0.980062456495508,1.0,0.10327592659538547,identity_without_rescale_tags
,4CH,4ch_s36_14801,0,1,valid,0.9630145730481401,1.0382229683835495,0.13912854196236024,identity_without_rescale_tags
,4CH,4ch_s36_14801,1,1,valid,0.9795972690727777,1.0260513620004965,0.10782040066501435,identity_without_rescale_tags
,4CH,4ch_s36_14801,2,1,valid,0.9668504561928002,1.0158730158730158,0.12364197833764314,identity_without_rescale_tags
,4CH,4ch_s36_14801,3,1,valid,0.9769966874371829,1.0149253731343284,0.10341791697034607,identity_without_rescale_tags
,4CH,4ch_s36_14801,4,1,valid,0.9787771379707597,1.0082644628099173,0.10231878035076543,identity_without_rescale_tags
,4CH,4ch_s36_14801,5,1,valid,0.9627975687913986,1.0067114093959733,0.1320870855120216,identity_without_rescale_tags
,4CH,4ch_s36_14801,6,1,valid,0.968661195558424,1.004092799910662,0.12343628079063673,identity_without_rescale_tags
,4CH,4ch_s36_14801,7,1,valid,0.9552621937431685,1.0,0.1493908273608364,identity_without_rescale_tags
,4CH,4ch_s36_14801,8,1,valid,0.9630012475159465,1.0,0.13241848175878432,identity_without_rescale_tags
,4CH,4ch_s36_14801,9,1,valid,0.9529285404441816,0.9957345732046293,0.1485696089531844,identity_without_rescale_tags
,4CH,4ch_s36_14801,10,1,valid,0.9609256285957197,0.9961032551959761,0.14491401291712822,identity_without_rescale_tags
,4CH,4ch_s36_14801,11,1,valid,0.9774551013927066,0.9820880198736812,0.11759047417318326,identity_without_rescale_tags
,4CH,4ch_s36_14801,12,1,valid,0.9652777790429765,0.9951690821256038,0.13901537599570654,identity_without_rescale_tags
,4CH,4ch_s36_14801,13,1,valid,0.9712525967755048,0.9967637540453075,0.1252498730848348,identity_without_rescale_tags
,4CH,4ch_s36_14801,14,1,valid,0.9665612288891298,0.9946808510638298,0.13050288671969165,identity_without_rescale_tags
,4CH,4ch_s36_14801,15,1,valid,0.9593232705150659,0.9994594403483659,0.13767303909143194,identity_without_rescale_tags
,4CH,4ch_s36_14801,16,1,valid,0.9710846577352154,1.0277777777777777,0.11895346992653409,identity_without_rescale_tags
,4CH,4ch_s36_14801,17,1,valid,0.9637442618355502,1.0,0.13051512510701693,identity_without_rescale_tags
,4CH,4ch_s36_14801,18,1,valid,0.9832825009430022,1.0,0.09353746158138197,identity_without_rescale_tags
,4CH,4ch_s36_14801,19,1,valid,0.9717565977728485,1.0,0.11200073829365384,identity_without_rescale_tags
,4CH,4ch_s36_14801,20,1,valid,0.9682144526342638,1.0,0.11827870742059726,identity_without_rescale_tags
,4CH,4ch_s36_14801,21,1,valid,0.9780190287984298,0.9971233335815893,0.10632207767288562,identity_without_rescale_tags
,4CH,4ch_s36_14801,22,1,valid,0.9652555015901352,0.9994425862259142,0.12587016436580722,identity_without_rescale_tags
,4CH,4ch_s36_14801,23,1,valid,0.967835623606851,0.9974276516692969,0.12845613724365215,identity_without_rescale_tags
,4CH,4ch_s36_14801,24,1,valid,0.9650887128567949,1.0,0.13382541094479125,identity_without_rescale_tags
,4CH,4ch_s36_14801,25,1,valid,0.9648151716161104,0.9949285341850465,0.13216303084377584,identity_without_rescale_tags
,4CH,4ch_s36_14801,26,1,valid,0.9736441152417015,1.0,0.11754206247970796,identity_without_rescale_tags
,4CH,4ch_s36_14801,27,1,valid,0.9617705525616685,0.991869918699187,0.14637584560569306,identity_without_rescale_tags
,4CH,4ch_s36_14801,28,1,valid,0.9736866449253877,1.0,0.12733805527466754,identity_without_rescale_tags
,4CH,4ch_s36_14801,29,1,valid,0.964106488863757,0.9905132813114295,0.13657191864016194,identity_without_rescale_tags
,4CH,4ch_s36_14801,30,1,valid,0.9654493378680092,1.0,0.13038223884417968,identity_without_rescale_tags
,4CH,4ch_s36_14801,31,1,valid,0.9783814898656475,0.9924812030075187,0.10331731697394425,identity_without_rescale_tags
,4CH,4ch_s36_14801,32,1,valid,0.9689175020242192,1.024359014396802,0.12218565547905127,identity_without_rescale_tags
,4CH,4ch_s36_14801,33,1,valid,0.981127234486859,0.9995042136920103,0.09692527058875314,identity_without_rescale_tags
,4CH,4ch_s36_14801,34,1,valid,0.9755347022489358,1.0,0.11290299644920818,identity_without_rescale_tags
,4CH,4ch_s36_14801,35,1,valid,0.9714833005840874,1.0,0.11638037934329208,identity_without_rescale_tags
,4CH,4ch_s36_14801,36,1,valid,0.9758875940059495,1.0,0.10344053828169242,identity_without_rescale_tags
,4CH,4ch_s36_14801,37,1,valid,0.9593573177412104,1.0,0.1323887224902457,identity_without_rescale_tags
,4CH,4ch_s36_14801,38,1,valid,0.9723250488156624,1.0,0.11416838362945111,identity_without_rescale_tags
,4CH,4ch_s36_14801,39,1,valid,0.9633317043124998,0.9953488372093023,0.1278464012400343,identity_without_rescale_tags
,4CH,4ch_s36_14801,40,1,valid,0.9694368938227014,0.9929577464788732,0.12940478008518377,identity_without_rescale_tags
,4CH,4ch_s36_14801,41,1,valid,0.9802065298434368,1.0,0.10875813212200196,identity_without_rescale_tags
,4CH,4ch_s36_14801,42,1,valid,0.9642759030243652,0.9893664135084711,0.1382654712314835,identity_without_rescale_tags
,4CH,4ch_s36_14801,43,1,valid,0.9670189388388436,1.0,0.13102498958322556,identity_without_rescale_tags
,4CH,4ch_s36_14801,44,1,valid,0.9590565703785838,0.9980314884349946,0.1418684124912973,identity_without_rescale_tags
,4CH,4ch_s36_14801,45,1,valid,0.9655998998752556,1.0,0.13812855171408647,identity_without_rescale_tags
,4CH,4ch_s36_14801,46,1,valid,0.9658648199649258,1.0,0.13308802408307963,identity_without_rescale_tags
,4CH,4ch_s36_14801,47,1,valid,0.9647885965619577,1.0,0.1262984593313422,identity_without_rescale_tags
,4CH,4ch_s36_14801,48,1,valid,0.9801099703927929,1.0,0.10035340574013424,identity_without_rescale_tags
,4CH,4ch_s36_14801,49,1,valid,0.9700201708588733,1.0,0.11457380214101039,identity_without_rescale_tags
,4CH,4ch_s37_14901,0,1,valid,0.9109930381221012,1.045945945945946,0.2145889458256541,identity_without_rescale_tags
,4CH,4ch_s37_14901,1,1,valid,0.9190268988948891,1.0198675496688743,0.20431977418205616,identity_without_rescale_tags
,4CH,4ch_s37_14901,2,1,valid,0.9195747945775012,1.012639405204461,0.19468457472272577,identity_without_rescale_tags
,4CH,4ch_s37_14901,3,1,valid,0.9421566499953001,1.0033003300330032,0.18207313483163792,identity_without_rescale_tags
,4CH,4ch_s37_14901,4,1,valid,0.9601178632398338,1.0,0.15162516080464902,identity_without_rescale_tags
,4CH,4ch_s37_14901,5,1,valid,0.9454682138846187,1.0,0.17695198777876245,identity_without_rescale_tags
,4CH,4ch_s37_14901,6,1,valid,0.956710483715497,1.0,0.1487739261399422,identity_without_rescale_tags
,4CH,4ch_s37_14901,7,1,valid,0.9470668437249392,1.0,0.1620822427028758,identity_without_rescale_tags
,4CH,4ch_s37_14901,8,1,valid,0.9276580345658868,1.0052687038988408,0.19101672465675407,identity_without_rescale_tags
,4CH,4ch_s37_14901,9,1,valid,0.9470570553506205,1.0045745654162854,0.1537399693000465,identity_without_rescale_tags
,4CH,4ch_s37_14901,10,1,valid,0.9562739353073815,1.002724795640327,0.14473959276771695,identity_without_rescale_tags
,4CH,4ch_s37_14901,11,1,valid,0.9461038487363764,1.0008517887563884,0.16142922573887797,identity_without_rescale_tags
,4CH,4ch_s37_14901,12,1,valid,0.9711481207629715,1.0055770055770055,0.11924782960661437,identity_without_rescale_tags
,4CH,4ch_s37_14901,13,1,valid,0.9668288815202651,1.0,0.12631147277265872,identity_without_rescale_tags
,4CH,4ch_s37_14901,14,1,valid,0.9611958431270702,1.0013698630136987,0.1333987440405079,identity_without_rescale_tags
,4CH,4ch_s37_14901,15,1,valid,0.978956346263839,0.997872340425532,0.10179623209741781,identity_without_rescale_tags
,4CH,4ch_s37_14901,16,1,valid,0.9679365173510008,1.0,0.12153487774298578,identity_without_rescale_tags
,4CH,4ch_s37_14901,17,1,valid,0.966171958253285,1.0,0.12207795401740842,identity_without_rescale_tags
,4CH,4ch_s37_14901,18,1,valid,0.9631020396751131,1.0,0.12949446572597456,identity_without_rescale_tags
,4CH,4ch_s37_14901,19,1,valid,0.9466208908615913,1.0,0.15533977557002374,identity_without_rescale_tags
,4CH,4ch_s37_14901,20,1,valid,0.9603095097329194,1.0,0.14198555693364717,identity_without_rescale_tags
,4CH,4ch_s37_14901,21,1,valid,0.9554025609921275,0.9974632166412988,0.14437182283394578,identity_without_rescale_tags
,4CH,4ch_s37_14901,22,1,valid,0.9634217743617445,0.9956709956709957,0.1445265704820424,identity_without_rescale_tags
,4CH,4ch_s37_14901,23,1,valid,0.9759741292799039,0.9902120717781403,0.1190068973804388,identity_without_rescale_tags
,4CH,4ch_s37_14901,24,1,valid,0.9617728811385058,1.0,0.14388438674240311,identity_without_rescale_tags
,4CH,4ch_s37_14901,25,1,valid,0.9663262151272219,0.9956427015250545,0.1331732965386141,identity_without_rescale_tags
,4CH,4ch_s37_14901,26,1,valid,0.9718725076583254,0.9946466809421841,0.1208940942083245,identity_without_rescale_tags
,4CH,4ch_s37_14901,27,1,valid,0.9577886767266384,1.0,0.14069196070243478,identity_without_rescale_tags
,4CH,4ch_s37_14901,28,1,valid,0.9754524962417417,1.0,0.11074603755615003,identity_without_rescale_tags
,4CH,4ch_s37_14901,29,1,valid,0.976203151294641,1.0,0.10966114836712428,identity_without_rescale_tags
,4CH,4ch_s37_14901,30,1,valid,0.9614845385512123,1.010752688172043,0.13264112946847997,identity_without_rescale_tags
,4CH,4ch_s37_14901,31,1,valid,0.9791873009226066,1.0,0.09986084512707799,identity_without_rescale_tags
,4CH,4ch_s37_14901,32,1,valid,0.97319606856857,1.0019569471624266,0.11343198247996816,identity_without_rescale_tags
,4CH,4ch_s37_14901,33,1,valid,0.965367880983908,0.9982708933717579,0.1231557597356308,identity_without_rescale_tags
,4CH,4ch_s37_14901,34,1,valid,0.9664922640242979,0.9986187845303868,0.12153769021842357,identity_without_rescale_tags
,4CH,4ch_s37_14901,35,1,valid,0.9568436708551791,0.9957446808510638,0.14195510024384403,identity_without_rescale_tags
,4CH,4ch_s37_14901,36,1,valid,0.9597148062767099,0.9950932286555446,0.13852125876765528,identity_without_rescale_tags
,4CH,4ch_s37_14901,37,1,valid,0.9497069798102079,1.0092378752886837,0.15178322166935637,identity_without_rescale_tags
,4CH,4ch_s37_14901,38,1,valid,0.9626602497583631,0.9983489268024216,0.14202299598205875,identity_without_rescale_tags
,4CH,4ch_s37_14901,39,1,valid,0.9745960398911541,0.9894459102902374,0.11864104460654007,identity_without_rescale_tags
,4CH,4ch_s37_14901,40,1,valid,0.9612922923760805,1.0,0.14556120211887338,identity_without_rescale_tags
,4CH,4ch_s37_14901,41,1,valid,0.9733433936911081,0.9977452085682075,0.11963681394426273,identity_without_rescale_tags
,4CH,4ch_s37_14901,42,1,valid,0.9697928746265462,1.0,0.1227250469169725,identity_without_rescale_tags
,4CH,4ch_s37_14901,43,1,valid,0.9535542756286314,1.0,0.14789066917811367,identity_without_rescale_tags
,4CH,4ch_s37_14901,44,1,valid,0.9699403972518359,1.0,0.11888552797744009,identity_without_rescale_tags
,4CH,4ch_s37_14901,45,1,valid,0.9669740495997686,0.996708979783733,0.1237651369695147,identity_without_rescale_tags
,4CH,4ch_s37_14901,46,1,valid,0.9681576058875122,1.0,0.12097066124758299,identity_without_rescale_tags
,4CH,4ch_s37_14901,47,1,valid,0.9743596813701187,0.9994717379820391,0.10901895310136375,identity_without_rescale_tags
,4CH,4ch_s37_14901,48,1,valid,0.970284841428035,1.0,0.11677091631150815,identity_without_rescale_tags
,4CH,4ch_s37_14901,49,1,valid,0.9794912585510683,1.0,0.1007867194268187,identity_without_rescale_tags
,4CH,4ch_s38_15001,0,1,valid,0.9515799494600855,1.0393700787401574,0.15804814561297262,identity_without_rescale_tags
,4CH,4ch_s38_15001,1,1,valid,0.9570355864328541,1.0241212963742208,0.15389331312440555,identity_without_rescale_tags
,4CH,4ch_s38_15001,2,1,valid,0.9531379660417774,1.0196974212139016,0.1584603351201202,identity_without_rescale_tags
,4CH,4ch_s38_15001,3,1,valid,0.9284265857109251,1.0103092783505154,0.17874597599422068,identity_without_rescale_tags
,4CH,4ch_s38_15001,4,1,valid,0.9306920768100554,1.00374531835206,0.19095660342213874,identity_without_rescale_tags
,4CH,4ch_s38_15001,5,1,valid,0.9695972921881933,1.0,0.1383429158491742,identity_without_rescale_tags
,4CH,4ch_s38_15001,6,1,valid,0.9514249348932619,1.0071942446043165,0.1642960716482935,identity_without_rescale_tags
,4CH,4ch_s38_15001,7,1,valid,0.9538480343980718,1.0,0.15263432471949567,identity_without_rescale_tags
,4CH,4ch_s38_15001,8,1,valid,0.9614262840918388,1.0030425994784997,0.1428856642792777,identity_without_rescale_tags
,4CH,4ch_s38_15001,9,1,valid,0.9441624619716622,0.9941520467836257,0.16452855928623553,identity_without_rescale_tags
,4CH,4ch_s38_15001,10,1,valid,0.9555497753972447,1.0045362914750187,0.1477264376886422,identity_without_rescale_tags
,4CH,4ch_s38_15001,11,1,valid,0.9417067780238311,1.0,0.16286360405499334,identity_without_rescale_tags
,4CH,4ch_s38_15001,12,1,valid,0.974931680686394,1.0093940838010518,0.12024286417359742,identity_without_rescale_tags
,4CH,4ch_s38_15001,13,1,valid,0.97422214490252,1.0074738489763644,0.11953591240772332,identity_without_rescale_tags
,4CH,4ch_s38_15001,14,1,valid,0.9408437698295251,1.0,0.16538532150757929,identity_without_rescale_tags
,4CH,4ch_s38_15001,15,1,valid,0.944282094664311,0.9973596796062698,0.15674741574037765,identity_without_rescale_tags
,4CH,4ch_s38_15001,16,1,valid,0.9572406025735399,0.9937888198757764,0.1421826223558748,identity_without_rescale_tags
,4CH,4ch_s38_15001,17,1,valid,0.967976450032633,0.9923449854673876,0.13636519164095146,identity_without_rescale_tags
,4CH,4ch_s38_15001,18,1,valid,0.9650473700123458,0.980874553163189,0.13626703276573407,identity_without_rescale_tags
,4CH,4ch_s38_15001,19,1,valid,0.9570325295796553,0.9933774834437086,0.15539533366216415,identity_without_rescale_tags
,4CH,4ch_s38_15001,20,1,valid,0.9633923814792094,1.0231152208084482,0.14303136768276575,identity_without_rescale_tags
,4CH,4ch_s38_15001,21,1,valid,0.9335016363254844,0.9895996245845096,0.19233121436983922,identity_without_rescale_tags
,4CH,4ch_s38_15001,22,1,valid,0.9364665933427603,1.0,0.17982424841251105,identity_without_rescale_tags
,4CH,4ch_s38_15001,23,1,valid,0.962312962455686,1.0,0.15152727142406697,identity_without_rescale_tags
,4CH,4ch_s38_15001,24,1,valid,0.9548824524024341,1.0051042340609382,0.15972108472955296,identity_without_rescale_tags
,4CH,4ch_s38_15001,25,1,valid,0.9543423262988942,0.9958268115926254,0.1417424570040183,identity_without_rescale_tags
,4CH,4ch_s38_15001,26,1,valid,0.9560712727685144,1.0,0.14490357806289722,identity_without_rescale_tags
,4CH,4ch_s38_15001,27,1,valid,0.9463160332476424,0.9940828402366864,0.1481670964663381,identity_without_rescale_tags
,4CH,4ch_s38_15001,28,1,valid,0.9618264589112216,1.0,0.13271663931125346,identity_without_rescale_tags
,4CH,4ch_s38_15001,29,1,valid,0.9487896641340362,0.9859154929577465,0.15514231094776254,identity_without_rescale_tags
,4CH,4ch_s38_15001,30,1,valid,0.9598869441177305,1.0,0.14249094693531872,identity_without_rescale_tags
,4CH,4ch_s38_15001,31,1,valid,0.9541323878501936,0.994410567662521,0.1592726013957117,identity_without_rescale_tags
,4CH,4ch_s38_15001,32,1,valid,0.9518464548654332,0.9935670626988955,0.1561281932564676,identity_without_rescale_tags
,4CH,4ch_s38_15001,33,1,valid,0.9397133992383325,0.9965156794425087,0.1818660644076783,identity_without_rescale_tags
,4CH,4ch_s38_15001,34,1,valid,0.9563575846590454,1.0,0.1604780087313072,identity_without_rescale_tags
,4CH,4ch_s38_15001,35,1,valid,0.9574956500770556,1.027027027027027,0.15802845156007092,identity_without_rescale_tags
,4CH,4ch_s38_15001,36,1,valid,0.9524891654821438,0.9944172017093662,0.16322990060895526,identity_without_rescale_tags
,4CH,4ch_s38_15001,37,1,valid,0.9629393796700033,1.0,0.1396873183531926,identity_without_rescale_tags
,4CH,4ch_s38_15001,38,1,valid,0.9469031089850944,0.993390611785592,0.16267144985375384,identity_without_rescale_tags
,4CH,4ch_s38_15001,39,1,valid,0.9583448438319021,1.0,0.14450126329509236,identity_without_rescale_tags
,4CH,4ch_s38_15001,40,1,valid,0.9649917110383526,1.0,0.1295569083237896,identity_without_rescale_tags
,4CH,4ch_s38_15001,41,1,valid,0.9441120713667763,1.001131234747846,0.16258177767787196,identity_without_rescale_tags
,4CH,4ch_s38_15001,42,1,valid,0.9490555176387351,1.0,0.1471389832085652,identity_without_rescale_tags
,4CH,4ch_s38_15001,43,1,valid,0.931586941895475,1.0,0.17199172452905043,identity_without_rescale_tags
,4CH,4ch_s38_15001,44,1,valid,0.9365146543865319,0.9969229603961334,0.1762937885585822,identity_without_rescale_tags
,4CH,4ch_s38_15001,45,1,valid,0.9475952471160126,1.0,0.1629765414102064,identity_without_rescale_tags
,4CH,4ch_s38_15001,46,1,valid,0.9300857263300206,1.0,0.18555222358484072,identity_without_rescale_tags
,4CH,4ch_s38_15001,47,1,valid,0.9551344110684913,0.9876543209876543,0.1484304586073983,identity_without_rescale_tags
,4CH,4ch_s38_15001,48,1,valid,0.9597124387845514,0.9931972789115646,0.15560829167779,identity_without_rescale_tags
,4CH,4ch_s38_15001,49,1,valid,0.9654461109828372,0.9931074072607784,0.14107328257190968,identity_without_rescale_tags
,4CH,4ch_s39_15101,0,1,valid,0.9510241657733259,1.0570676031606672,0.1750248486569456,identity_without_rescale_tags
,4CH,4ch_s39_15101,1,1,valid,0.9502311225167845,1.035641547861507,0.1636624468413737,identity_without_rescale_tags
,4CH,4ch_s39_15101,2,1,valid,0.9417437246115676,1.024841132293472,0.166749945104997,identity_without_rescale_tags
,4CH,4ch_s39_15101,3,1,valid,0.9467898755830729,1.0136986301369864,0.15358668763604322,identity_without_rescale_tags
,4CH,4ch_s39_15101,4,1,valid,0.9635590672028723,1.016008537886873,0.13636393793831317,identity_without_rescale_tags
,4CH,4ch_s39_15101,5,1,valid,0.9665086180406203,1.003519356460533,0.1300432634850208,identity_without_rescale_tags
,4CH,4ch_s39_15101,6,1,valid,0.9509029287060906,0.9976841130152848,0.15007786291675584,identity_without_rescale_tags
,4CH,4ch_s39_15101,7,1,valid,0.9583071189987404,1.0,0.1480781623864224,identity_without_rescale_tags
,4CH,4ch_s39_15101,8,1,valid,0.9697295278390402,0.9883268482490273,0.13039003100533192,identity_without_rescale_tags
,4CH,4ch_s39_15101,9,1,valid,0.948962324549159,0.998003992015968,0.1631983763719879,identity_without_rescale_tags
,4CH,4ch_s39_15101,10,1,valid,0.9622700032780804,1.0,0.1510187606149771,identity_without_rescale_tags
,4CH,4ch_s39_15101,11,1,valid,0.931145377791937,1.0,0.19481519505124634,identity_without_rescale_tags
,4CH,4ch_s39_15101,12,1,valid,0.9318144051135643,1.0038910505836576,0.18917454138524634,identity_without_rescale_tags
,4CH,4ch_s39_15101,13,1,valid,0.938570254064666,1.0,0.18481933036793552,identity_without_rescale_tags
,4CH,4ch_s39_15101,14,1,valid,0.9458353332209863,1.0032502708559046,0.17080151450772843,identity_without_rescale_tags
,4CH,4ch_s39_15101,15,1,valid,0.9568056450506084,1.0,0.14420364301555294,identity_without_rescale_tags
,4CH,4ch_s39_15101,16,1,valid,0.9475843625838788,1.005005005005005,0.15456114980946373,identity_without_rescale_tags
,4CH,4ch_s39_15101,17,1,valid,0.9607044509554155,0.9937106918238994,0.1359621679762521,identity_without_rescale_tags
,4CH,4ch_s39_15101,18,1,valid,0.9575046022742592,0.9983136593591906,0.13792564182198971,identity_without_rescale_tags
,4CH,4ch_s39_15101,19,1,valid,0.9630684272919674,0.9966329966329966,0.12484728844977074,identity_without_rescale_tags
,4CH,4ch_s39_15101,20,1,valid,0.9538813843292766,0.9994036970781157,0.14485055751194217,identity_without_rescale_tags
,4CH,4ch_s39_15101,21,1,valid,0.9509481286400827,0.9970476592155209,0.15733338501355937,identity_without_rescale_tags
,4CH,4ch_s39_15101,22,1,valid,0.9386449529347456,0.9937888198757764,0.165026570936268,identity_without_rescale_tags
,4CH,4ch_s39_15101,23,1,valid,0.9339801128909475,0.9961028838659393,0.17066401580652177,identity_without_rescale_tags
,4CH,4ch_s39_15101,24,1,valid,0.973348204796615,0.987012987012987,0.12892534712918474,identity_without_rescale_tags
,4CH,4ch_s39_15101,25,1,valid,0.9674366354495595,0.9824789097988319,0.1419663812725528,identity_without_rescale_tags
,4CH,4ch_s39_15101,26,1,valid,0.9472776418512744,0.9926470588235294,0.16744930054693072,identity_without_rescale_tags
,4CH,4ch_s39_15101,27,1,valid,0.9528546343241008,1.0028794734677087,0.16176140555369456,identity_without_rescale_tags
,4CH,4ch_s39_15101,28,1,valid,0.9446821014935317,0.994413407821229,0.1688417220548017,identity_without_rescale_tags
,4CH,4ch_s39_15101,29,1,valid,0.9392888683905005,1.0,0.17203013840013942,identity_without_rescale_tags
,4CH,4ch_s39_15101,30,1,valid,0.9381532168781431,1.0013003901170352,0.17457372247803604,identity_without_rescale_tags
,4CH,4ch_s39_15101,31,1,valid,0.9592235354801824,1.0052724077328647,0.15322558075650583,identity_without_rescale_tags
,4CH,4ch_s39_15101,32,1,valid,0.9663011818460506,1.00418410041841,0.13105474966738165,identity_without_rescale_tags
,4CH,4ch_s39_15101,33,1,valid,0.9378412599758127,1.0056689342403629,0.16316877849166886,identity_without_rescale_tags
,4CH,4ch_s39_15101,34,1,valid,0.942867347070452,1.0034482758620689,0.1658452582086153,identity_without_rescale_tags
,4CH,4ch_s39_15101,35,1,valid,0.9495225197702185,0.9833080424886191,0.16959858040482967,identity_without_rescale_tags
,4CH,4ch_s39_15101,36,1,valid,0.9408520665862747,0.994475138121547,0.1879826101733647,identity_without_rescale_tags
,4CH,4ch_s39_15101,37,1,valid,0.9334117734047865,0.9841095890410959,0.18721572645804085,identity_without_rescale_tags
,4CH,4ch_s39_15101,38,1,valid,0.9498601608111376,0.9876543209876543,0.17673590001226858,identity_without_rescale_tags
,4CH,4ch_s39_15101,39,1,valid,0.9640511524471439,0.9852941176470589,0.15555967768007123,identity_without_rescale_tags
,4CH,4ch_s39_15101,40,1,valid,0.9225124112024206,1.0,0.21642537826256764,identity_without_rescale_tags
,4CH,4ch_s39_15101,41,1,valid,0.9321826362847989,1.0,0.19114161655932813,identity_without_rescale_tags
,4CH,4ch_s39_15101,42,1,valid,0.9559303393811428,1.0,0.16593289635186653,identity_without_rescale_tags
,4CH,4ch_s39_15101,43,1,valid,0.9492474110316621,1.0056155507559394,0.1713451999732792,identity_without_rescale_tags
,4CH,4ch_s39_15101,44,1,valid,0.9517639150158445,1.0054249547920433,0.1524153238269524,identity_without_rescale_tags
,4CH,4ch_s39_15101,45,1,valid,0.9504592859639678,1.0009727626459144,0.15672429409127253,identity_without_rescale_tags
,4CH,4ch_s39_15101,46,1,valid,0.959352673745795,0.9937106918238994,0.13526786277321765,identity_without_rescale_tags
,4CH,4ch_s39_15101,47,1,valid,0.9591398001466757,1.0,0.1381471354837248,identity_without_rescale_tags
,4CH,4ch_s39_15101,48,1,valid,0.9589761234025918,0.9896193771626297,0.1388626922896261,identity_without_rescale_tags
,4CH,4ch_s39_15101,49,1,valid,0.9684071523482921,0.9968051118210862,0.13565029972213286,identity_without_rescale_tags
,4CH,4ch_s3_11501,0,1,valid,0.9566348986668607,1.0137471509237308,0.19681587026893346,identity_without_rescale_tags
,4CH,4ch_s3_11501,1,1,valid,0.9643631239968082,1.0212765957446808,0.16936042964527956,identity_without_rescale_tags
,4CH,4ch_s3_11501,2,1,valid,0.9700283520898609,1.032967032967033,0.13645556793280453,identity_without_rescale_tags
,4CH,4ch_s3_11501,3,1,valid,0.9808949716996364,1.0,0.10864530372763308,identity_without_rescale_tags
,4CH,4ch_s3_11501,4,1,valid,0.9851947621955576,1.0005513726412785,0.09751726806323299,identity_without_rescale_tags
,4CH,4ch_s3_11501,5,1,valid,0.9870133006859251,1.0,0.0916147369659849,identity_without_rescale_tags
,4CH,4ch_s3_11501,6,1,valid,0.9942939538697665,1.0,0.06566830955764776,identity_without_rescale_tags
,4CH,4ch_s3_11501,7,1,valid,0.9849745093435363,1.0,0.08693224319895,identity_without_rescale_tags
,4CH,4ch_s3_11501,8,1,valid,0.9810780312972179,1.0,0.10093088895615054,identity_without_rescale_tags
,4CH,4ch_s3_11501,9,1,valid,0.9921784536127964,1.0,0.07683746736124458,identity_without_rescale_tags
,4CH,4ch_s3_11501,10,1,valid,0.9924334150060876,1.0,0.07250654376273749,identity_without_rescale_tags
,4CH,4ch_s3_11501,11,1,valid,0.9793384301643833,1.0,0.09643607464472857,identity_without_rescale_tags
,4CH,4ch_s3_11501,12,1,valid,0.9790105532009483,1.0,0.10332760478297832,identity_without_rescale_tags
,4CH,4ch_s3_11501,13,1,valid,0.9889419517802046,1.0,0.08400359736111934,identity_without_rescale_tags
,4CH,4ch_s3_11501,14,1,valid,0.9754726354145108,1.0,0.10551651221806407,identity_without_rescale_tags
,4CH,4ch_s3_11501,15,1,valid,0.9557654051684314,1.0,0.14199163128043538,identity_without_rescale_tags
,4CH,4ch_s3_11501,16,1,valid,0.97771873887784,1.0,0.1127604131075286,identity_without_rescale_tags
,4CH,4ch_s3_11501,17,1,valid,0.9818416914088168,1.0,0.1010354221812756,identity_without_rescale_tags
,4CH,4ch_s3_11501,18,1,valid,0.9761255080515301,1.0,0.109830966687011,identity_without_rescale_tags
,4CH,4ch_s3_11501,19,1,valid,0.9833931323656687,1.0,0.11339195847857952,identity_without_rescale_tags
,4CH,4ch_s3_11501,20,1,valid,0.9762991044228361,1.0,0.12518522767113413,identity_without_rescale_tags
,4CH,4ch_s3_11501,21,1,valid,0.9767529770581228,1.0,0.1307228581167905,identity_without_rescale_tags
,4CH,4ch_s3_11501,22,1,valid,0.9781062154980331,1.0,0.1337369375642146,identity_without_rescale_tags
,4CH,4ch_s3_11501,23,1,valid,0.9652850257259479,1.0,0.1530304084750141,identity_without_rescale_tags
,4CH,4ch_s3_11501,24,1,valid,0.9640647408185844,1.0,0.15468406919939387,identity_without_rescale_tags
,4CH,4ch_s3_11501,25,1,valid,0.9591120384606104,1.0,0.16480171882815509,identity_without_rescale_tags
,4CH,4ch_s3_11501,26,1,valid,0.9667985177633801,1.0,0.15690934596225836,identity_without_rescale_tags
,4CH,4ch_s3_11501,27,1,valid,0.9600539809708807,1.0,0.15274391424204006,identity_without_rescale_tags
,4CH,4ch_s3_11501,28,1,valid,0.971158260935771,1.0,0.1334426662422816,identity_without_rescale_tags
,4CH,4ch_s3_11501,29,1,valid,0.9732356816872086,1.0,0.12130972125254821,identity_without_rescale_tags
,4CH,4ch_s3_11501,30,1,valid,0.9782659271958052,1.0,0.11097785857054931,identity_without_rescale_tags
,4CH,4ch_s3_11501,31,1,valid,0.9832033971382648,1.0,0.09240296780576812,identity_without_rescale_tags
,4CH,4ch_s3_11501,32,1,valid,0.9824005331304778,1.0,0.09579698092262923,identity_without_rescale_tags
,4CH,4ch_s3_11501,33,1,valid,0.9847248323886258,1.0,0.09646329445608498,identity_without_rescale_tags
,4CH,4ch_s3_11501,34,1,valid,0.9924497327689245,1.0,0.07671303393790098,identity_without_rescale_tags
,4CH,4ch_s3_11501,35,1,valid,0.9948480503213302,0.9989572289909914,0.06410270661735597,identity_without_rescale_tags
,4CH,4ch_s3_11501,36,1,valid,0.9825055303460402,1.0,0.09026220970085484,identity_without_rescale_tags
,4CH,4ch_s3_11501,37,1,valid,0.98239263915765,1.0,0.09875547705778771,identity_without_rescale_tags
,4CH,4ch_s3_11501,38,1,valid,0.9926936272483069,1.0,0.07396063066015533,identity_without_rescale_tags
,4CH,4ch_s3_11501,39,1,valid,0.9852119190201948,1.0,0.08788813892717232,identity_without_rescale_tags
,4CH,4ch_s3_11501,40,1,valid,0.9701221661381709,1.0,0.11121037065663164,identity_without_rescale_tags
,4CH,4ch_s3_11501,41,1,valid,0.977738831287067,1.0,0.10817627664203369,identity_without_rescale_tags
,4CH,4ch_s3_11501,42,1,valid,0.9820052424616548,1.0,0.09859375935502314,identity_without_rescale_tags
,4CH,4ch_s3_11501,43,1,valid,0.966269204872398,1.0,0.12137239544004112,identity_without_rescale_tags
,4CH,4ch_s3_11501,44,1,valid,0.9608215003865547,1.0,0.14170124850298185,identity_without_rescale_tags
,4CH,4ch_s3_11501,45,1,valid,0.9846953128437602,1.0,0.09453068784977958,identity_without_rescale_tags
,4CH,4ch_s3_11501,46,1,valid,0.9843678808211335,1.0,0.09787620852960238,identity_without_rescale_tags
,4CH,4ch_s3_11501,47,1,valid,0.9811722500944965,1.0,0.1146652280577012,identity_without_rescale_tags
,4CH,4ch_s3_11501,48,1,valid,0.9775082933827243,1.0,0.13116958325611044,identity_without_rescale_tags
,4CH,4ch_s3_11501,49,1,valid,0.9703954725999238,1.0,0.1383538979198746,identity_without_rescale_tags
,4CH,4ch_s40_15201,0,1,valid,0.9450420555687012,1.041025641025641,0.17936374436683783,identity_without_rescale_tags
,4CH,4ch_s40_15201,1,1,valid,0.9547286437415783,1.032258064516129,0.16063088443688153,identity_without_rescale_tags
,4CH,4ch_s40_15201,2,1,valid,0.9465221476637323,1.014388489208633,0.1700485177679136,identity_without_rescale_tags
,4CH,4ch_s40_15201,3,1,valid,0.9612673599946633,1.012846517917512,0.14150995527443416,identity_without_rescale_tags
,4CH,4ch_s40_15201,4,1,valid,0.9760889773014322,1.0037783375314862,0.11027417766447577,identity_without_rescale_tags
,4CH,4ch_s40_15201,5,1,valid,0.9673737178515909,1.0091743119266054,0.12707820758199573,identity_without_rescale_tags
,4CH,4ch_s40_15201,6,1,valid,0.9709563064415121,1.0041666666666667,0.1273562979986314,identity_without_rescale_tags
,4CH,4ch_s40_15201,7,1,valid,0.9341779386841168,1.0004909180166912,0.17186101719550617,identity_without_rescale_tags
,4CH,4ch_s40_15201,8,1,valid,0.9203355574764025,1.0,0.1897401299528554,identity_without_rescale_tags
,4CH,4ch_s40_15201,9,1,valid,0.9489154842890706,0.9990300678952473,0.16819650321252444,identity_without_rescale_tags
,4CH,4ch_s40_15201,10,1,valid,0.9447726607333196,0.9987908101571947,0.18038295076454508,identity_without_rescale_tags
,4CH,4ch_s40_15201,11,1,valid,0.9615286276350773,0.982821447162936,0.15394245995877762,identity_without_rescale_tags
,4CH,4ch_s40_15201,12,1,valid,0.9588793083252485,1.0021551724137931,0.15806758684097114,identity_without_rescale_tags
,4CH,4ch_s40_15201,13,1,valid,0.9467500169648582,0.980980980980981,0.1729940172265604,identity_without_rescale_tags
,4CH,4ch_s40_15201,14,1,valid,0.9520568181527232,1.0,0.1596977503858548,identity_without_rescale_tags
,4CH,4ch_s40_15201,15,1,valid,0.9410664072418854,0.998,0.1837352239438648,identity_without_rescale_tags
,4CH,4ch_s40_15201,16,1,valid,0.9665239115147934,1.0158730158730158,0.1437091553052099,identity_without_rescale_tags
,4CH,4ch_s40_15201,17,1,valid,0.9569740081785979,1.008695652173913,0.15547087233830037,identity_without_rescale_tags
,4CH,4ch_s40_15201,18,1,valid,0.9363396438101251,1.0065075921908895,0.170684286991021,identity_without_rescale_tags
,4CH,4ch_s40_15201,19,1,valid,0.9417756562770561,1.002510460251046,0.15289636622968147,identity_without_rescale_tags
,4CH,4ch_s40_15201,20,1,valid,0.9684982442048075,1.0035252643948296,0.12724527292086657,identity_without_rescale_tags
,4CH,4ch_s40_15201,21,1,valid,0.9780046116113204,0.9930313588850174,0.10886335120604931,identity_without_rescale_tags
,4CH,4ch_s40_15201,22,1,valid,0.9618228347672202,0.9965156794425087,0.13213605556715627,identity_without_rescale_tags
,4CH,4ch_s40_15201,23,1,valid,0.9512392278716901,1.0,0.15388464606771213,identity_without_rescale_tags
,4CH,4ch_s40_15201,24,1,valid,0.962313477293734,0.9832900111399926,0.14397230397094088,identity_without_rescale_tags
,4CH,4ch_s40_15201,25,1,valid,0.9448519288747904,0.9901477832512315,0.16839905311007172,identity_without_rescale_tags
,4CH,4ch_s40_15201,26,1,valid,0.9622835481810349,0.9959677419354839,0.1441386846942337,identity_without_rescale_tags
,4CH,4ch_s40_15201,27,1,valid,0.959327267666367,0.9973361747469366,0.16152986751574921,identity_without_rescale_tags
,4CH,4ch_s40_15201,28,1,valid,0.9553977381501613,1.0067114093959733,0.16308998938929187,identity_without_rescale_tags
,4CH,4ch_s40_15201,29,1,valid,0.9393926878940713,1.0,0.188471567345462,identity_without_rescale_tags
,4CH,4ch_s40_15201,30,1,valid,0.9399282516534695,1.0,0.17850769797289465,identity_without_rescale_tags
,4CH,4ch_s40_15201,31,1,valid,0.9589086586855704,0.9964028776978417,0.14353443467904595,identity_without_rescale_tags
,4CH,4ch_s40_15201,32,1,valid,0.9581832522256738,1.0056338028169014,0.14607051576409877,identity_without_rescale_tags
,4CH,4ch_s40_15201,33,1,valid,0.9687587769021164,0.9951456310679612,0.12901146021086835,identity_without_rescale_tags
,4CH,4ch_s40_15201,34,1,valid,0.9735985664092899,1.0,0.11710805438873019,identity_without_rescale_tags
,4CH,4ch_s40_15201,35,1,valid,0.9751576343258261,0.9905482041587902,0.11514407553351895,identity_without_rescale_tags
,4CH,4ch_s40_15201,36,1,valid,0.9524130787661073,0.9982486865148862,0.14303869302217992,identity_without_rescale_tags
,4CH,4ch_s40_15201,37,1,valid,0.9475110069092855,1.0,0.1608503034224176,identity_without_rescale_tags
,4CH,4ch_s40_15201,38,1,valid,0.9650658077261033,0.9961977186311787,0.1381835919465731,identity_without_rescale_tags
,4CH,4ch_s40_15201,39,1,valid,0.9492190071018616,1.0,0.15543876438902984,identity_without_rescale_tags
,4CH,4ch_s40_15201,40,1,valid,0.9677313172105934,0.9939759036144579,0.13727366852909414,identity_without_rescale_tags
,4CH,4ch_s40_15201,41,1,valid,0.9594413802368469,0.9857142857142858,0.15473416145440927,identity_without_rescale_tags
,4CH,4ch_s40_15201,42,1,valid,0.9444926752832465,0.9986376021798365,0.16825165062283615,identity_without_rescale_tags
,4CH,4ch_s40_15201,43,1,valid,0.959416942609347,1.0,0.14709779922465432,identity_without_rescale_tags
,4CH,4ch_s40_15201,44,1,valid,0.9530590751439227,0.9940119760479041,0.15699261749199203,identity_without_rescale_tags
,4CH,4ch_s40_15201,45,1,valid,0.964528142345643,1.0,0.12418308048370989,identity_without_rescale_tags
,4CH,4ch_s40_15201,46,1,valid,0.9522827664729058,1.0,0.14446721046870367,identity_without_rescale_tags
,4CH,4ch_s40_15201,47,1,valid,0.9488331913937197,1.0,0.1538118428882792,identity_without_rescale_tags
,4CH,4ch_s40_15201,48,1,valid,0.9559286422249142,0.9989743589743589,0.14192961169049365,identity_without_rescale_tags
,4CH,4ch_s40_15201,49,1,valid,0.9451322385426398,1.0,0.15686055801259452,identity_without_rescale_tags
,4CH,4ch_s41_15301,0,1,valid,0.9585076902292304,1.0345928947815741,0.15504352422527456,identity_without_rescale_tags
,4CH,4ch_s41_15301,1,1,valid,0.9610065870604196,1.0146750524109014,0.1495901013352745,identity_without_rescale_tags
,4CH,4ch_s41_15301,2,1,valid,0.9469515448577621,1.0101010101010102,0.17111924589391467,identity_without_rescale_tags
,4CH,4ch_s41_15301,3,1,valid,0.9420636284613513,1.0052863477159253,0.17676692909819502,identity_without_rescale_tags
,4CH,4ch_s41_15301,4,1,valid,0.9460039503748554,1.0083598739362958,0.18260547148193332,identity_without_rescale_tags
,4CH,4ch_s41_15301,5,1,valid,0.9551439581459041,1.0106497419476792,0.16671960846195602,identity_without_rescale_tags
,4CH,4ch_s41_15301,6,1,valid,0.9478339173352621,1.0067950257025888,0.16802905462341827,identity_without_rescale_tags
,4CH,4ch_s41_15301,7,1,valid,0.9563420473733927,1.002531710474872,0.15494069125855717,identity_without_rescale_tags
,4CH,4ch_s41_15301,8,1,valid,0.961251298684328,1.0,0.14338418302725564,identity_without_rescale_tags
,4CH,4ch_s41_15301,9,1,valid,0.9583290484139628,1.0027813110221384,0.14778984540002427,identity_without_rescale_tags
,4CH,4ch_s41_15301,10,1,valid,0.9753559861644512,0.9943154583986342,0.11315796741082916,identity_without_rescale_tags
,4CH,4ch_s41_15301,11,1,valid,0.9717538936054935,1.0049234150401172,0.12628362312643668,identity_without_rescale_tags
,4CH,4ch_s41_15301,12,1,valid,0.9642562234085256,1.0,0.13462046599274557,identity_without_rescale_tags
,4CH,4ch_s41_15301,13,1,valid,0.9549692708146074,0.9945652173913043,0.14407932541172838,identity_without_rescale_tags
,4CH,4ch_s41_15301,14,1,valid,0.9494979746017154,1.0,0.15944208244152194,identity_without_rescale_tags
,4CH,4ch_s41_15301,15,1,valid,0.9584122294029722,1.0,0.15040948786152236,identity_without_rescale_tags
,4CH,4ch_s41_15301,16,1,valid,0.9724563282577556,0.9964788683887517,0.1293223883751812,identity_without_rescale_tags
,4CH,4ch_s41_15301,17,1,valid,0.9633428156417972,0.9883309744956695,0.13695542075382863,identity_without_rescale_tags
,4CH,4ch_s41_15301,18,1,valid,0.9715635118975811,0.9923664122137404,0.1258536568278269,identity_without_rescale_tags
,4CH,4ch_s41_15301,19,1,valid,0.9530475680614885,0.9741836133353289,0.16632863976159376,identity_without_rescale_tags
,4CH,4ch_s41_15301,20,1,valid,0.9384135278783762,1.0,0.18556907760896707,identity_without_rescale_tags
,4CH,4ch_s41_15301,21,1,valid,0.9422201844120642,1.0090361445783131,0.17922479095548285,identity_without_rescale_tags
,4CH,4ch_s41_15301,22,1,valid,0.9519428843375094,1.0190749373515862,0.16986274752167785,identity_without_rescale_tags
,4CH,4ch_s41_15301,23,1,valid,0.9577259497272829,1.01171875,0.16197653420597902,identity_without_rescale_tags
,4CH,4ch_s41_15301,24,1,valid,0.9441682719951939,1.0089605766743093,0.16620459699380366,identity_without_rescale_tags
,4CH,4ch_s41_15301,25,1,valid,0.9336918467587779,1.0028639624663707,0.18101547786724428,identity_without_rescale_tags
,4CH,4ch_s41_15301,26,1,valid,0.9778880191915873,1.0,0.1110922576869826,identity_without_rescale_tags
,4CH,4ch_s41_15301,27,1,valid,0.9741546814060487,1.0,0.11865004386211453,identity_without_rescale_tags
,4CH,4ch_s41_15301,28,1,valid,0.9619036893739865,1.0,0.13334497185805558,identity_without_rescale_tags
,4CH,4ch_s41_15301,29,1,valid,0.9698010033836862,0.9968253968253968,0.12040050208393786,identity_without_rescale_tags
,4CH,4ch_s41_15301,30,1,valid,0.9586003505937231,0.990990990990991,0.13969140883314413,identity_without_rescale_tags
,4CH,4ch_s41_15301,31,1,valid,0.9450697050344782,0.9970428775468563,0.16969500552304245,identity_without_rescale_tags
,4CH,4ch_s41_15301,32,1,valid,0.9547600765251754,0.9888940281632234,0.15407471504722767,identity_without_rescale_tags
,4CH,4ch_s41_15301,33,1,valid,0.9542880515639348,1.0,0.15876285691097958,identity_without_rescale_tags
,4CH,4ch_s41_15301,34,1,valid,0.9688378044993258,1.0144927536231885,0.13981669556755474,identity_without_rescale_tags
,4CH,4ch_s41_15301,35,1,valid,0.943461370241109,0.9909397750154115,0.1805607951803303,identity_without_rescale_tags
,4CH,4ch_s41_15301,36,1,valid,0.9328588790451645,1.0,0.19490420128280206,identity_without_rescale_tags
,4CH,4ch_s41_15301,37,1,valid,0.9412645596620478,1.0,0.18030780033263968,identity_without_rescale_tags
,4CH,4ch_s41_15301,38,1,valid,0.9470765962614318,1.0021008496082975,0.16809773415975324,identity_without_rescale_tags
,4CH,4ch_s41_15301,39,1,valid,0.9608733347158082,0.992312230523274,0.1499523384591758,identity_without_rescale_tags
,4CH,4ch_s41_15301,40,1,valid,0.9628830936894746,1.0,0.14571844528005015,identity_without_rescale_tags
,4CH,4ch_s41_15301,41,1,valid,0.9646754489670107,1.0,0.13839211813769486,identity_without_rescale_tags
,4CH,4ch_s41_15301,42,1,valid,0.9640238602369807,1.0,0.13137217076386126,identity_without_rescale_tags
,4CH,4ch_s41_15301,43,1,valid,0.957166954377255,1.0,0.1404075277843967,identity_without_rescale_tags
,4CH,4ch_s41_15301,44,1,valid,0.9639276757165549,1.0,0.1352284540415907,identity_without_rescale_tags
,4CH,4ch_s41_15301,45,1,valid,0.9488721904069456,1.0,0.15637368068874505,identity_without_rescale_tags
,4CH,4ch_s41_15301,46,1,valid,0.9620605201108476,0.9913344887348353,0.14109415304373832,identity_without_rescale_tags
,4CH,4ch_s41_15301,47,1,valid,0.961469960572027,0.9914529914529915,0.14251159892709522,identity_without_rescale_tags
,4CH,4ch_s41_15301,48,1,valid,0.9505732220896304,0.9894021731304772,0.1656997734452187,identity_without_rescale_tags
,4CH,4ch_s41_15301,49,1,valid,0.9698840251517661,0.9913629504879993,0.13095188883662898,identity_without_rescale_tags
,4CH,4ch_s42_15401,0,1,valid,0.9533258424703105,1.0417741103661682,0.16408351501127438,identity_without_rescale_tags
,4CH,4ch_s42_15401,1,1,valid,0.9174646329905074,1.0234375,0.1991389094327542,identity_without_rescale_tags
,4CH,4ch_s42_15401,2,1,valid,0.9273353779773824,1.014453477868112,0.19170895313782635,identity_without_rescale_tags
,4CH,4ch_s42_15401,3,1,valid,0.9504064664458741,1.0084134615384615,0.16696361164658186,identity_without_rescale_tags
,4CH,4ch_s42_15401,4,1,valid,0.9713896150121314,1.0066666666666666,0.1332386931184482,identity_without_rescale_tags
,4CH,4ch_s42_15401,5,1,valid,0.9627204329379355,1.0,0.15574915000510184,identity_without_rescale_tags
,4CH,4ch_s42_15401,6,1,valid,0.9637058593448876,1.0130718954248366,0.14352602037040474,identity_without_rescale_tags
,4CH,4ch_s42_15401,7,1,valid,0.9508024253434256,0.9913294797687862,0.1613312809124012,identity_without_rescale_tags
,4CH,4ch_s42_15401,8,1,valid,0.9506509929764715,1.0077821011673151,0.16341515457454225,identity_without_rescale_tags
,4CH,4ch_s42_15401,9,1,valid,0.9629491090108064,1.0036014405762306,0.13884059473098034,identity_without_rescale_tags
,4CH,4ch_s42_15401,10,1,valid,0.9598219847968319,1.007388092133855,0.14381462466965605,identity_without_rescale_tags
,4CH,4ch_s42_15401,11,1,valid,0.955108105043828,1.001058201058201,0.14441921274452071,identity_without_rescale_tags
,4CH,4ch_s42_15401,12,1,valid,0.9560312293088821,1.0055617352614015,0.1424872738738816,identity_without_rescale_tags
,4CH,4ch_s42_15401,13,1,valid,0.9414380654494355,1.0035671819262781,0.16959451514763077,identity_without_rescale_tags
,4CH,4ch_s42_15401,14,1,valid,0.9678638550270253,1.0,0.12871397036315396,identity_without_rescale_tags
,4CH,4ch_s42_15401,15,1,valid,0.9513250443200145,1.0,0.15156643857096336,identity_without_rescale_tags
,4CH,4ch_s42_15401,16,1,valid,0.9501833312147329,0.9926650366748166,0.15776812903915946,identity_without_rescale_tags
,4CH,4ch_s42_15401,17,1,valid,0.9656218647772378,0.9880952380952381,0.13019762149291636,identity_without_rescale_tags
,4CH,4ch_s42_15401,18,1,valid,0.9646818644244606,0.9867595818815331,0.13420427982250677,identity_without_rescale_tags
,4CH,4ch_s42_15401,19,1,valid,0.9646620001775884,1.0108695652173914,0.1381520303334466,identity_without_rescale_tags
,4CH,4ch_s42_15401,20,1,valid,0.9585414574114196,0.9889958734525447,0.15203014045231808,identity_without_rescale_tags
,4CH,4ch_s42_15401,21,1,valid,0.9348959580333458,1.0,0.18977690815995524,identity_without_rescale_tags
,4CH,4ch_s42_15401,22,1,valid,0.9456977969874462,1.0085470085470085,0.16448144579191123,identity_without_rescale_tags
,4CH,4ch_s42_15401,23,1,valid,0.9512552369449271,1.0,0.16169129202719798,identity_without_rescale_tags
,4CH,4ch_s42_15401,24,1,valid,0.9630751344523139,1.0,0.13642615514429837,identity_without_rescale_tags
,4CH,4ch_s42_15401,25,1,valid,0.9666849752705582,1.0,0.12901608034491577,identity_without_rescale_tags
,4CH,4ch_s42_15401,26,1,valid,0.955040524614876,1.007985803016859,0.15254913261281394,identity_without_rescale_tags
,4CH,4ch_s42_15401,27,1,valid,0.9592153966577115,0.9855670103092784,0.13887570405646774,identity_without_rescale_tags
,4CH,4ch_s42_15401,28,1,valid,0.9532940571418224,0.9953198127925117,0.14804985341188856,identity_without_rescale_tags
,4CH,4ch_s42_15401,29,1,valid,0.9494369371447925,1.0,0.1654077417219907,identity_without_rescale_tags
,4CH,4ch_s42_15401,30,1,valid,0.967732720871967,0.9862068965517241,0.13567622662030093,identity_without_rescale_tags
,4CH,4ch_s42_15401,31,1,valid,0.9606049542571401,0.989247311827957,0.14286498650499307,identity_without_rescale_tags
,4CH,4ch_s42_15401,32,1,valid,0.9461591130043218,0.996078431372549,0.1599467739867487,identity_without_rescale_tags
,4CH,4ch_s42_15401,33,1,valid,0.9338103455305874,0.9945054945054945,0.18554561228384664,identity_without_rescale_tags
,4CH,4ch_s42_15401,34,1,valid,0.9578653276650152,0.9993690851735015,0.15590634252352414,identity_without_rescale_tags
,4CH,4ch_s42_15401,35,1,valid,0.9684231570942795,1.0023584905660377,0.13974318590549706,identity_without_rescale_tags
,4CH,4ch_s42_15401,36,1,valid,0.9584265437070842,1.0,0.14787601396241667,identity_without_rescale_tags
,4CH,4ch_s42_15401,37,1,valid,0.9702067972607069,1.0,0.12049871813816702,identity_without_rescale_tags
,4CH,4ch_s42_15401,38,1,valid,0.9640324009241663,0.9986455981941309,0.13520433859371547,identity_without_rescale_tags
,4CH,4ch_s42_15401,39,1,valid,0.951648167435627,1.0060975609756098,0.15721834715698146,identity_without_rescale_tags
,4CH,4ch_s42_15401,40,1,valid,0.9540107903288711,0.9976442873969376,0.141838579870363,identity_without_rescale_tags
,4CH,4ch_s42_15401,41,1,valid,0.9554556259931078,0.9961218836565097,0.1464547746348744,identity_without_rescale_tags
,4CH,4ch_s42_15401,42,1,valid,0.9571777478834229,0.9977220956719818,0.15646920450431145,identity_without_rescale_tags
,4CH,4ch_s42_15401,43,1,valid,0.946234774910346,0.9925925925925926,0.1587057578161401,identity_without_rescale_tags
,4CH,4ch_s42_15401,44,1,valid,0.9372655023461905,0.9928057553956835,0.1665685580970267,identity_without_rescale_tags
,4CH,4ch_s42_15401,45,1,valid,0.9720810322518652,1.0082191780821919,0.1262594322696828,identity_without_rescale_tags
,4CH,4ch_s42_15401,46,1,valid,0.9571307502971569,0.9958108916816277,0.1559632350585012,identity_without_rescale_tags
,4CH,4ch_s42_15401,47,1,valid,0.9511559719854265,0.9880239520958084,0.16229491374808,identity_without_rescale_tags
,4CH,4ch_s42_15401,48,1,valid,0.9579948986824391,1.0015151515151515,0.1606277119434137,identity_without_rescale_tags
,4CH,4ch_s42_15401,49,1,valid,0.9576844108037422,0.9978835978835979,0.15406825607462524,identity_without_rescale_tags
,4CH,4ch_s4_11601,0,1,valid,0.9800528547714665,1.0294117647058822,0.13010305301423797,identity_without_rescale_tags
,4CH,4ch_s4_11601,1,1,valid,0.9811819457584757,1.0051661862567167,0.11603873542698957,identity_without_rescale_tags
,4CH,4ch_s4_11601,2,1,valid,0.9812336238442307,1.0196078431372548,0.1205018387809171,identity_without_rescale_tags
,4CH,4ch_s4_11601,3,1,valid,0.9723052892520136,1.0,0.12884852242014014,identity_without_rescale_tags
,4CH,4ch_s4_11601,4,1,valid,0.9776011302033125,1.0,0.12738929887262757,identity_without_rescale_tags
,4CH,4ch_s4_11601,5,1,valid,0.987908176026848,1.0,0.10249455125678344,identity_without_rescale_tags
,4CH,4ch_s4_11601,6,1,valid,0.9794418254326764,1.0,0.10957968600547231,identity_without_rescale_tags
,4CH,4ch_s4_11601,7,1,valid,0.9871676824733231,1.0,0.08379652343272266,identity_without_rescale_tags
,4CH,4ch_s4_11601,8,1,valid,0.9853034604501116,1.0,0.09197358569947342,identity_without_rescale_tags
,4CH,4ch_s4_11601,9,1,valid,0.9860310597048291,1.0,0.10258861073304647,identity_without_rescale_tags
,4CH,4ch_s4_11601,10,1,valid,0.9884229092848039,1.0,0.09092399060514483,identity_without_rescale_tags
,4CH,4ch_s4_11601,11,1,valid,0.9936023735790682,1.0,0.07572483947211016,identity_without_rescale_tags
,4CH,4ch_s4_11601,12,1,valid,0.9792524002741891,1.0,0.10799663445912491,identity_without_rescale_tags
,4CH,4ch_s4_11601,13,1,valid,0.9769017934680854,1.0,0.12173916537551832,identity_without_rescale_tags
,4CH,4ch_s4_11601,14,1,valid,0.9863258151582218,1.0,0.0997790507814209,identity_without_rescale_tags
,4CH,4ch_s4_11601,15,1,valid,0.9808160552565119,1.0,0.10898103309337227,identity_without_rescale_tags
,4CH,4ch_s4_11601,16,1,valid,0.9651276872493181,1.0,0.13660622204001424,identity_without_rescale_tags
,4CH,4ch_s4_11601,17,1,valid,0.9702104992882,1.0,0.13266477910086724,identity_without_rescale_tags
,4CH,4ch_s4_11601,18,1,valid,0.9754443761962864,1.0,0.12169389005601747,identity_without_rescale_tags
,4CH,4ch_s4_11601,19,1,valid,0.9615830033428093,1.0,0.1401106449576792,identity_without_rescale_tags
,4CH,4ch_s4_11601,20,1,valid,0.9433545025706372,1.0,0.17568855696294516,identity_without_rescale_tags
,4CH,4ch_s4_11601,21,1,valid,0.9721173802073725,1.0,0.12916261994917733,identity_without_rescale_tags
,4CH,4ch_s4_11601,22,1,valid,0.9746610573024491,1.0,0.11685599579075355,identity_without_rescale_tags
,4CH,4ch_s4_11601,23,1,valid,0.9719916645246952,1.0,0.11607680754214382,identity_without_rescale_tags
,4CH,4ch_s4_11601,24,1,valid,0.9805718292403739,1.0,0.11304324794728776,identity_without_rescale_tags
,4CH,4ch_s4_11601,25,1,valid,0.9755713244145507,1.0,0.1195098086432962,identity_without_rescale_tags
,4CH,4ch_s4_11601,26,1,valid,0.9812672011956203,1.0,0.11629265762786416,identity_without_rescale_tags
,4CH,4ch_s4_11601,27,1,valid,0.9839200608639342,1.0,0.11726019120559744,identity_without_rescale_tags
,4CH,4ch_s4_11601,28,1,valid,0.973022076954325,1.0,0.13557756678095478,identity_without_rescale_tags
,4CH,4ch_s4_11601,29,1,valid,0.974896739812846,1.0,0.1285981499033004,identity_without_rescale_tags
,4CH,4ch_s4_11601,30,1,valid,0.9749743686763758,1.0,0.1256973601828806,identity_without_rescale_tags
,4CH,4ch_s4_11601,31,1,valid,0.9865357696873672,1.0,0.10060872101127406,identity_without_rescale_tags
,4CH,4ch_s4_11601,32,1,valid,0.9831264712570763,1.0,0.09849255257780408,identity_without_rescale_tags
,4CH,4ch_s4_11601,33,1,valid,0.9898288268858528,1.0,0.07845980833485808,identity_without_rescale_tags
,4CH,4ch_s4_11601,34,1,valid,0.9821302098016905,1.0,0.09621339299413102,identity_without_rescale_tags
,4CH,4ch_s4_11601,35,1,valid,0.9828477608291492,1.0,0.10405349369549666,identity_without_rescale_tags
,4CH,4ch_s4_11601,36,1,valid,0.9931573388201277,1.0,0.0767570035684309,identity_without_rescale_tags
,4CH,4ch_s4_11601,37,1,valid,0.9899295039789022,1.0,0.08660585700775074,identity_without_rescale_tags
,4CH,4ch_s4_11601,38,1,valid,0.973453541167975,1.0,0.11797655994839973,identity_without_rescale_tags
,4CH,4ch_s4_11601,39,1,valid,0.9754038252323137,1.0,0.12343642391530663,identity_without_rescale_tags
,4CH,4ch_s4_11601,40,1,valid,0.9884176609401046,1.0,0.0955451292782984,identity_without_rescale_tags
,4CH,4ch_s4_11601,41,1,valid,0.9820963613249932,1.0,0.09755376882795384,identity_without_rescale_tags
,4CH,4ch_s4_11601,42,1,valid,0.9808276078310482,1.0,0.09850477691406931,identity_without_rescale_tags
,4CH,4ch_s4_11601,43,1,valid,0.9886972587184355,1.0,0.0926634683803677,identity_without_rescale_tags
,4CH,4ch_s4_11601,44,1,valid,0.9842318712806293,1.0,0.1031081450243188,identity_without_rescale_tags
,4CH,4ch_s4_11601,45,1,valid,0.973444936755404,1.0,0.1271662047357871,identity_without_rescale_tags
,4CH,4ch_s4_11601,46,1,valid,0.9841976137534091,1.0,0.11537628516116684,identity_without_rescale_tags
,4CH,4ch_s4_11601,47,1,valid,0.9715179636159977,1.0,0.12436932187362176,identity_without_rescale_tags
,4CH,4ch_s4_11601,48,1,valid,0.9817195623757672,1.0,0.10084505817906854,identity_without_rescale_tags
,4CH,4ch_s4_11601,49,1,valid,0.9754644798189535,1.0,0.10867055758989513,identity_without_rescale_tags
,4CH,4ch_s5_11701,0,1,valid,0.9746828708763221,1.0454545454545454,0.15063032901573445,identity_without_rescale_tags
,4CH,4ch_s5_11701,1,1,valid,0.9872566314221213,1.017921146953405,0.10771359344320797,identity_without_rescale_tags
,4CH,4ch_s5_11701,2,1,valid,0.982298703410247,1.00944669365722,0.10467752191690206,identity_without_rescale_tags
,4CH,4ch_s5_11701,3,1,valid,0.9811860962731099,1.0075187969924813,0.10880706421844841,identity_without_rescale_tags
,4CH,4ch_s5_11701,4,1,valid,0.9906190088735213,1.0028901734104045,0.07634982213015666,identity_without_rescale_tags
,4CH,4ch_s5_11701,5,1,valid,0.9894942462103875,1.0,0.08108640045698844,identity_without_rescale_tags
,4CH,4ch_s5_11701,6,1,valid,0.9724600525302807,1.0,0.10928386579508173,identity_without_rescale_tags
,4CH,4ch_s5_11701,7,1,valid,0.9732343596720473,1.0,0.12039802332291476,identity_without_rescale_tags
,4CH,4ch_s5_11701,8,1,valid,0.979955408358867,1.0,0.10653520437497775,identity_without_rescale_tags
,4CH,4ch_s5_11701,9,1,valid,0.9675114338283597,1.0,0.12402702944806354,identity_without_rescale_tags
,4CH,4ch_s5_11701,10,1,valid,0.9618185373572257,1.0,0.13865401336833313,identity_without_rescale_tags
,4CH,4ch_s5_11701,11,1,valid,0.9824941657822881,1.0,0.10639103487874407,identity_without_rescale_tags
,4CH,4ch_s5_11701,12,1,valid,0.9853245885665544,1.0,0.10708100476364674,identity_without_rescale_tags
,4CH,4ch_s5_11701,13,1,valid,0.9772745010755887,0.9978165938864629,0.12549402660831957,identity_without_rescale_tags
,4CH,4ch_s5_11701,14,1,valid,0.9800786404995775,1.0,0.12884482302944428,identity_without_rescale_tags
,4CH,4ch_s5_11701,15,1,valid,0.9731380125915746,1.0,0.1287788471582865,identity_without_rescale_tags
,4CH,4ch_s5_11701,16,1,valid,0.9830401896649172,1.0,0.10975480467337974,identity_without_rescale_tags
,4CH,4ch_s5_11701,17,1,valid,0.9883941353428956,1.0,0.09034245975485744,identity_without_rescale_tags
,4CH,4ch_s5_11701,18,1,valid,0.988762079689413,1.0,0.08380218501200368,identity_without_rescale_tags
,4CH,4ch_s5_11701,19,1,valid,0.9937928600579036,1.0,0.06384859359490916,identity_without_rescale_tags
,4CH,4ch_s5_11701,20,1,valid,0.9859209480035311,1.0,0.08632093051746687,identity_without_rescale_tags
,4CH,4ch_s5_11701,21,1,valid,0.981150802132247,1.0,0.10025816669381414,identity_without_rescale_tags
,4CH,4ch_s5_11701,22,1,valid,0.9918474866917547,1.0,0.07352227793579716,identity_without_rescale_tags
,4CH,4ch_s5_11701,23,1,valid,0.9923064090588514,1.0,0.07418947837021606,identity_without_rescale_tags
,4CH,4ch_s5_11701,24,1,valid,0.9798805227948312,1.0,0.10027049551822242,identity_without_rescale_tags
,4CH,4ch_s5_11701,25,1,valid,0.9798425198898794,1.0,0.11034192328438994,identity_without_rescale_tags
,4CH,4ch_s5_11701,26,1,valid,0.9880596999064648,1.0,0.08624095976454835,identity_without_rescale_tags
,4CH,4ch_s5_11701,27,1,valid,0.9846757936725499,0.998745294855709,0.09154925500268264,identity_without_rescale_tags
,4CH,4ch_s5_11701,28,1,valid,0.9866462201155595,1.0,0.1038819525059252,identity_without_rescale_tags
,4CH,4ch_s5_11701,29,1,valid,0.9782095555805121,1.0,0.1198182353642554,identity_without_rescale_tags
,4CH,4ch_s5_11701,30,1,valid,0.9764710495837613,1.0,0.1269446290837079,identity_without_rescale_tags
,4CH,4ch_s5_11701,31,1,valid,0.9679003723563182,1.0,0.14334918512857217,identity_without_rescale_tags
,4CH,4ch_s5_11701,32,1,valid,0.9730289634246043,1.0,0.1384296509782006,identity_without_rescale_tags
,4CH,4ch_s5_11701,33,1,valid,0.9593325081875576,1.0,0.14837901227567718,identity_without_rescale_tags
,4CH,4ch_s5_11701,34,1,valid,0.9703510367365941,1.0,0.1333294051403312,identity_without_rescale_tags
,4CH,4ch_s5_11701,35,1,valid,0.9786851921531874,1.0,0.11499322220101393,identity_without_rescale_tags
,4CH,4ch_s5_11701,36,1,valid,0.9780608639781925,1.0,0.11197577019471158,identity_without_rescale_tags
,4CH,4ch_s5_11701,37,1,valid,0.9825341864354296,1.0,0.09803075908405276,identity_without_rescale_tags
,4CH,4ch_s5_11701,38,1,valid,0.9798869741430346,1.0,0.1023626192709633,identity_without_rescale_tags
,4CH,4ch_s5_11701,39,1,valid,0.986768654268912,1.0,0.09101188159907962,identity_without_rescale_tags
,4CH,4ch_s5_11701,40,1,valid,0.9901672041122926,1.0,0.08131909313388332,identity_without_rescale_tags
,4CH,4ch_s5_11701,41,1,valid,0.993365654829968,1.0,0.0720219377546534,identity_without_rescale_tags
,4CH,4ch_s5_11701,42,1,valid,0.9830317508816598,1.0,0.09382351998710695,identity_without_rescale_tags
,4CH,4ch_s5_11701,43,1,valid,0.9863119541591097,1.0,0.09415462111828769,identity_without_rescale_tags
,4CH,4ch_s5_11701,44,1,valid,0.9928111747316591,1.0,0.07510014531907581,identity_without_rescale_tags
,4CH,4ch_s5_11701,45,1,valid,0.9870129777590365,1.0,0.088262775897015,identity_without_rescale_tags
,4CH,4ch_s5_11701,46,1,valid,0.9742764306058841,1.0,0.10832677138133316,identity_without_rescale_tags
,4CH,4ch_s5_11701,47,1,valid,0.9800742784116631,1.0,0.10879360065149507,identity_without_rescale_tags
,4CH,4ch_s5_11701,48,1,valid,0.9835510055666985,1.0,0.10057549508421448,identity_without_rescale_tags
,4CH,4ch_s5_11701,49,1,valid,0.9649025400003485,1.0,0.128607798603433,identity_without_rescale_tags
,4CH,4ch_s6_11801,0,1,valid,0.9669350562086373,1.04,0.1639925519095757,identity_without_rescale_tags
,4CH,4ch_s6_11801,1,1,valid,0.9789312179626224,1.0185185185185186,0.12819960529503358,identity_without_rescale_tags
,4CH,4ch_s6_11801,2,1,valid,0.9780777542258322,1.0216563072674059,0.11634240049062756,identity_without_rescale_tags
,4CH,4ch_s6_11801,3,1,valid,0.9829182291466484,1.0059997757093193,0.0964910018531262,identity_without_rescale_tags
,4CH,4ch_s6_11801,4,1,valid,0.9844872359677573,1.0,0.09334479619260577,identity_without_rescale_tags
,4CH,4ch_s6_11801,5,1,valid,0.989082910743791,1.0,0.08911451597464827,identity_without_rescale_tags
,4CH,4ch_s6_11801,6,1,valid,0.9890988508414229,1.0,0.07744291989970145,identity_without_rescale_tags
,4CH,4ch_s6_11801,7,1,valid,0.9873214829846781,1.0,0.08206470454800743,identity_without_rescale_tags
,4CH,4ch_s6_11801,8,1,valid,0.9824368462940928,1.0,0.09186936099221625,identity_without_rescale_tags
,4CH,4ch_s6_11801,9,1,valid,0.9931564377570362,1.0,0.06876404356877214,identity_without_rescale_tags
,4CH,4ch_s6_11801,10,1,valid,0.9943656228858488,1.0,0.06176591553469475,identity_without_rescale_tags
,4CH,4ch_s6_11801,11,1,valid,0.9803752137505062,0.9981981923486482,0.0917600622289578,identity_without_rescale_tags
,4CH,4ch_s6_11801,12,1,valid,0.980873302342292,1.0,0.09889819311363048,identity_without_rescale_tags
,4CH,4ch_s6_11801,13,1,valid,0.9903084909388825,1.0,0.0764892356496089,identity_without_rescale_tags
,4CH,4ch_s6_11801,14,1,valid,0.9719713866469559,1.0,0.10861991574186539,identity_without_rescale_tags
,4CH,4ch_s6_11801,15,1,valid,0.9607987693410421,1.0,0.1318281628815775,identity_without_rescale_tags
,4CH,4ch_s6_11801,16,1,valid,0.9857335210745347,1.0,0.09366604180388809,identity_without_rescale_tags
,4CH,4ch_s6_11801,17,1,valid,0.9888307093255634,1.0,0.0831997723745383,identity_without_rescale_tags
,4CH,4ch_s6_11801,18,1,valid,0.9789111756185721,1.0,0.10291857101210726,identity_without_rescale_tags
,4CH,4ch_s6_11801,19,1,valid,0.9863218840464792,1.0,0.10282776995667338,identity_without_rescale_tags
,4CH,4ch_s6_11801,20,1,valid,0.9798245802581773,1.0,0.11176768566357326,identity_without_rescale_tags
,4CH,4ch_s6_11801,21,1,valid,0.9773924795077946,0.9961810829223778,0.1196540864386051,identity_without_rescale_tags
,4CH,4ch_s6_11801,22,1,valid,0.9883166205955402,1.0,0.0975308231886009,identity_without_rescale_tags
,4CH,4ch_s6_11801,23,1,valid,0.9844765138842807,1.0,0.08835991658977897,identity_without_rescale_tags
,4CH,4ch_s6_11801,24,1,valid,0.9918291491614468,1.0,0.07298678434891383,identity_without_rescale_tags
,4CH,4ch_s6_11801,25,1,valid,0.9856643531429297,1.0,0.08706236841495667,identity_without_rescale_tags
,4CH,4ch_s6_11801,26,1,valid,0.9889869071313342,1.0,0.08014334984433792,identity_without_rescale_tags
,4CH,4ch_s6_11801,27,1,valid,0.9930794795178705,1.0,0.06395552125050646,identity_without_rescale_tags
,4CH,4ch_s6_11801,28,1,valid,0.9839557859911217,1.0,0.08626952550493473,identity_without_rescale_tags
,4CH,4ch_s6_11801,29,1,valid,0.974166722549776,1.0,0.10750407894512558,identity_without_rescale_tags
,4CH,4ch_s6_11801,30,1,valid,0.9904357857483859,1.0,0.07598879180618269,identity_without_rescale_tags
,4CH,4ch_s6_11801,31,1,valid,0.9873346238924708,1.0,0.08283744229052055,identity_without_rescale_tags
,4CH,4ch_s6_11801,32,1,valid,0.9678984595053438,1.0,0.11616590959055828,identity_without_rescale_tags
,4CH,4ch_s6_11801,33,1,valid,0.9720582726506225,1.0,0.11995748194140743,identity_without_rescale_tags
,4CH,4ch_s6_11801,34,1,valid,0.9819426813612999,1.0,0.09742319498209985,identity_without_rescale_tags
,4CH,4ch_s6_11801,35,1,valid,0.9634388571801463,1.0,0.12562834111825816,identity_without_rescale_tags
,4CH,4ch_s6_11801,36,1,valid,0.9607121149435041,1.0,0.13833895913799532,identity_without_rescale_tags
,4CH,4ch_s6_11801,37,1,valid,0.9849692936780141,1.0,0.09665111284287506,identity_without_rescale_tags
,4CH,4ch_s6_11801,38,1,valid,0.9871993529900069,1.0,0.0932715871587421,identity_without_rescale_tags
,4CH,4ch_s6_11801,39,1,valid,0.978161279909868,0.9907305117755847,0.11770191528783831,identity_without_rescale_tags
,4CH,4ch_s6_11801,40,1,valid,0.9809215453959259,1.0097087378640777,0.12559584988157285,identity_without_rescale_tags
,4CH,4ch_s6_11801,41,1,valid,0.9676488137641853,0.9981668178915886,0.13779951449474964,identity_without_rescale_tags
,4CH,4ch_s6_11801,42,1,valid,0.9728000198294633,0.9955555555555555,0.12950151022510112,identity_without_rescale_tags
,4CH,4ch_s6_11801,43,1,valid,0.9864018783909,1.0,0.09613832180418529,identity_without_rescale_tags
,4CH,4ch_s6_11801,44,1,valid,0.9844844520252249,1.0,0.09389244347279181,identity_without_rescale_tags
,4CH,4ch_s6_11801,45,1,valid,0.9893111292363355,1.0,0.07993902015280803,identity_without_rescale_tags
,4CH,4ch_s6_11801,46,1,valid,0.9833217867335666,1.0,0.0926613297645204,identity_without_rescale_tags
,4CH,4ch_s6_11801,47,1,valid,0.9903226564369674,1.0,0.07910891712256592,identity_without_rescale_tags
,4CH,4ch_s6_11801,48,1,valid,0.9928069312660908,1.0,0.06719256248664209,identity_without_rescale_tags
,4CH,4ch_s6_11801,49,1,valid,0.9883555259664478,1.0,0.07719739646822138,identity_without_rescale_tags
,4CH,4ch_s7_11901,0,1,valid,0.9670177323614216,1.0601092896174864,0.15415141227317722,identity_without_rescale_tags
,4CH,4ch_s7_11901,1,1,valid,0.980915426105259,1.0280932456664673,0.11919628611772846,identity_without_rescale_tags
,4CH,4ch_s7_11901,2,1,valid,0.9570238289951569,1.0128755364806867,0.14078074744591376,identity_without_rescale_tags
,4CH,4ch_s7_11901,3,1,valid,0.9514823426858308,1.0046948356807512,0.15596883700337483,identity_without_rescale_tags
,4CH,4ch_s7_11901,4,1,valid,0.9783317776726993,1.0079254079254079,0.11638377490933674,identity_without_rescale_tags
,4CH,4ch_s7_11901,5,1,valid,0.9864168059228882,1.0,0.09419103814552282,identity_without_rescale_tags
,4CH,4ch_s7_11901,6,1,valid,0.9762447299945509,1.0,0.10840346307418375,identity_without_rescale_tags
,4CH,4ch_s7_11901,7,1,valid,0.9835511591973156,1.0,0.11212790256601027,identity_without_rescale_tags
,4CH,4ch_s7_11901,8,1,valid,0.9734159741692663,1.0,0.12216470503630969,identity_without_rescale_tags
,4CH,4ch_s7_11901,9,1,valid,0.9764553236452355,1.0,0.12035868130770284,identity_without_rescale_tags
,4CH,4ch_s7_11901,10,1,valid,0.9732244596419821,1.0,0.13131496688875754,identity_without_rescale_tags
,4CH,4ch_s7_11901,11,1,valid,0.9691762421714036,1.0,0.13578330385105816,identity_without_rescale_tags
,4CH,4ch_s7_11901,12,1,valid,0.9682049565634114,1.0,0.13391602431048322,identity_without_rescale_tags
,4CH,4ch_s7_11901,13,1,valid,0.9675403256931442,0.9938124702522608,0.1348390406052768,identity_without_rescale_tags
,4CH,4ch_s7_11901,14,1,valid,0.9831819660419335,1.0,0.10807425345555716,identity_without_rescale_tags
,4CH,4ch_s7_11901,15,1,valid,0.9750486247545658,1.0,0.11085046589674176,identity_without_rescale_tags
,4CH,4ch_s7_11901,16,1,valid,0.9842306151086552,1.0,0.09590910757118068,identity_without_rescale_tags
,4CH,4ch_s7_11901,17,1,valid,0.9792395778126552,1.0,0.10295707856929892,identity_without_rescale_tags
,4CH,4ch_s7_11901,18,1,valid,0.9872091213324681,1.0,0.09229339983697771,identity_without_rescale_tags
,4CH,4ch_s7_11901,19,1,valid,0.9896670469090015,1.0,0.08180562971055445,identity_without_rescale_tags
,4CH,4ch_s7_11901,20,1,valid,0.9804396012701982,1.0,0.10041286309611312,identity_without_rescale_tags
,4CH,4ch_s7_11901,21,1,valid,0.9783017230286692,1.0,0.1068073669964343,identity_without_rescale_tags
,4CH,4ch_s7_11901,22,1,valid,0.9919759187516294,1.0,0.08028037075806867,identity_without_rescale_tags
,4CH,4ch_s7_11901,23,1,valid,0.9903286037215796,0.9985569985569985,0.08161971165967641,identity_without_rescale_tags
,4CH,4ch_s7_11901,24,1,valid,0.9720243673433248,1.0,0.11432449938041739,identity_without_rescale_tags
,4CH,4ch_s7_11901,25,1,valid,0.9773716738383406,1.0,0.11402715570263887,identity_without_rescale_tags
,4CH,4ch_s7_11901,26,1,valid,0.9878541674923509,1.0,0.0906321723598597,identity_without_rescale_tags
,4CH,4ch_s7_11901,27,1,valid,0.970305448916566,1.0,0.11901675917029919,identity_without_rescale_tags
,4CH,4ch_s7_11901,28,1,valid,0.9696867689531212,1.0,0.12132779346822495,identity_without_rescale_tags
,4CH,4ch_s7_11901,29,1,valid,0.9879068830531418,1.0,0.08965584730056457,identity_without_rescale_tags
,4CH,4ch_s7_11901,30,1,valid,0.9906188783889592,1.0,0.08546666028630148,identity_without_rescale_tags
,4CH,4ch_s7_11901,31,1,valid,0.9791887737546004,0.9933014354066986,0.11297551472964341,identity_without_rescale_tags
,4CH,4ch_s7_11901,32,1,valid,0.9803420739953268,1.0,0.12485253255372304,identity_without_rescale_tags
,4CH,4ch_s7_11901,33,1,valid,0.9706499094781543,1.0,0.1358073109618998,identity_without_rescale_tags
,4CH,4ch_s7_11901,34,1,valid,0.9725698795280535,0.9962962962962963,0.13808271378801396,identity_without_rescale_tags
,4CH,4ch_s7_11901,35,1,valid,0.9815858605268452,1.0,0.1230304681994866,identity_without_rescale_tags
,4CH,4ch_s7_11901,36,1,valid,0.9733366848959725,1.0,0.12831364741273052,identity_without_rescale_tags
,4CH,4ch_s7_11901,37,1,valid,0.9820675422126519,1.0,0.11027752489270948,identity_without_rescale_tags
,4CH,4ch_s7_11901,38,1,valid,0.9794915911761768,1.0,0.11468212997331388,identity_without_rescale_tags
,4CH,4ch_s7_11901,39,1,valid,0.9874542134758783,1.0,0.09451906355688816,identity_without_rescale_tags
,4CH,4ch_s7_11901,40,1,valid,0.9865603142695251,1.0,0.08582418322399242,identity_without_rescale_tags
,4CH,4ch_s7_11901,41,1,valid,0.9868899891054255,1.0,0.0843714838800594,identity_without_rescale_tags
,4CH,4ch_s7_11901,42,1,valid,0.9804855443719961,1.0,0.0955101373793461,identity_without_rescale_tags
,4CH,4ch_s7_11901,43,1,valid,0.9895536793865899,1.0,0.08238793671747113,identity_without_rescale_tags
,4CH,4ch_s7_11901,44,1,valid,0.9923051386011147,1.0,0.07472665401323265,identity_without_rescale_tags
,4CH,4ch_s7_11901,45,1,valid,0.9740213746242302,0.9982768523836876,0.11169580157757518,identity_without_rescale_tags
,4CH,4ch_s7_11901,46,1,valid,0.9714310176712573,1.0,0.124736695552532,identity_without_rescale_tags
,4CH,4ch_s7_11901,47,1,valid,0.9868055680514863,1.0,0.0942035261493687,identity_without_rescale_tags
,4CH,4ch_s7_11901,48,1,valid,0.9797470980185309,1.0,0.1043676847278549,identity_without_rescale_tags
,4CH,4ch_s7_11901,49,1,valid,0.9567329431729534,1.0,0.1399619406551756,identity_without_rescale_tags
,4CH,4ch_s8_12001,0,1,valid,0.9672695714154326,1.0287600188590287,0.1754610738467599,identity_without_rescale_tags
,4CH,4ch_s8_12001,1,1,valid,0.968634247271528,1.0075566750629723,0.1552794122726978,identity_without_rescale_tags
,4CH,4ch_s8_12001,2,1,valid,0.977612655000238,1.02204228520018,0.1355429897936567,identity_without_rescale_tags
,4CH,4ch_s8_12001,3,1,valid,0.979937138582291,1.0,0.11611643585744846,identity_without_rescale_tags
,4CH,4ch_s8_12001,4,1,valid,0.9859449105935901,1.0,0.09563406607572093,identity_without_rescale_tags
,4CH,4ch_s8_12001,5,1,valid,0.9780815542910425,1.0,0.10760779451871286,identity_without_rescale_tags
,4CH,4ch_s8_12001,6,1,valid,0.9843661682203078,1.0052606408417026,0.09023500620001244,identity_without_rescale_tags
,4CH,4ch_s8_12001,7,1,valid,0.9924384303717191,1.0,0.07123670182515791,identity_without_rescale_tags
,4CH,4ch_s8_12001,8,1,valid,0.977089966910916,1.0,0.09889958050772131,identity_without_rescale_tags
,4CH,4ch_s8_12001,9,1,valid,0.9771632828944367,1.0,0.10743065402544925,identity_without_rescale_tags
,4CH,4ch_s8_12001,10,1,valid,0.988039860552275,1.0,0.08226143324983928,identity_without_rescale_tags
,4CH,4ch_s8_12001,11,1,valid,0.9927740795238836,1.0,0.07223888311760529,identity_without_rescale_tags
,4CH,4ch_s8_12001,12,1,valid,0.9789582320851463,1.0,0.10519301784211285,identity_without_rescale_tags
,4CH,4ch_s8_12001,13,1,valid,0.980161458351601,1.0,0.12322343461304175,identity_without_rescale_tags
,4CH,4ch_s8_12001,14,1,valid,0.9692656553157569,1.0,0.139853999162532,identity_without_rescale_tags
,4CH,4ch_s8_12001,15,1,valid,0.9782719235821922,0.9931972789115646,0.12408167428694238,identity_without_rescale_tags
,4CH,4ch_s8_12001,16,1,valid,0.9813066539843637,1.0,0.1167732879718867,identity_without_rescale_tags
,4CH,4ch_s8_12001,17,1,valid,0.9818031619330454,1.0,0.11259037113987484,identity_without_rescale_tags
,4CH,4ch_s8_12001,18,1,valid,0.9883590272682229,1.0,0.08808095130974437,identity_without_rescale_tags
,4CH,4ch_s8_12001,19,1,valid,0.9793679636170138,1.0,0.09748687980817433,identity_without_rescale_tags
,4CH,4ch_s8_12001,20,1,valid,0.9833190100585728,1.0,0.09368067614168207,identity_without_rescale_tags
,4CH,4ch_s8_12001,21,1,valid,0.9907208033229145,1.0,0.07679661743803874,identity_without_rescale_tags
,4CH,4ch_s8_12001,22,1,valid,0.9926107633498323,1.0,0.07011224935989303,identity_without_rescale_tags
,4CH,4ch_s8_12001,23,1,valid,0.9744045654809949,1.0,0.10624438142371248,identity_without_rescale_tags
,4CH,4ch_s8_12001,24,1,valid,0.9738308081652356,1.0,0.1095909887093472,identity_without_rescale_tags
,4CH,4ch_s8_12001,25,1,valid,0.9899835998468046,1.0120967741935485,0.08175380172041954,identity_without_rescale_tags
,4CH,4ch_s8_12001,26,1,valid,0.9843219766936371,1.0,0.09113804657636504,identity_without_rescale_tags
,4CH,4ch_s8_12001,27,1,valid,0.9707985188040894,1.0,0.11774534906155558,identity_without_rescale_tags
,4CH,4ch_s8_12001,28,1,valid,0.9761270544976249,1.0,0.10768446412578535,identity_without_rescale_tags
,4CH,4ch_s8_12001,29,1,valid,0.9893368515399678,1.0,0.08416606215630322,identity_without_rescale_tags
,4CH,4ch_s8_12001,30,1,valid,0.9707350303894444,1.0,0.11454007503511217,identity_without_rescale_tags
,4CH,4ch_s8_12001,31,1,valid,0.9674456714376067,1.0,0.1256622231995491,identity_without_rescale_tags
,4CH,4ch_s8_12001,32,1,valid,0.9781926916632215,1.0,0.10697053106762007,identity_without_rescale_tags
,4CH,4ch_s8_12001,33,1,valid,0.9866012700232931,1.0,0.09242858141848884,identity_without_rescale_tags
,4CH,4ch_s8_12001,34,1,valid,0.9660100042690817,1.0,0.12530172860475638,identity_without_rescale_tags
,4CH,4ch_s8_12001,35,1,valid,0.9688906028006112,1.0,0.12605873565920275,identity_without_rescale_tags
,4CH,4ch_s8_12001,36,1,valid,0.9852733073395363,1.0,0.09150686108730983,identity_without_rescale_tags
,4CH,4ch_s8_12001,37,1,valid,0.9896805903876511,0.9945652173913043,0.08446640784907831,identity_without_rescale_tags
,4CH,4ch_s8_12001,38,1,valid,0.9807193641789906,0.997289972899729,0.11239879127644564,identity_without_rescale_tags
,4CH,4ch_s8_12001,39,1,valid,0.9754187921706511,1.0,0.13499832759153804,identity_without_rescale_tags
,4CH,4ch_s8_12001,40,1,valid,0.9731416759589272,1.0,0.1317725170632002,identity_without_rescale_tags
,4CH,4ch_s8_12001,41,1,valid,0.9784395832091445,0.9942618675013041,0.11677269282387392,identity_without_rescale_tags
,4CH,4ch_s8_12001,42,1,valid,0.9865145071490615,1.0,0.09811835091257896,identity_without_rescale_tags
,4CH,4ch_s8_12001,43,1,valid,0.9842981736501368,1.0,0.09472982810000077,identity_without_rescale_tags
,4CH,4ch_s8_12001,44,1,valid,0.9924232513436063,1.0,0.0697332192556982,identity_without_rescale_tags
,4CH,4ch_s8_12001,45,1,valid,0.9789246512317812,0.999247554552295,0.09567958365878326,identity_without_rescale_tags
,4CH,4ch_s8_12001,46,1,valid,0.9818023373581564,1.0,0.09914601853045427,identity_without_rescale_tags
,4CH,4ch_s8_12001,47,1,valid,0.9905542398442427,1.0,0.07663285199985509,identity_without_rescale_tags
,4CH,4ch_s8_12001,48,1,valid,0.990551054659068,1.0,0.07649836424129526,identity_without_rescale_tags
,4CH,4ch_s8_12001,49,1,valid,0.9725140116647214,0.9968374446552815,0.11288326160456859,identity_without_rescale_tags
,4CH,4ch_s9_12101,0,1,valid,0.9689623807442821,1.0316322226908476,0.16173796384689584,identity_without_rescale_tags
,4CH,4ch_s9_12101,1,1,valid,0.9720348986537295,1.0290456431535269,0.14482868650834338,identity_without_rescale_tags
,4CH,4ch_s9_12101,2,1,valid,0.9854089787477611,1.0140845070422535,0.1001508879221128,identity_without_rescale_tags
,4CH,4ch_s9_12101,3,1,valid,0.9764605749901093,1.0005797101449276,0.10254192942296185,identity_without_rescale_tags
,4CH,4ch_s9_12101,4,1,valid,0.9816640525922361,1.0096153846153846,0.10102462571115695,identity_without_rescale_tags
,4CH,4ch_s9_12101,5,1,valid,0.9902498215078515,1.003467062902427,0.07935116057049357,identity_without_rescale_tags
,4CH,4ch_s9_12101,6,1,valid,0.9916156797804913,1.0,0.07167849358717837,identity_without_rescale_tags
,4CH,4ch_s9_12101,7,1,valid,0.9727007761673635,1.0,0.10594043138153031,identity_without_rescale_tags
,4CH,4ch_s9_12101,8,1,valid,0.973861613943378,1.0026497085320614,0.11169377933478632,identity_without_rescale_tags
,4CH,4ch_s9_12101,9,1,valid,0.9887060048592361,1.0,0.08358391579237476,identity_without_rescale_tags
,4CH,4ch_s9_12101,10,1,valid,0.9778230702992846,1.0,0.10375339685366258,identity_without_rescale_tags
,4CH,4ch_s9_12101,11,1,valid,0.9582496851152998,1.0,0.13677063410043516,identity_without_rescale_tags
,4CH,4ch_s9_12101,12,1,valid,0.9540235188476234,1.0064516129032257,0.13067667423654084,identity_without_rescale_tags
,4CH,4ch_s9_12101,13,1,valid,0.9806700352324287,1.0,0.10673147752541821,identity_without_rescale_tags
,4CH,4ch_s9_12101,14,1,valid,0.9562716759487705,1.0,0.1414276229110425,identity_without_rescale_tags
,4CH,4ch_s9_12101,15,1,valid,0.9409253257271544,1.0,0.16276265808441895,identity_without_rescale_tags
,4CH,4ch_s9_12101,16,1,valid,0.9557546851556736,1.000472366556448,0.13831649387286912,identity_without_rescale_tags
,4CH,4ch_s9_12101,17,1,valid,0.9797710693989586,0.9978438982319966,0.1075358117190111,identity_without_rescale_tags
,4CH,4ch_s9_12101,18,1,valid,0.9649699992789479,0.9990521327014218,0.1301900833076282,identity_without_rescale_tags
,4CH,4ch_s9_12101,19,1,valid,0.9687414029306282,1.0,0.1402291346811473,identity_without_rescale_tags
,4CH,4ch_s9_12101,20,1,valid,0.973926418473713,1.0,0.1337185300781809,identity_without_rescale_tags
,4CH,4ch_s9_12101,21,1,valid,0.9775989301637814,0.9941520467836257,0.12926466758990646,identity_without_rescale_tags
,4CH,4ch_s9_12101,22,1,valid,0.9705754272699093,0.9943449575871819,0.13857180008658304,identity_without_rescale_tags
,4CH,4ch_s9_12101,23,1,valid,0.9592142385197017,1.0,0.1538975254401684,identity_without_rescale_tags
,4CH,4ch_s9_12101,24,1,valid,0.9671770714840732,1.0,0.12961044323101678,identity_without_rescale_tags
,4CH,4ch_s9_12101,25,1,valid,0.9736492188752414,0.991869918699187,0.11446250672605227,identity_without_rescale_tags
,4CH,4ch_s9_12101,26,1,valid,0.9852103525421966,1.0,0.09410819610479303,identity_without_rescale_tags
,4CH,4ch_s9_12101,27,1,valid,0.9844942591927774,1.0,0.08816343101157038,identity_without_rescale_tags
,4CH,4ch_s9_12101,28,1,valid,0.990446795960464,1.0,0.07643951238895257,identity_without_rescale_tags
,4CH,4ch_s9_12101,29,1,valid,0.9778090069236611,1.0,0.09718884302914634,identity_without_rescale_tags
,4CH,4ch_s9_12101,30,1,valid,0.9783988728032663,1.0009881422924902,0.09553683198959967,identity_without_rescale_tags
,4CH,4ch_s9_12101,31,1,valid,0.9895853489554632,1.0,0.07863355195140138,identity_without_rescale_tags
,4CH,4ch_s9_12101,32,1,valid,0.9753726327259687,1.0,0.10498440099034462,identity_without_rescale_tags
,4CH,4ch_s9_12101,33,1,valid,0.9607550818214444,1.0,0.13216613077280848,identity_without_rescale_tags
,4CH,4ch_s9_12101,34,1,valid,0.9772163649720599,1.0,0.10635446029109893,identity_without_rescale_tags
,4CH,4ch_s9_12101,35,1,valid,0.9909639935482769,1.0,0.07795887302376343,identity_without_rescale_tags
,4CH,4ch_s9_12101,36,1,valid,0.9759112097399013,0.9916963226571768,0.11250966694334469,identity_without_rescale_tags
,4CH,4ch_s9_12101,37,1,valid,0.9770422660885929,1.0,0.12895427014100352,identity_without_rescale_tags
,4CH,4ch_s9_12101,38,1,valid,0.9660991003627752,1.0141458106637649,0.14806653483436286,identity_without_rescale_tags
,4CH,4ch_s9_12101,39,1,valid,0.9683767951828809,0.9855072463768116,0.1487916224632738,identity_without_rescale_tags
,4CH,4ch_s9_12101,40,1,valid,0.9683953950121511,0.9946308724832215,0.14884462046183405,identity_without_rescale_tags
,4CH,4ch_s9_12101,41,1,valid,0.9633154164722411,1.0,0.15053678168532664,identity_without_rescale_tags
,4CH,4ch_s9_12101,42,1,valid,0.9746072521373154,1.0,0.1231592245928572,identity_without_rescale_tags
,4CH,4ch_s9_12101,43,1,valid,0.9724923199425772,0.9942401417811254,0.12066145457149732,identity_without_rescale_tags
,4CH,4ch_s9_12101,44,1,valid,0.9843823592139209,1.0,0.09631959142456213,identity_without_rescale_tags
,4CH,4ch_s9_12101,45,1,valid,0.986854500846843,1.0,0.08258909632910573,identity_without_rescale_tags
,4CH,4ch_s9_12101,46,1,valid,0.9893008004298537,1.0,0.0777205972952516,identity_without_rescale_tags
,4CH,4ch_s9_12101,47,1,valid,0.9738647538473001,1.0,0.10893241756969319,identity_without_rescale_tags
,4CH,4ch_s9_12101,48,1,valid,0.9746788637724256,1.0,0.09896446246631899,identity_without_rescale_tags
,4CH,4ch_s9_12101,49,1,valid,0.9893429291399302,1.0,0.08029709083527667,identity_without_rescale_tags
,SAX,SAX_s10_1701,0,1,valid,0.9312045903924699,1.048217429403731,0.17281370638004898,identity_without_rescale_tags
,SAX,SAX_s10_1701,1,1,valid,0.952563415325732,1.0271096002911724,0.13988069200658212,identity_without_rescale_tags
,SAX,SAX_s10_1701,2,1,valid,0.9355048111600303,1.0166373973137808,0.148272970593176,identity_without_rescale_tags
,SAX,SAX_s10_1701,3,1,valid,0.9688176112564895,1.0146708595387839,0.11194049839970552,identity_without_rescale_tags
,SAX,SAX_s10_1701,4,1,valid,0.969964235859272,1.006660329531052,0.1055790294931455,identity_without_rescale_tags
,SAX,SAX_s10_1701,5,1,valid,0.9735879600785708,1.0036297760210804,0.09806407198812121,identity_without_rescale_tags
,SAX,SAX_s10_1701,6,1,valid,0.935252492374145,1.003045697835854,0.13542772296077776,identity_without_rescale_tags
,SAX,SAX_s10_1701,7,1,valid,0.9596541431844263,1.0,0.11650017668797648,identity_without_rescale_tags
,SAX,SAX_s10_1701,8,1,valid,0.9676147789714465,0.9952418685382236,0.10452412146679595,identity_without_rescale_tags
,SAX,SAX_s10_1701,9,1,valid,0.9692839801336685,0.9972789065276626,0.10601240778573903,identity_without_rescale_tags
,SAX,SAX_s10_1701,10,1,valid,0.960012931192156,1.0013541116587454,0.118426454672103,identity_without_rescale_tags
,SAX,SAX_s10_1701,11,1,valid,0.9447182660181469,1.0057603763091914,0.13783276562167368,identity_without_rescale_tags
,SAX,SAX_s10_1701,12,1,valid,0.9427084322607827,1.0054054054054054,0.14464039125984174,identity_without_rescale_tags
,SAX,SAX_s10_1701,13,1,valid,0.9161962412642195,1.0081729952991014,0.1807213655362006,identity_without_rescale_tags
,SAX,SAX_s10_1701,14,1,valid,0.9162963395684226,1.0068931577518327,0.17911537336767624,identity_without_rescale_tags
,SAX,SAX_s10_1701,15,1,valid,0.9081143895524256,0.9949341230695006,0.17718814088646884,identity_without_rescale_tags
,SAX,SAX_s10_1701,16,1,valid,0.9472569879496321,0.9877551020408163,0.1374954553399695,identity_without_rescale_tags
,SAX,SAX_s10_1701,17,1,valid,0.9556708121631954,0.9937943213639289,0.12167491953521463,identity_without_rescale_tags
,SAX,SAX_s10_1701,18,1,valid,0.9684539527755622,0.997598076923077,0.10799586460556856,identity_without_rescale_tags
,SAX,SAX_s10_1701,19,1,valid,0.9431992729558721,1.0,0.12844530358260106,identity_without_rescale_tags
,SAX,SAX_s10_1701,20,1,valid,0.9646869347947666,1.0,0.11391954699531572,identity_without_rescale_tags
,SAX,SAX_s10_1701,21,1,valid,0.9642295789366274,1.0,0.11042657486378767,identity_without_rescale_tags
,SAX,SAX_s10_1701,22,1,valid,0.9612200764701533,1.0,0.11808096394952092,identity_without_rescale_tags
,SAX,SAX_s10_1701,23,1,valid,0.94751848965772,0.9969788519637462,0.13298987279348834,identity_without_rescale_tags
,SAX,SAX_s10_1701,24,1,valid,0.9395324628097911,0.9934640522875817,0.14256346042097404,identity_without_rescale_tags
,SAX,SAX_s10_1701,25,1,valid,0.9645551755500873,0.9922632987412678,0.11652965847562202,identity_without_rescale_tags
,SAX,SAX_s10_1701,26,1,valid,0.9660181706455498,0.9956308015367361,0.1116886410303568,identity_without_rescale_tags
,SAX,SAX_s10_1701,27,1,valid,0.9595538680977624,1.0011508455205091,0.12581772450535134,identity_without_rescale_tags
,SAX,SAX_s10_1701,28,1,valid,0.9346882623774804,1.0108493500815552,0.15440360186776503,identity_without_rescale_tags
,SAX,SAX_s10_1701,29,1,valid,0.9435564019651751,1.006016045468864,0.15027555206696694,identity_without_rescale_tags
,SAX,SAX_s10_1701,30,1,valid,0.9305603953205336,1.0,0.1624402218310827,identity_without_rescale_tags
,SAX,SAX_s10_1701,31,1,valid,0.9476734785926035,0.9911911478666318,0.14008036709539115,identity_without_rescale_tags
,SAX,SAX_s10_1701,32,1,valid,0.9471311849692812,0.9926629816409376,0.13370180006447713,identity_without_rescale_tags
,SAX,SAX_s10_1701,33,1,valid,0.9666470577797418,0.995581192269934,0.10738682062761042,identity_without_rescale_tags
,SAX,SAX_s10_1701,34,1,valid,0.9674478042913975,1.0,0.10930195882167688,identity_without_rescale_tags
,SAX,SAX_s10_1701,35,1,valid,0.9658485915463247,0.9977511231740519,0.11276241410913264,identity_without_rescale_tags
,SAX,SAX_s10_1701,36,1,valid,0.957292438517169,0.9964460176767598,0.11959107459054426,identity_without_rescale_tags
,SAX,SAX_s10_1701,37,1,valid,0.9419679601324306,0.9953757163630143,0.13777597118854726,identity_without_rescale_tags
,SAX,SAX_s10_1701,38,1,valid,0.9510478140668632,0.9964788732394366,0.13111238495230917,identity_without_rescale_tags
,SAX,SAX_s10_1701,39,1,valid,0.9502703029572238,0.9938455225529497,0.1331629858469909,identity_without_rescale_tags
,SAX,SAX_s10_1701,40,1,valid,0.9520752403065404,0.9939249857936601,0.13454695221969426,identity_without_rescale_tags
,SAX,SAX_s10_1701,41,1,valid,0.9329596829151626,0.9956140350877193,0.14876021796987735,identity_without_rescale_tags
,SAX,SAX_s10_1701,42,1,valid,0.9647199554387371,0.9942893378023372,0.11883624964848256,identity_without_rescale_tags
,SAX,SAX_s10_1701,43,1,valid,0.9597724918406155,1.0,0.12377845360230233,identity_without_rescale_tags
,SAX,SAX_s10_1701,44,1,valid,0.9517164597737876,1.007462686567164,0.13881621962221444,identity_without_rescale_tags
,SAX,SAX_s10_1701,45,1,valid,0.9283453732744096,1.0167020160201203,0.16811197744442286,identity_without_rescale_tags
,SAX,SAX_s10_1701,46,1,valid,0.9332387162077627,1.0056388613879275,0.16162341777436676,identity_without_rescale_tags
,SAX,SAX_s10_1701,47,1,valid,0.919720192115351,1.003921568627451,0.1758687141977763,identity_without_rescale_tags
,SAX,SAX_s10_1701,48,1,valid,0.9324996382236901,0.9940828402366864,0.15909226322017353,identity_without_rescale_tags
,SAX,SAX_s10_1701,49,1,valid,0.9293478173176094,0.9900412574453255,0.15579156852155232,identity_without_rescale_tags
,SAX,SAX_s11_1801,0,1,valid,0.9589692614177937,1.0611709577595885,0.14574422243803015,identity_without_rescale_tags
,SAX,SAX_s11_1801,1,1,valid,0.9694125654667077,1.0384615384615385,0.12085060165107045,identity_without_rescale_tags
,SAX,SAX_s11_1801,2,1,valid,0.9721651129892501,1.025,0.11161119753771152,identity_without_rescale_tags
,SAX,SAX_s11_1801,3,1,valid,0.9748085749069718,1.0075700270480907,0.1015680761184897,identity_without_rescale_tags
,SAX,SAX_s11_1801,4,1,valid,0.9476893306531053,1.0019392404745937,0.12409438499086933,identity_without_rescale_tags
,SAX,SAX_s11_1801,5,1,valid,0.9809146196819755,1.0,0.09009099854523991,identity_without_rescale_tags
,SAX,SAX_s11_1801,6,1,valid,0.9750308069613006,1.0,0.09789961305957502,identity_without_rescale_tags
,SAX,SAX_s11_1801,7,1,valid,0.9634669058926382,1.0045620475934782,0.12038307605574826,identity_without_rescale_tags
,SAX,SAX_s11_1801,8,1,valid,0.9418013245319538,1.0138248847926268,0.15124359019613418,identity_without_rescale_tags
,SAX,SAX_s11_1801,9,1,valid,0.9330107954359391,1.0091743119266054,0.16612378566244124,identity_without_rescale_tags
,SAX,SAX_s11_1801,10,1,valid,0.9277287429405235,1.0033512199833337,0.17159445249518063,identity_without_rescale_tags
,SAX,SAX_s11_1801,11,1,valid,0.9358041604185333,0.99546588051963,0.15810806498543867,identity_without_rescale_tags
,SAX,SAX_s11_1801,12,1,valid,0.9555247734809676,0.9902498440331541,0.12986588117459077,identity_without_rescale_tags
,SAX,SAX_s11_1801,13,1,valid,0.9341586672244606,0.9989841970152211,0.1389737606581874,identity_without_rescale_tags
,SAX,SAX_s11_1801,14,1,valid,0.9690353099484753,1.0018416206261511,0.1120895160126527,identity_without_rescale_tags
,SAX,SAX_s11_1801,15,1,valid,0.9712061172566161,1.0,0.10726588131360808,identity_without_rescale_tags
,SAX,SAX_s11_1801,16,1,valid,0.9698071835149533,1.0,0.10858897588342628,identity_without_rescale_tags
,SAX,SAX_s11_1801,17,1,valid,0.9549138734468368,0.9987293519695044,0.11986147657062683,identity_without_rescale_tags
,SAX,SAX_s11_1801,18,1,valid,0.941640710384352,1.0,0.140372976481881,identity_without_rescale_tags
,SAX,SAX_s11_1801,19,1,valid,0.9544172604611285,1.0,0.13089525151949677,identity_without_rescale_tags
,SAX,SAX_s11_1801,20,1,valid,0.9589569350543308,0.9948647717363788,0.12501616085695225,identity_without_rescale_tags
,SAX,SAX_s11_1801,21,1,valid,0.9678556995786578,0.9942196531791907,0.11562596605186798,identity_without_rescale_tags
,SAX,SAX_s11_1801,22,1,valid,0.957686715679703,1.0,0.12182773108668031,identity_without_rescale_tags
,SAX,SAX_s11_1801,23,1,valid,0.9600584560210328,1.0,0.12070549150695772,identity_without_rescale_tags
,SAX,SAX_s11_1801,24,1,valid,0.9581255975661847,1.0066401062416999,0.13137068844402583,identity_without_rescale_tags
,SAX,SAX_s11_1801,25,1,valid,0.9397671435326674,1.00921188273157,0.16197897574180442,identity_without_rescale_tags
,SAX,SAX_s11_1801,26,1,valid,0.9264045296755652,1.0090744101633393,0.18261539803929597,identity_without_rescale_tags
,SAX,SAX_s11_1801,27,1,valid,0.9032183611013115,1.0,0.19712876010543107,identity_without_rescale_tags
,SAX,SAX_s11_1801,28,1,valid,0.9385771798272333,0.9861751152073732,0.15536243891271073,identity_without_rescale_tags
,SAX,SAX_s11_1801,29,1,valid,0.9521049025760259,0.9900685735756892,0.1321103149573653,identity_without_rescale_tags
,SAX,SAX_s11_1801,30,1,valid,0.9623167683603543,0.9986541038962555,0.11846194462517991,identity_without_rescale_tags
,SAX,SAX_s11_1801,31,1,valid,0.9389403635395278,1.0,0.13673237702975205,identity_without_rescale_tags
,SAX,SAX_s11_1801,32,1,valid,0.953210923557582,1.0,0.13188260587565243,identity_without_rescale_tags
,SAX,SAX_s11_1801,33,1,valid,0.9581676706739185,0.9990171703004802,0.12435432560495566,identity_without_rescale_tags
,SAX,SAX_s11_1801,34,1,valid,0.9575800687893098,0.995051254242032,0.12539224595970525,identity_without_rescale_tags
,SAX,SAX_s11_1801,35,1,valid,0.9555589021394549,0.9897884701325785,0.1289644828136102,identity_without_rescale_tags
,SAX,SAX_s11_1801,36,1,valid,0.924827021841604,0.9918089127924625,0.15877649210262998,identity_without_rescale_tags
,SAX,SAX_s11_1801,37,1,valid,0.9520586494667038,0.9897642670053179,0.13637863551164417,identity_without_rescale_tags
,SAX,SAX_s11_1801,38,1,valid,0.9629953141160931,0.9937603982547802,0.12271240845546852,identity_without_rescale_tags
,SAX,SAX_s11_1801,39,1,valid,0.9674856909298831,0.9936777454584491,0.11333331308793572,identity_without_rescale_tags
,SAX,SAX_s11_1801,40,1,valid,0.9535345729833746,1.0,0.12417284325446465,identity_without_rescale_tags
,SAX,SAX_s11_1801,41,1,valid,0.9548180271694413,1.0,0.12748790965306891,identity_without_rescale_tags
,SAX,SAX_s11_1801,42,1,valid,0.9555281304799271,1.0053877556764954,0.13494252849116925,identity_without_rescale_tags
,SAX,SAX_s11_1801,43,1,valid,0.936820614522904,1.0087514615553501,0.16347309744903696,identity_without_rescale_tags
,SAX,SAX_s11_1801,44,1,valid,0.9274598884954286,1.0067317409174743,0.17507603707334382,identity_without_rescale_tags
,SAX,SAX_s11_1801,45,1,valid,0.9037375659183227,1.0005680240215133,0.18994097724768277,identity_without_rescale_tags
,SAX,SAX_s11_1801,46,1,valid,0.9308221089675701,0.9882005899705014,0.16010623143578503,identity_without_rescale_tags
,SAX,SAX_s11_1801,47,1,valid,0.9372491995751437,0.987562187484017,0.1512810253603678,identity_without_rescale_tags
,SAX,SAX_s11_1801,48,1,valid,0.9477348021601855,0.9859154929577465,0.13909283418995838,identity_without_rescale_tags
,SAX,SAX_s11_1801,49,1,valid,0.9267657990676738,0.9930749978305846,0.14824511876785115,identity_without_rescale_tags
,SAX,SAX_s12_1901,0,1,valid,0.9434649636588603,1.0520833333333333,0.16197784609442767,identity_without_rescale_tags
,SAX,SAX_s12_1901,1,1,valid,0.9437884892320709,1.0294117647058822,0.15082531644271566,identity_without_rescale_tags
,SAX,SAX_s12_1901,2,1,valid,0.9511812503079018,1.01,0.13834845177401653,identity_without_rescale_tags
,SAX,SAX_s12_1901,3,1,valid,0.931620824308674,1.0061109371603771,0.1503869455559651,identity_without_rescale_tags
,SAX,SAX_s12_1901,4,1,valid,0.9611381348891773,1.0024715792817394,0.1225396076017541,identity_without_rescale_tags
,SAX,SAX_s12_1901,5,1,valid,0.9612487298016658,1.007850063857354,0.11839780843218342,identity_without_rescale_tags
,SAX,SAX_s12_1901,6,1,valid,0.9539677385830283,1.0129198966408268,0.13710089019237517,identity_without_rescale_tags
,SAX,SAX_s12_1901,7,1,valid,0.930548576174322,1.020756394009552,0.16787687375386584,identity_without_rescale_tags
,SAX,SAX_s12_1901,8,1,valid,0.9263096514903956,1.0151515151515151,0.17727102910452577,identity_without_rescale_tags
,SAX,SAX_s12_1901,9,1,valid,0.9254973544685129,1.01127941171125,0.17584247727427382,identity_without_rescale_tags
,SAX,SAX_s12_1901,10,1,valid,0.9323045582767611,0.9972027479578105,0.1612820683379194,identity_without_rescale_tags
,SAX,SAX_s12_1901,11,1,valid,0.9415520463678112,0.9919536025696003,0.14082366221429274,identity_without_rescale_tags
,SAX,SAX_s12_1901,12,1,valid,0.9340911995920156,0.991725768321513,0.14638561195363678,identity_without_rescale_tags
,SAX,SAX_s12_1901,13,1,valid,0.9656199677723707,0.9986263710345427,0.11055621438581224,identity_without_rescale_tags
,SAX,SAX_s12_1901,14,1,valid,0.9649745364495868,0.9979345952802126,0.11015668843931638,identity_without_rescale_tags
,SAX,SAX_s12_1901,15,1,valid,0.9730159663229698,0.996742671009772,0.09698906205824323,identity_without_rescale_tags
,SAX,SAX_s12_1901,16,1,valid,0.9345319860701314,1.0,0.13700267838007874,identity_without_rescale_tags
,SAX,SAX_s12_1901,17,1,valid,0.9664216765166594,1.0,0.11222581632614323,identity_without_rescale_tags
,SAX,SAX_s12_1901,18,1,valid,0.9604629685847338,1.0,0.12004215834433937,identity_without_rescale_tags
,SAX,SAX_s12_1901,19,1,valid,0.9595926877144386,0.9979163766313492,0.1227515083773784,identity_without_rescale_tags
,SAX,SAX_s12_1901,20,1,valid,0.9260974914652221,0.9955156950672646,0.1548707356425826,identity_without_rescale_tags
,SAX,SAX_s12_1901,21,1,valid,0.955798062162155,0.9896061899526103,0.12872920081536526,identity_without_rescale_tags
,SAX,SAX_s12_1901,22,1,valid,0.964489621334026,0.9952127646029778,0.10973167653968416,identity_without_rescale_tags
,SAX,SAX_s12_1901,23,1,valid,0.9668305109129288,0.9989837135972717,0.10880804290074089,identity_without_rescale_tags
,SAX,SAX_s12_1901,24,1,valid,0.9499692952790448,1.0076536205323894,0.13277616881464702,identity_without_rescale_tags
,SAX,SAX_s12_1901,25,1,valid,0.9543836587039483,1.0057515751773658,0.13410708555373554,identity_without_rescale_tags
,SAX,SAX_s12_1901,26,1,valid,0.9457252456661941,1.003724197017076,0.1492153908339943,identity_without_rescale_tags
,SAX,SAX_s12_1901,27,1,valid,0.9411720848103502,1.0,0.15428677130099006,identity_without_rescale_tags
,SAX,SAX_s12_1901,28,1,valid,0.9427874081777551,0.9935045757550187,0.14081250710639476,identity_without_rescale_tags
,SAX,SAX_s12_1901,29,1,valid,0.9476354447792161,0.988799000018587,0.13567840190864158,identity_without_rescale_tags
,SAX,SAX_s12_1901,30,1,valid,0.9631406103857889,0.9958462732919255,0.11623534719681825,identity_without_rescale_tags
,SAX,SAX_s12_1901,31,1,valid,0.9677248844095162,0.9960505504584294,0.10889582502522548,identity_without_rescale_tags
,SAX,SAX_s12_1901,32,1,valid,0.97162883944783,0.9920997188576215,0.10025158914975307,identity_without_rescale_tags
,SAX,SAX_s12_1901,33,1,valid,0.946854731656388,0.9983916300089375,0.1264064737590242,identity_without_rescale_tags
,SAX,SAX_s12_1901,34,1,valid,0.9686339994815482,0.9986693132842022,0.10903544065413599,identity_without_rescale_tags
,SAX,SAX_s12_1901,35,1,valid,0.9665714938298745,0.9972144846796658,0.1116253308384123,identity_without_rescale_tags
,SAX,SAX_s12_1901,36,1,valid,0.9677548328473385,0.9922480620155039,0.11174668403363142,identity_without_rescale_tags
,SAX,SAX_s12_1901,37,1,valid,0.9328876790473419,0.994187582157029,0.14599950871695996,identity_without_rescale_tags
,SAX,SAX_s12_1901,38,1,valid,0.9599574189332694,0.992730575509867,0.1254264342227725,identity_without_rescale_tags
,SAX,SAX_s12_1901,39,1,valid,0.9645882618355014,0.9916492678552251,0.11795230265504912,identity_without_rescale_tags
,SAX,SAX_s12_1901,40,1,valid,0.969859952836727,0.9955947136563876,0.10805961386228327,identity_without_rescale_tags
,SAX,SAX_s12_1901,41,1,valid,0.9468052485308247,1.0,0.12681165097059785,identity_without_rescale_tags
,SAX,SAX_s12_1901,42,1,valid,0.9614377529896513,1.003576218863955,0.1212191282322385,identity_without_rescale_tags
,SAX,SAX_s12_1901,43,1,valid,0.9501181088632645,1.0078328981723237,0.14411211432976317,identity_without_rescale_tags
,SAX,SAX_s12_1901,44,1,valid,0.9305865804622439,1.0108303249097472,0.1741690972512722,identity_without_rescale_tags
,SAX,SAX_s12_1901,45,1,valid,0.9089838961430459,1.013157894736842,0.196663332105572,identity_without_rescale_tags
,SAX,SAX_s12_1901,46,1,valid,0.9033128496273769,1.005181347150259,0.20042348153519043,identity_without_rescale_tags
,SAX,SAX_s12_1901,47,1,valid,0.9161673316018002,0.994368027132043,0.18220510129876025,identity_without_rescale_tags
,SAX,SAX_s12_1901,48,1,valid,0.9206695477409723,0.9887164996215845,0.17843087598157137,identity_without_rescale_tags
,SAX,SAX_s12_1901,49,1,valid,0.9211899019308714,0.9903881687418272,0.16730730682269662,identity_without_rescale_tags
,SAX,SAX_s13_2001,0,1,valid,0.9487331033641964,1.0576923076923077,0.1554105478861933,identity_without_rescale_tags
,SAX,SAX_s13_2001,1,1,valid,0.9475208903924801,1.036223219724994,0.1437499518763269,identity_without_rescale_tags
,SAX,SAX_s13_2001,2,1,valid,0.9485443167063804,1.0191780821917809,0.13733049091717975,identity_without_rescale_tags
,SAX,SAX_s13_2001,3,1,valid,0.9253182429265076,1.0113636363636365,0.1591392268579281,identity_without_rescale_tags
,SAX,SAX_s13_2001,4,1,valid,0.9448140831409547,1.001291434448444,0.14218102399584528,identity_without_rescale_tags
,SAX,SAX_s13_2001,5,1,valid,0.9505535722783348,1.0,0.13171974964663793,identity_without_rescale_tags
,SAX,SAX_s13_2001,6,1,valid,0.9496620000394567,1.0008439034916239,0.13034290379359795,identity_without_rescale_tags
,SAX,SAX_s13_2001,7,1,valid,0.9483317916671022,1.0120481927710843,0.13749431513792384,identity_without_rescale_tags
,SAX,SAX_s13_2001,8,1,valid,0.9417485643847482,1.0133484874210525,0.14934702725189372,identity_without_rescale_tags
,SAX,SAX_s13_2001,9,1,valid,0.9421580936365935,1.0062949691195535,0.15273134297173954,identity_without_rescale_tags
,SAX,SAX_s13_2001,10,1,valid,0.9226815297043562,1.0049019607843137,0.18232788243871373,identity_without_rescale_tags
,SAX,SAX_s13_2001,11,1,valid,0.9257895804416214,1.0048076923076923,0.17850702167200314,identity_without_rescale_tags
,SAX,SAX_s13_2001,12,1,valid,0.9085208743537905,0.9980268199860243,0.18047975599528152,identity_without_rescale_tags
,SAX,SAX_s13_2001,13,1,valid,0.9393207885147898,0.9868421052631579,0.14671347217350733,identity_without_rescale_tags
,SAX,SAX_s13_2001,14,1,valid,0.9421892734949776,0.9892367803018336,0.14349399612899108,identity_without_rescale_tags
,SAX,SAX_s13_2001,15,1,valid,0.9647328826685775,0.9935454112605642,0.11459769127357937,identity_without_rescale_tags
,SAX,SAX_s13_2001,16,1,valid,0.9379225937744039,0.9984829282438484,0.13830825621705847,identity_without_rescale_tags
,SAX,SAX_s13_2001,17,1,valid,0.9702483705178109,1.000734217952761,0.10856044751196883,identity_without_rescale_tags
,SAX,SAX_s13_2001,18,1,valid,0.9642149413957544,1.0005197911001713,0.11553918641837536,identity_without_rescale_tags
,SAX,SAX_s13_2001,19,1,valid,0.9650566971760519,1.0,0.11458720057191438,identity_without_rescale_tags
,SAX,SAX_s13_2001,20,1,valid,0.9327782242385632,1.0,0.15022787641032942,identity_without_rescale_tags
,SAX,SAX_s13_2001,21,1,valid,0.9557857479210143,1.0,0.12903599572978247,identity_without_rescale_tags
,SAX,SAX_s13_2001,22,1,valid,0.960507540438028,0.9947275922671354,0.12046716753217894,identity_without_rescale_tags
,SAX,SAX_s13_2001,23,1,valid,0.9644631150139779,0.9982166737427272,0.11793987146066713,identity_without_rescale_tags
,SAX,SAX_s13_2001,24,1,valid,0.9426992902959468,1.007125890736342,0.14246464827352098,identity_without_rescale_tags
,SAX,SAX_s13_2001,25,1,valid,0.9519439077833537,1.0062111801242235,0.14217160339244164,identity_without_rescale_tags
,SAX,SAX_s13_2001,26,1,valid,0.9327073363463132,1.007109770630819,0.16913507563391753,identity_without_rescale_tags
,SAX,SAX_s13_2001,27,1,valid,0.9174220135404052,1.006732387982388,0.19346128168191326,identity_without_rescale_tags
,SAX,SAX_s13_2001,28,1,valid,0.8907913216225231,1.0022075055187638,0.20995082308730537,identity_without_rescale_tags
,SAX,SAX_s13_2001,29,1,valid,0.92185824062486,0.9854368932038835,0.17500913256662298,identity_without_rescale_tags
,SAX,SAX_s13_2001,30,1,valid,0.9299402286744207,0.9855072463768116,0.16490985340077668,identity_without_rescale_tags
,SAX,SAX_s13_2001,31,1,valid,0.9461472916069363,0.9876543209876543,0.14569497947297388,identity_without_rescale_tags
,SAX,SAX_s13_2001,32,1,valid,0.9237354783930558,0.9929217448747829,0.15669424607387714,identity_without_rescale_tags
,SAX,SAX_s13_2001,33,1,valid,0.959978384161978,0.9969418960244648,0.12298723860959204,identity_without_rescale_tags
,SAX,SAX_s13_2001,34,1,valid,0.9664935712899291,0.9990215179875057,0.11613136791825508,identity_without_rescale_tags
,SAX,SAX_s13_2001,35,1,valid,0.9720939994691,1.0,0.10638527673187405,identity_without_rescale_tags
,SAX,SAX_s13_2001,36,1,valid,0.9432666876852787,0.9994028820654648,0.13463344909407707,identity_without_rescale_tags
,SAX,SAX_s13_2001,37,1,valid,0.958781758127845,1.0,0.1245636421890217,identity_without_rescale_tags
,SAX,SAX_s13_2001,38,1,valid,0.9590769640117641,0.9976851851851852,0.12272958052815067,identity_without_rescale_tags
,SAX,SAX_s13_2001,39,1,valid,0.9108819702048894,1.0,0.1540765271814165,identity_without_rescale_tags
,SAX,SAX_s13_2001,40,1,valid,0.9421016054742206,0.994956441999083,0.14248052004860792,identity_without_rescale_tags
,SAX,SAX_s13_2001,41,1,valid,0.9558760536305351,0.9936668752306236,0.13021628819477382,identity_without_rescale_tags
,SAX,SAX_s13_2001,42,1,valid,0.9216188436781635,0.9954504056963074,0.14205382019502924,identity_without_rescale_tags
,SAX,SAX_s13_2001,43,1,valid,0.9656549023643515,0.9975669099756691,0.11218920827580502,identity_without_rescale_tags
,SAX,SAX_s13_2001,44,1,valid,0.9357481943592092,1.0009765708819751,0.14435216677818447,identity_without_rescale_tags
,SAX,SAX_s13_2001,45,1,valid,0.9517162664207747,1.0,0.1283423622352758,identity_without_rescale_tags
,SAX,SAX_s13_2001,46,1,valid,0.952121947233146,1.0,0.13181176016044555,identity_without_rescale_tags
,SAX,SAX_s13_2001,47,1,valid,0.9335401844582352,1.0,0.16040194239253172,identity_without_rescale_tags
,SAX,SAX_s13_2001,48,1,valid,0.9505056993734806,0.9931662870159453,0.1333836764165892,identity_without_rescale_tags
,SAX,SAX_s13_2001,49,1,valid,0.9355844468207057,0.9878081094006488,0.14415233953158066,identity_without_rescale_tags
,SAX,SAX_s14_2101,0,1,valid,0.9471971307735748,1.0632090761750406,0.16519148282192722,identity_without_rescale_tags
,SAX,SAX_s14_2101,1,1,valid,0.9511510432476273,1.0288172043010753,0.14457017426175725,identity_without_rescale_tags
,SAX,SAX_s14_2101,2,1,valid,0.948205673841437,1.0229357798165137,0.1424176327191074,identity_without_rescale_tags
,SAX,SAX_s14_2101,3,1,valid,0.9562988886225193,1.0162297128589264,0.13176315145168307,identity_without_rescale_tags
,SAX,SAX_s14_2101,4,1,valid,0.9492923396280368,1.0149253731343284,0.137935749893027,identity_without_rescale_tags
,SAX,SAX_s14_2101,5,1,valid,0.9566375984578215,1.0031948881789137,0.1272467020870174,identity_without_rescale_tags
,SAX,SAX_s14_2101,6,1,valid,0.9370700169198051,1.0019880715705765,0.1477871272052281,identity_without_rescale_tags
,SAX,SAX_s14_2101,7,1,valid,0.9652200494222567,1.0,0.11782186734514295,identity_without_rescale_tags
,SAX,SAX_s14_2101,8,1,valid,0.9642643867734512,1.0,0.11511959337082014,identity_without_rescale_tags
,SAX,SAX_s14_2101,9,1,valid,0.9587960615222364,1.001101321585903,0.1263041451850797,identity_without_rescale_tags
,SAX,SAX_s14_2101,10,1,valid,0.9395823800668105,1.0082063305978899,0.14757641245622977,identity_without_rescale_tags
,SAX,SAX_s14_2101,11,1,valid,0.9493377741179406,1.0033594624860023,0.14283073546467523,identity_without_rescale_tags
,SAX,SAX_s14_2101,12,1,valid,0.9346821513400307,1.0068027210884354,0.16473679976375374,identity_without_rescale_tags
,SAX,SAX_s14_2101,13,1,valid,0.9279982501729644,1.0,0.17422291217217822,identity_without_rescale_tags
,SAX,SAX_s14_2101,14,1,valid,0.9149493215128343,1.0,0.18166914371174187,identity_without_rescale_tags
,SAX,SAX_s14_2101,15,1,valid,0.9385092964661625,0.9895470383275261,0.1554086814903679,identity_without_rescale_tags
,SAX,SAX_s14_2101,16,1,valid,0.9489239317270137,0.9883527454242929,0.14192548571154737,identity_without_rescale_tags
,SAX,SAX_s14_2101,17,1,valid,0.9631284804728166,0.992,0.12313745849062459,identity_without_rescale_tags
,SAX,SAX_s14_2101,18,1,valid,0.9643565770537628,0.991869918699187,0.11438040493418719,identity_without_rescale_tags
,SAX,SAX_s14_2101,19,0,low_ncc,0.6848045718084983,1.0157927984838913,0.2779799752082087,identity_without_rescale_tags
,SAX,SAX_s14_2101,20,1,valid,0.9756150230115498,1.0029901751388295,0.0979353418419934,identity_without_rescale_tags
,SAX,SAX_s14_2101,21,1,valid,0.9698340434861722,1.0,0.10394683503751129,identity_without_rescale_tags
,SAX,SAX_s14_2101,22,1,valid,0.9668739061454407,0.9949238578680203,0.11004571245615379,identity_without_rescale_tags
,SAX,SAX_s14_2101,23,1,valid,0.9470779307047436,0.9988876529477196,0.13401669298052885,identity_without_rescale_tags
,SAX,SAX_s14_2101,24,1,valid,0.959729081998319,0.9956584659913169,0.12000610776317237,identity_without_rescale_tags
,SAX,SAX_s14_2101,25,1,valid,0.9590421384798393,0.9942528735632183,0.12244776596057255,identity_without_rescale_tags
,SAX,SAX_s14_2101,26,1,valid,0.9704664442492925,0.9930761622156281,0.11136953238199827,identity_without_rescale_tags
,SAX,SAX_s14_2101,27,1,valid,0.9562519925299411,0.9977628635346756,0.12170900379920509,identity_without_rescale_tags
,SAX,SAX_s14_2101,28,1,valid,0.9697045021176706,0.9981167608286252,0.11030723448405473,identity_without_rescale_tags
,SAX,SAX_s14_2101,29,1,valid,0.9483072620812151,1.0010845986984815,0.1452852288521727,identity_without_rescale_tags
,SAX,SAX_s14_2101,30,1,valid,0.9420583363645112,1.006423982869379,0.1579504183544723,identity_without_rescale_tags
,SAX,SAX_s14_2101,31,1,valid,0.9094957973705186,1.0111057460164172,0.19343056329486027,identity_without_rescale_tags
,SAX,SAX_s14_2101,32,1,valid,0.9211353166117213,1.0,0.18175816805993486,identity_without_rescale_tags
,SAX,SAX_s14_2101,33,1,valid,0.9009873923431002,1.0,0.20523546923210792,identity_without_rescale_tags
,SAX,SAX_s14_2101,34,1,valid,0.9065608177853794,0.9950920245398773,0.196497754001379,identity_without_rescale_tags
,SAX,SAX_s14_2101,35,1,valid,0.8849694552178069,0.9854904236796286,0.20981281150927772,identity_without_rescale_tags
,SAX,SAX_s14_2101,36,1,valid,0.9228514904959003,0.9834610730133119,0.1714034960842052,identity_without_rescale_tags
,SAX,SAX_s14_2101,37,1,valid,0.9300306986184058,0.9856611789697292,0.16435974677557294,identity_without_rescale_tags
,SAX,SAX_s14_2101,38,1,valid,0.9314142967742018,0.9936651583710407,0.14923041864102668,identity_without_rescale_tags
,SAX,SAX_s14_2101,39,1,valid,0.8809493099502006,0.999140154772141,0.17045792406474222,identity_without_rescale_tags
,SAX,SAX_s14_2101,40,1,valid,0.9120497096912998,1.0021978021978022,0.13763888695511617,identity_without_rescale_tags
,SAX,SAX_s14_2101,41,1,valid,0.924506810370244,1.0011273957158964,0.13054347502823935,identity_without_rescale_tags
,SAX,SAX_s14_2101,42,1,valid,0.9238716873597552,0.998745294855709,0.12663479515780202,identity_without_rescale_tags
,SAX,SAX_s14_2101,43,1,valid,0.8987358452106018,0.996996996996997,0.153798616402825,identity_without_rescale_tags
,SAX,SAX_s14_2101,44,1,valid,0.9200222739615346,1.0,0.14297009744417377,identity_without_rescale_tags
,SAX,SAX_s14_2101,45,1,valid,0.9160518859470114,0.9975903614457832,0.1421364281448846,identity_without_rescale_tags
,SAX,SAX_s14_2101,46,1,valid,0.9110270189374405,0.9957325746799431,0.13948512643746733,identity_without_rescale_tags
,SAX,SAX_s14_2101,47,1,valid,0.9153945998149168,0.9959514170040485,0.14500185548528474,identity_without_rescale_tags
,SAX,SAX_s14_2101,48,1,valid,0.9140424357535947,0.9977116704805492,0.14239278202566966,identity_without_rescale_tags
,SAX,SAX_s14_2101,49,1,valid,0.9078158872521247,1.0,0.15776097279971812,identity_without_rescale_tags
,SAX,SAX_s15_2201,0,1,valid,0.8779823783782695,1.0366617395501991,0.20440170307298472,identity_without_rescale_tags
,SAX,SAX_s15_2201,1,1,valid,0.8854941213607805,1.0174724275878837,0.18265311265038806,identity_without_rescale_tags
,SAX,SAX_s15_2201,2,1,valid,0.9050938064499094,1.0132219565472937,0.14315603387407577,identity_without_rescale_tags
,SAX,SAX_s15_2201,3,1,valid,0.9173646849108725,1.0139275766016713,0.13461184001827287,identity_without_rescale_tags
,SAX,SAX_s15_2201,4,1,valid,0.9245428210827185,1.0101010101010102,0.13139719951175527,identity_without_rescale_tags
,SAX,SAX_s15_2201,5,1,valid,0.9192047869094823,1.0076907511751703,0.1540207689601326,identity_without_rescale_tags
,SAX,SAX_s15_2201,6,1,valid,0.9566899569103945,1.012107132651354,0.12980312783605794,identity_without_rescale_tags
,SAX,SAX_s15_2201,7,1,valid,0.9433059087352016,1.0088560933844002,0.1461825112884454,identity_without_rescale_tags
,SAX,SAX_s15_2201,8,1,valid,0.9484787286375199,1.0,0.13480429382456208,identity_without_rescale_tags
,SAX,SAX_s15_2201,9,1,valid,0.9460261653973605,0.9981349081194401,0.1404916230457254,identity_without_rescale_tags
,SAX,SAX_s15_2201,10,1,valid,0.9652242111486822,0.9980207813066173,0.11631929299253527,identity_without_rescale_tags
,SAX,SAX_s15_2201,11,1,valid,0.9603180189854406,1.0,0.12319802882887125,identity_without_rescale_tags
,SAX,SAX_s15_2201,12,1,valid,0.9544613225524288,1.0028818443804035,0.13338052693043878,identity_without_rescale_tags
,SAX,SAX_s15_2201,13,1,valid,0.9337038681116713,1.008022004894471,0.16006901991778597,identity_without_rescale_tags
,SAX,SAX_s15_2201,14,1,valid,0.946686718690402,1.0,0.14366204002114122,identity_without_rescale_tags
,SAX,SAX_s15_2201,15,1,valid,0.947857751762869,0.9943502824858758,0.14128921876139605,identity_without_rescale_tags
,SAX,SAX_s15_2201,16,1,valid,0.955487640254917,0.9887640449438202,0.13039463729010844,identity_without_rescale_tags
,SAX,SAX_s15_2201,17,1,valid,0.9413659688424494,0.9901446204108406,0.14107878496825985,identity_without_rescale_tags
,SAX,SAX_s15_2201,18,1,valid,0.9694977446477595,0.991701244813278,0.10627688508126158,identity_without_rescale_tags
,SAX,SAX_s15_2201,19,1,valid,0.9757733248273114,0.9980178374980355,0.09585321650817627,identity_without_rescale_tags
,SAX,SAX_s15_2201,20,1,valid,0.974881112128819,0.9988738610207537,0.09898947165008624,identity_without_rescale_tags
,SAX,SAX_s15_2201,21,1,valid,0.9526769771722401,0.9984905445431762,0.12761679542615217,identity_without_rescale_tags
,SAX,SAX_s15_2201,22,1,valid,0.9542542881876469,1.0,0.128145896166008,identity_without_rescale_tags
,SAX,SAX_s15_2201,23,1,valid,0.949572903953672,1.0,0.13291550823807075,identity_without_rescale_tags
,SAX,SAX_s15_2201,24,1,valid,0.937883321789299,1.0,0.14587379240477188,identity_without_rescale_tags
,SAX,SAX_s15_2201,25,1,valid,0.9448304113502727,0.9936454138220663,0.1434154637467218,identity_without_rescale_tags
,SAX,SAX_s15_2201,26,1,valid,0.9475597786180476,0.9958211384385413,0.1394956661818338,identity_without_rescale_tags
,SAX,SAX_s15_2201,27,1,valid,0.9629527348307461,0.9951219512195122,0.1221870493784704,identity_without_rescale_tags
,SAX,SAX_s15_2201,28,1,valid,0.9560512440234225,1.0,0.12867405991437544,identity_without_rescale_tags
,SAX,SAX_s15_2201,29,1,valid,0.9493640480379858,1.0121868708538235,0.1446847405644487,identity_without_rescale_tags
,SAX,SAX_s15_2201,30,1,valid,0.929419354185754,1.0114762931034482,0.17323878751497954,identity_without_rescale_tags
,SAX,SAX_s15_2201,31,1,valid,0.9230683290099551,1.0069134381385196,0.18458618854627665,identity_without_rescale_tags
,SAX,SAX_s15_2201,32,1,valid,0.896640234892088,1.0048027495123109,0.2148745851966316,identity_without_rescale_tags
,SAX,SAX_s15_2201,33,1,valid,0.8926399934193018,1.0,0.21240235180913922,identity_without_rescale_tags
,SAX,SAX_s15_2201,34,1,valid,0.8798513537304107,0.990191731398105,0.2172432538406338,identity_without_rescale_tags
,SAX,SAX_s15_2201,35,1,valid,0.9108548905532505,0.9851025058638401,0.1881461103654565,identity_without_rescale_tags
,SAX,SAX_s15_2201,36,1,valid,0.9141360981798506,0.985276510309492,0.18557116865999454,identity_without_rescale_tags
,SAX,SAX_s15_2201,37,1,valid,0.940614398557393,0.9890805651493882,0.1517279178139597,identity_without_rescale_tags
,SAX,SAX_s15_2201,38,1,valid,0.925861118073874,0.9929286952463497,0.15886402911646594,identity_without_rescale_tags
,SAX,SAX_s15_2201,39,1,valid,0.9670098483669998,1.0,0.11496427609106409,identity_without_rescale_tags
,SAX,SAX_s15_2201,40,1,valid,0.9710362257020629,1.0,0.11042220122978794,identity_without_rescale_tags
,SAX,SAX_s15_2201,41,1,valid,0.9733338209934659,1.0,0.10407323283795418,identity_without_rescale_tags
,SAX,SAX_s15_2201,42,1,valid,0.9442061529375769,0.9982638836560922,0.1365330050120477,identity_without_rescale_tags
,SAX,SAX_s15_2201,43,1,valid,0.9544834655019863,1.0,0.12996305954722828,identity_without_rescale_tags
,SAX,SAX_s15_2201,44,1,valid,0.9514858074336613,1.0,0.13068341621514057,identity_without_rescale_tags
,SAX,SAX_s15_2201,45,1,valid,0.9533134459574997,0.9949238578680203,0.13546142544842635,identity_without_rescale_tags
,SAX,SAX_s15_2201,46,1,valid,0.9517767359527044,0.9981386687453986,0.13595130768006958,identity_without_rescale_tags
,SAX,SAX_s15_2201,47,1,valid,0.9648463946924026,0.9948717948717949,0.12117067553950506,identity_without_rescale_tags
,SAX,SAX_s15_2201,48,1,valid,0.9589783875407524,1.0,0.13005001984115142,identity_without_rescale_tags
,SAX,SAX_s15_2201,49,1,valid,0.9482322255787181,1.0,0.14905044393930264,identity_without_rescale_tags
,SAX,SAX_s16_2301,0,1,valid,0.9178121090684411,1.045625335480408,0.18997413844195032,identity_without_rescale_tags
,SAX,SAX_s16_2301,1,1,valid,0.9128831033968686,1.0315789473684212,0.1843246972339177,identity_without_rescale_tags
,SAX,SAX_s16_2301,2,1,valid,0.8832395384851218,1.015,0.19700591168535914,identity_without_rescale_tags
,SAX,SAX_s16_2301,3,1,valid,0.8936532542296387,1.018284106891702,0.18576412960530853,identity_without_rescale_tags
,SAX,SAX_s16_2301,4,1,valid,0.8947645806350338,1.0176125244618395,0.17997813628684456,identity_without_rescale_tags
,SAX,SAX_s16_2301,5,1,valid,0.8906962199416776,1.0113207547169811,0.1777724132116892,identity_without_rescale_tags
,SAX,SAX_s16_2301,6,1,valid,0.9049212123595225,1.0043165467625899,0.18371286603399453,identity_without_rescale_tags
,SAX,SAX_s16_2301,7,1,valid,0.9161783437264744,1.0041608876560333,0.18043125217597636,identity_without_rescale_tags
,SAX,SAX_s16_2301,8,1,valid,0.8922871841641465,0.9971590909090909,0.18895797448879897,identity_without_rescale_tags
,SAX,SAX_s16_2301,9,1,valid,0.8633754981059941,0.9943502824858758,0.20459483448711369,identity_without_rescale_tags
,SAX,SAX_s16_2301,10,1,valid,0.870094402026426,1.0015220700152208,0.19552747021453412,identity_without_rescale_tags
,SAX,SAX_s16_2301,11,1,valid,0.9168301619801646,1.0078328981723237,0.17742581518004646,identity_without_rescale_tags
,SAX,SAX_s16_2301,12,1,valid,0.9350549066680002,1.005871990604815,0.16432344991753858,identity_without_rescale_tags
,SAX,SAX_s16_2301,13,1,valid,0.9031493037831824,1.0095238095238095,0.21240582450071915,identity_without_rescale_tags
,SAX,SAX_s16_2301,14,1,valid,0.8480093391391758,1.0114503816793894,0.24728286249592712,identity_without_rescale_tags
,SAX,SAX_s16_2301,15,1,valid,0.8444748870700622,0.9973890339425587,0.24251489628825443,identity_without_rescale_tags
,SAX,SAX_s16_2301,16,1,valid,0.8867005261282388,0.9824561403508771,0.21121796908269758,identity_without_rescale_tags
,SAX,SAX_s16_2301,17,1,valid,0.8652566991757665,0.984179850124896,0.21785374406566596,identity_without_rescale_tags
,SAX,SAX_s16_2301,18,1,valid,0.9045365966343696,0.9852631578947368,0.18599187223967067,identity_without_rescale_tags
,SAX,SAX_s16_2301,19,1,valid,0.9180716523903146,0.9956896551724138,0.17093466103573932,identity_without_rescale_tags
,SAX,SAX_s16_2301,20,1,valid,0.9527237439144064,1.0,0.13575594790101744,identity_without_rescale_tags
,SAX,SAX_s16_2301,21,1,valid,0.8617015439527109,0.9995824634655532,0.19225068385430044,identity_without_rescale_tags
,SAX,SAX_s16_2301,22,1,valid,0.8935299761022585,0.9932279909706546,0.17030990266261167,identity_without_rescale_tags
,SAX,SAX_s16_2301,23,1,valid,0.8924261404695384,0.9967213114754099,0.18584660562514466,identity_without_rescale_tags
,SAX,SAX_s16_2301,24,1,valid,0.9376409741034585,1.001733102253033,0.15888329863380388,identity_without_rescale_tags
,SAX,SAX_s16_2301,25,1,valid,0.9268744758738815,0.9967320261437909,0.16789844915714008,identity_without_rescale_tags
,SAX,SAX_s16_2301,26,1,valid,0.916165135128684,0.9884526558891455,0.1733113049243779,identity_without_rescale_tags
,SAX,SAX_s16_2301,27,1,valid,0.8545295269200517,0.9939393939393939,0.2134716780466307,identity_without_rescale_tags
,SAX,SAX_s16_2301,28,1,valid,0.8811896229389139,0.9936034115138592,0.1841672797540099,identity_without_rescale_tags
,SAX,SAX_s16_2301,29,1,valid,0.8722025077301161,1.0,0.20196007209180583,identity_without_rescale_tags
,SAX,SAX_s16_2301,30,1,valid,0.8730642360559941,1.006896551724138,0.21800509328201195,identity_without_rescale_tags
,SAX,SAX_s16_2301,31,1,valid,0.8840472202129308,1.018794556059624,0.2375398222536016,identity_without_rescale_tags
,SAX,SAX_s16_2301,32,1,valid,0.8950327928786893,1.002169197396963,0.22431342103877974,identity_without_rescale_tags
,SAX,SAX_s16_2301,33,1,valid,0.8896416453023913,0.9908256880733946,0.22199656203828644,identity_without_rescale_tags
,SAX,SAX_s16_2301,34,1,valid,0.8419796847716723,0.9795577805590321,0.2430864881424338,identity_without_rescale_tags
,SAX,SAX_s16_2301,35,1,valid,0.8413699452101693,0.9827586206896551,0.24749914815877322,identity_without_rescale_tags
,SAX,SAX_s16_2301,36,1,valid,0.9126248423655687,0.9922680412371134,0.18379913633581432,identity_without_rescale_tags
,SAX,SAX_s16_2301,37,1,valid,0.9420179230947284,0.9992325402916347,0.14869937657532442,identity_without_rescale_tags
,SAX,SAX_s16_2301,38,1,valid,0.9258902193115736,0.9965753424657534,0.15728520064312312,identity_without_rescale_tags
,SAX,SAX_s16_2301,39,1,valid,0.8585120414546418,0.99375,0.21118147189029937,identity_without_rescale_tags
,SAX,SAX_s16_2301,40,1,valid,0.8720231468379949,1.0,0.19421489420678603,identity_without_rescale_tags
,SAX,SAX_s16_2301,41,1,valid,0.8796209840705184,1.0,0.1919965329894891,identity_without_rescale_tags
,SAX,SAX_s16_2301,42,1,valid,0.91015169189972,1.0,0.1772144875570364,identity_without_rescale_tags
,SAX,SAX_s16_2301,43,1,valid,0.8972941880907417,0.9953114534494307,0.20306605062307687,identity_without_rescale_tags
,SAX,SAX_s16_2301,44,1,valid,0.9087666977563761,0.9944838455476753,0.1840543099365943,identity_without_rescale_tags
,SAX,SAX_s16_2301,45,1,valid,0.9321555570597254,0.9928057553956835,0.15995879792782033,identity_without_rescale_tags
,SAX,SAX_s16_2301,46,1,valid,0.865095781827883,0.9982608695652174,0.20794237159113782,identity_without_rescale_tags
,SAX,SAX_s16_2301,47,1,valid,0.8497036291058792,1.0073529411764706,0.22705911418339442,identity_without_rescale_tags
,SAX,SAX_s16_2301,48,1,valid,0.875871884740246,1.0062370062370063,0.220873124998524,identity_without_rescale_tags
,SAX,SAX_s16_2301,49,1,valid,0.9091531472174696,1.0025575447570332,0.2082116940568651,identity_without_rescale_tags
,SAX,SAX_s17_2401,0,False,slice_local_scale_absolute;manual_exclusion,0.9104898379072943,1.0846477915443433,0.17342971178423378,identity_without_rescale_tags
,SAX,SAX_s17_2401,1,False,slice_local_scale_absolute;manual_exclusion,0.9354640986867532,1.0686683695331585,0.14907427810141258,identity_without_rescale_tags
,SAX,SAX_s17_2401,2,False,slice_local_scale_absolute;manual_exclusion,0.9510834513789964,1.0486486486486486,0.12427286304324232,identity_without_rescale_tags
,SAX,SAX_s17_2401,3,False,slice_local_scale_absolute;manual_exclusion,0.9477524401407682,1.0372139354554173,0.12362934837724218,identity_without_rescale_tags
,SAX,SAX_s17_2401,4,False,slice_local_scale_absolute;manual_exclusion,0.9355819812616208,1.0272888838826155,0.1400472506380947,identity_without_rescale_tags
,SAX,SAX_s17_2401,5,False,slice_local_scale_absolute;manual_exclusion,0.9321274476706091,1.0263157894736843,0.14325219583737867,identity_without_rescale_tags
,SAX,SAX_s17_2401,6,False,slice_local_scale_absolute;manual_exclusion,0.9438762833542799,1.0103004367738855,0.13024324023807005,identity_without_rescale_tags
,SAX,SAX_s17_2401,7,False,slice_local_scale_absolute;manual_exclusion,0.9601663509775196,1.0,0.10702981465208906,identity_without_rescale_tags
,SAX,SAX_s17_2401,8,False,slice_local_scale_absolute;manual_exclusion,0.9601713300058199,1.0,0.10555943188042718,identity_without_rescale_tags
,SAX,SAX_s17_2401,9,False,slice_local_scale_absolute;manual_exclusion,0.9691845800675314,0.995575221238938,0.09231374096072112,identity_without_rescale_tags
,SAX,SAX_s17_2401,10,False,slice_local_scale_absolute;manual_exclusion,0.9517350670473266,0.9969293756397134,0.11059896612661604,identity_without_rescale_tags
,SAX,SAX_s17_2401,11,False,slice_local_scale_absolute;manual_exclusion,0.9753560512541491,0.9959404600811907,0.08589366874257214,identity_without_rescale_tags
,SAX,SAX_s17_2401,12,False,slice_local_scale_absolute;manual_exclusion,0.975696866849822,0.9984374961852934,0.08711959849644597,identity_without_rescale_tags
,SAX,SAX_s17_2401,13,False,slice_local_scale_absolute;manual_exclusion,0.9732829284932999,0.9963636363636363,0.09123069835854855,identity_without_rescale_tags
,SAX,SAX_s17_2401,14,False,slice_local_scale_absolute;manual_exclusion,0.9426743600217026,0.9943133127015079,0.12736429243886763,identity_without_rescale_tags
,SAX,SAX_s17_2401,15,False,slice_local_scale_absolute;manual_exclusion,0.9603516115847368,0.9964221710189451,0.11197116728325322,identity_without_rescale_tags
,SAX,SAX_s17_2401,16,False,slice_local_scale_absolute;manual_exclusion,0.9670200733151828,0.9943502824858758,0.09942896310684712,identity_without_rescale_tags
,SAX,SAX_s17_2401,17,False,slice_local_scale_absolute;manual_exclusion,0.9663363043427244,0.993401516932696,0.09620604253024057,identity_without_rescale_tags
,SAX,SAX_s17_2401,18,False,slice_local_scale_absolute;manual_exclusion,0.9664549223190777,0.9959568659717417,0.09865795567610106,identity_without_rescale_tags
,SAX,SAX_s17_2401,19,False,slice_local_scale_absolute;manual_exclusion,0.9607870208525229,0.9972451790633609,0.10695847419079307,identity_without_rescale_tags
,SAX,SAX_s17_2401,20,False,slice_local_scale_absolute;manual_exclusion,0.9548125148632985,0.9989034969070678,0.11353041568514062,identity_without_rescale_tags
,SAX,SAX_s17_2401,21,False,slice_local_scale_absolute;manual_exclusion,0.9255950215438816,1.0,0.1477443943699145,identity_without_rescale_tags
,SAX,SAX_s17_2401,22,False,slice_local_scale_absolute;manual_exclusion,0.9130041432614446,1.0,0.162138879491914,identity_without_rescale_tags
,SAX,SAX_s17_2401,23,False,slice_local_scale_absolute;manual_exclusion,0.9154754184975327,0.9975247373096836,0.15336039853314617,identity_without_rescale_tags
,SAX,SAX_s17_2401,24,False,slice_local_scale_absolute;manual_exclusion,0.945102189201241,0.9901526317830961,0.12327565767982027,identity_without_rescale_tags
,SAX,SAX_s17_2401,25,False,slice_local_scale_absolute;manual_exclusion,0.9566480068890116,0.9890957782497269,0.11016650480947278,identity_without_rescale_tags
,SAX,SAX_s17_2401,26,False,slice_local_scale_absolute;manual_exclusion,0.9615461346424956,0.9918256130790191,0.10143570174812354,identity_without_rescale_tags
,SAX,SAX_s17_2401,27,False,slice_local_scale_absolute;manual_exclusion,0.938824432956858,0.9938271604938271,0.12606598433429184,identity_without_rescale_tags
,SAX,SAX_s17_2401,28,False,slice_local_scale_absolute;manual_exclusion,0.9542893350563688,1.0,0.11543334251502148,identity_without_rescale_tags
,SAX,SAX_s17_2401,29,False,slice_local_scale_absolute;manual_exclusion,0.9622849993464729,1.0015540024921998,0.10746053893171506,identity_without_rescale_tags
,SAX,SAX_s17_2401,30,False,slice_local_scale_absolute;manual_exclusion,0.9528753592714917,1.0050146268681739,0.12214492545243565,identity_without_rescale_tags
,SAX,SAX_s17_2401,31,False,slice_local_scale_absolute;manual_exclusion,0.9486728261670594,1.0,0.12620260389883106,identity_without_rescale_tags
,SAX,SAX_s17_2401,32,False,slice_local_scale_absolute;manual_exclusion,0.9219439405123594,1.0,0.1555979426036265,identity_without_rescale_tags
,SAX,SAX_s17_2401,33,False,slice_local_scale_absolute;manual_exclusion,0.9385962779280712,1.0,0.13657538392897353,identity_without_rescale_tags
,SAX,SAX_s17_2401,34,False,slice_local_scale_absolute;manual_exclusion,0.9450035503485502,0.9941520467836257,0.12341593053493302,identity_without_rescale_tags
,SAX,SAX_s17_2401,35,False,slice_local_scale_absolute;manual_exclusion,0.9486388540836986,0.9949712617725579,0.11595569361734552,identity_without_rescale_tags
,SAX,SAX_s17_2401,36,False,slice_local_scale_absolute;manual_exclusion,0.9585826835282567,0.9954870245591405,0.106032734457255,identity_without_rescale_tags
,SAX,SAX_s17_2401,37,False,slice_local_scale_absolute;manual_exclusion,0.9524499048127444,1.0,0.1138986949085619,identity_without_rescale_tags
,SAX,SAX_s17_2401,38,False,slice_local_scale_absolute;manual_exclusion,0.9628014702285602,0.9949238578680203,0.10133708150263317,identity_without_rescale_tags
,SAX,SAX_s17_2401,39,False,slice_local_scale_absolute;manual_exclusion,0.9477935169900066,0.9969770242879832,0.12403572870919953,identity_without_rescale_tags
,SAX,SAX_s17_2401,40,False,slice_local_scale_absolute;manual_exclusion,0.9250923330859249,1.0,0.14786353986545858,identity_without_rescale_tags
,SAX,SAX_s17_2401,41,False,slice_local_scale_absolute;manual_exclusion,0.9244681232755355,1.0,0.14623019085692382,identity_without_rescale_tags
,SAX,SAX_s17_2401,42,False,slice_local_scale_absolute;manual_exclusion,0.9385512057126048,0.9939393939393939,0.13295285057953327,identity_without_rescale_tags
,SAX,SAX_s17_2401,43,False,slice_local_scale_absolute;manual_exclusion,0.9590386187271435,0.9918032786885246,0.10654461366058447,identity_without_rescale_tags
,SAX,SAX_s17_2401,44,False,slice_local_scale_absolute;manual_exclusion,0.962262659579315,0.9927007299270073,0.0989635909202448,identity_without_rescale_tags
,SAX,SAX_s17_2401,45,False,slice_local_scale_absolute;manual_exclusion,0.962224212838185,0.9982126884743163,0.10182491820636272,identity_without_rescale_tags
,SAX,SAX_s17_2401,46,False,slice_local_scale_absolute;manual_exclusion,0.9396837658486124,0.9980430528375733,0.13017421997595674,identity_without_rescale_tags
,SAX,SAX_s17_2401,47,False,slice_local_scale_absolute;manual_exclusion,0.9419458712720993,1.0,0.134631267942258,identity_without_rescale_tags
,SAX,SAX_s17_2401,48,False,slice_local_scale_absolute;manual_exclusion,0.9356493613033374,1.00122249571454,0.14326262324974381,identity_without_rescale_tags
,SAX,SAX_s17_2401,49,False,slice_local_scale_absolute;manual_exclusion,0.923005112049141,1.0,0.15816208437587384,identity_without_rescale_tags
,SAX,SAX_s18_2501,0,1,valid,0.9371492918379363,1.070747946949831,0.1633976761470728,identity_without_rescale_tags
,SAX,SAX_s18_2501,1,1,valid,0.9517223373224999,1.051094890510949,0.14306305737637304,identity_without_rescale_tags
,SAX,SAX_s18_2501,2,1,valid,0.9396291574032848,1.0393218507656523,0.15356325456766104,identity_without_rescale_tags
,SAX,SAX_s18_2501,3,1,valid,0.9519292282805037,1.022752058500782,0.1400349874420368,identity_without_rescale_tags
,SAX,SAX_s18_2501,4,1,valid,0.9347167905495861,1.0156761180666405,0.1632005133113341,identity_without_rescale_tags
,SAX,SAX_s18_2501,5,1,valid,0.9245936948431381,1.0097087378640777,0.17124386668310648,identity_without_rescale_tags
,SAX,SAX_s18_2501,6,1,valid,0.9118235209052602,1.0026350506874044,0.17310888478522551,identity_without_rescale_tags
,SAX,SAX_s18_2501,7,1,valid,0.9402542984833423,0.9942647057583198,0.14447133564171433,identity_without_rescale_tags
,SAX,SAX_s18_2501,8,1,valid,0.9585505823996597,0.996164500145476,0.12609059891704788,identity_without_rescale_tags
,SAX,SAX_s18_2501,9,1,valid,0.969474669959122,0.9961402376193373,0.1087314066909134,identity_without_rescale_tags
,SAX,SAX_s18_2501,10,1,valid,0.9434288583052908,0.9978046076730287,0.135816846195481,identity_without_rescale_tags
,SAX,SAX_s18_2501,11,1,valid,0.9605882132063592,1.0040329685521976,0.11983577289133616,identity_without_rescale_tags
,SAX,SAX_s18_2501,12,1,valid,0.9701920232721589,1.0058249610651357,0.11051542679349273,identity_without_rescale_tags
,SAX,SAX_s18_2501,13,1,valid,0.9672727555963949,1.0018738405538423,0.11195629227367637,identity_without_rescale_tags
,SAX,SAX_s18_2501,14,1,valid,0.9483350514928354,0.9964804216680911,0.1374374793143242,identity_without_rescale_tags
,SAX,SAX_s18_2501,15,1,valid,0.9373995420174737,0.9966227621950107,0.14627089819070604,identity_without_rescale_tags
,SAX,SAX_s18_2501,16,1,valid,0.9561522585951695,0.9939885734109561,0.12712085384232122,identity_without_rescale_tags
,SAX,SAX_s18_2501,17,1,valid,0.9697267282390134,0.9868799192105984,0.10650842838020767,identity_without_rescale_tags
,SAX,SAX_s18_2501,18,1,valid,0.9717722917217073,0.9937304075235109,0.10265629623341725,identity_without_rescale_tags
,SAX,SAX_s18_2501,19,1,valid,0.9578206785963822,1.0,0.1260391997153952,identity_without_rescale_tags
,SAX,SAX_s18_2501,20,1,valid,0.950356450210471,1.0,0.1355301675539438,identity_without_rescale_tags
,SAX,SAX_s18_2501,21,1,valid,0.9453297394579625,1.0,0.14893537046559666,identity_without_rescale_tags
,SAX,SAX_s18_2501,22,1,valid,0.914894639894242,1.0,0.18481776022679644,identity_without_rescale_tags
,SAX,SAX_s18_2501,23,1,valid,0.890971976148013,0.9987293191443328,0.20955796229962176,identity_without_rescale_tags
,SAX,SAX_s18_2501,24,1,valid,0.8945101746410603,0.9924812030075187,0.19723132757011982,identity_without_rescale_tags
,SAX,SAX_s18_2501,25,1,valid,0.9278873469347176,0.988282884414226,0.16124087217087207,identity_without_rescale_tags
,SAX,SAX_s18_2501,26,1,valid,0.9620583243166435,1.0054255175099305,0.12063177245278871,identity_without_rescale_tags
,SAX,SAX_s18_2501,27,1,valid,0.9667791784244719,1.007797541267767,0.11767849657665998,identity_without_rescale_tags
,SAX,SAX_s18_2501,28,1,valid,0.9649990619497251,1.0067155092184508,0.12029557219297504,identity_without_rescale_tags
,SAX,SAX_s18_2501,29,1,valid,0.9490029681113814,1.0,0.13719748261034576,identity_without_rescale_tags
,SAX,SAX_s18_2501,30,1,valid,0.9413628115314391,0.9990191267871231,0.14379868651132896,identity_without_rescale_tags
,SAX,SAX_s18_2501,31,1,valid,0.9556632840947282,0.9992207667630767,0.1305397554529895,identity_without_rescale_tags
,SAX,SAX_s18_2501,32,1,valid,0.9557714443078088,0.991869918699187,0.12773182567641797,identity_without_rescale_tags
,SAX,SAX_s18_2501,33,1,valid,0.9498265962356759,0.9912663755458515,0.1362332036461948,identity_without_rescale_tags
,SAX,SAX_s18_2501,34,1,valid,0.9572829675852581,0.9858460212233797,0.12850431169848295,identity_without_rescale_tags
,SAX,SAX_s18_2501,35,1,valid,0.9336789661970065,0.9904053724390929,0.1479837089223482,identity_without_rescale_tags
,SAX,SAX_s18_2501,36,1,valid,0.9634062805645744,0.9880897822006897,0.120115692105685,identity_without_rescale_tags
,SAX,SAX_s18_2501,37,1,valid,0.9647314872312589,0.9933333333333333,0.11984778635522152,identity_without_rescale_tags
,SAX,SAX_s18_2501,38,1,valid,0.9528585151975509,1.0,0.14236778197624436,identity_without_rescale_tags
,SAX,SAX_s18_2501,39,1,valid,0.9344791812981315,1.0,0.16734549770580961,identity_without_rescale_tags
,SAX,SAX_s18_2501,40,1,valid,0.9060368053648049,1.0070698831710252,0.20163819098287677,identity_without_rescale_tags
,SAX,SAX_s18_2501,41,1,valid,0.9089660560846342,0.9948696014564278,0.19368942465036623,identity_without_rescale_tags
,SAX,SAX_s18_2501,42,1,valid,0.9271417725195087,0.9897158332625529,0.17586099689514326,identity_without_rescale_tags
,SAX,SAX_s18_2501,43,1,valid,0.8259686661490164,0.9942196531791907,0.193816402818755,identity_without_rescale_tags
,SAX,SAX_s18_2501,44,1,valid,0.843658832139897,1.0,0.1754014615312087,identity_without_rescale_tags
,SAX,SAX_s18_2501,45,1,valid,0.8380352560047607,1.0,0.19072004538464038,identity_without_rescale_tags
,SAX,SAX_s18_2501,46,1,valid,0.8756666364608553,1.0038535788535787,0.15702545493740236,identity_without_rescale_tags
,SAX,SAX_s18_2501,47,1,valid,0.8146775195927722,1.0,0.16729675358786658,identity_without_rescale_tags
,SAX,SAX_s18_2501,48,1,valid,0.8075849588064842,0.9953319489516659,0.17285186832583796,identity_without_rescale_tags
,SAX,SAX_s18_2501,49,1,valid,0.9389780483243225,0.9918155775315219,0.13815920965969855,identity_without_rescale_tags
,SAX,SAX_s19_2601,0,1,valid,0.9209680975352372,1.0633546489161463,0.180014821990393,identity_without_rescale_tags
,SAX,SAX_s19_2601,1,1,valid,0.931406601725402,1.0357142857142858,0.16098544051402375,identity_without_rescale_tags
,SAX,SAX_s19_2601,2,1,valid,0.9431087722946947,1.0305118661025428,0.14626011887597995,identity_without_rescale_tags
,SAX,SAX_s19_2601,3,1,valid,0.9379891199334249,1.0241391922911989,0.1462703445366954,identity_without_rescale_tags
,SAX,SAX_s19_2601,4,1,valid,0.9617031778659939,1.0224154735497748,0.12332968053010446,identity_without_rescale_tags
,SAX,SAX_s19_2601,5,1,valid,0.9517944463688786,1.0172820955190103,0.14166019409906758,identity_without_rescale_tags
,SAX,SAX_s19_2601,6,1,valid,0.9434233487759442,1.0144927536231885,0.15192281721061274,identity_without_rescale_tags
,SAX,SAX_s19_2601,7,1,valid,0.9175776859724172,1.0174317316262864,0.17735799570956404,identity_without_rescale_tags
,SAX,SAX_s19_2601,8,1,valid,0.9317882671134887,1.0,0.16442852142401218,identity_without_rescale_tags
,SAX,SAX_s19_2601,9,1,valid,0.9314891938473029,0.9973753280839895,0.16320508638156137,identity_without_rescale_tags
,SAX,SAX_s19_2601,10,1,valid,0.9406931542619521,0.989010989010989,0.1511875470579689,identity_without_rescale_tags
,SAX,SAX_s19_2601,11,1,valid,0.9312878811060543,0.9950229701740245,0.15267365889253212,identity_without_rescale_tags
,SAX,SAX_s19_2601,12,1,valid,0.9625956473573064,0.9967266688096004,0.11511129247218108,identity_without_rescale_tags
,SAX,SAX_s19_2601,13,1,valid,0.9701829913918358,1.0017406559045958,0.10571597663157811,identity_without_rescale_tags
,SAX,SAX_s19_2601,14,1,valid,0.9737980390757309,1.0,0.099043880044833,identity_without_rescale_tags
,SAX,SAX_s19_2601,15,1,valid,0.9445210207821104,0.9980430528375733,0.13216877715012915,identity_without_rescale_tags
,SAX,SAX_s19_2601,16,1,valid,0.9625848626309315,1.0013422818791946,0.11614190181757904,identity_without_rescale_tags
,SAX,SAX_s19_2601,17,1,valid,0.9678265231601598,0.9982691394529852,0.11045775378636574,identity_without_rescale_tags
,SAX,SAX_s19_2601,18,1,valid,0.9673272973578317,0.9945703747424809,0.11077100801577562,identity_without_rescale_tags
,SAX,SAX_s19_2601,19,1,valid,0.9467616036463773,0.9862068965517241,0.13559945631067338,identity_without_rescale_tags
,SAX,SAX_s19_2601,20,1,valid,0.9615732433626105,0.9901960784313726,0.11166205071387225,identity_without_rescale_tags
,SAX,SAX_s19_2601,21,1,valid,0.9728499666006813,0.9873417721518988,0.1035359389534475,identity_without_rescale_tags
,SAX,SAX_s19_2601,22,1,valid,0.9583202956348725,0.996592835086253,0.1250561937548074,identity_without_rescale_tags
,SAX,SAX_s19_2601,23,1,valid,0.9343676381276952,1.0024265956294194,0.15718076497950767,identity_without_rescale_tags
,SAX,SAX_s19_2601,24,1,valid,0.9109164916034639,1.0016787996817138,0.18174807794046616,identity_without_rescale_tags
,SAX,SAX_s19_2601,25,1,valid,0.8983741001881036,1.0,0.20152794353342365,identity_without_rescale_tags
,SAX,SAX_s19_2601,26,1,valid,0.8725202662955964,1.0,0.22895850023505737,identity_without_rescale_tags
,SAX,SAX_s19_2601,27,1,valid,0.8787437719364192,0.9896907216494846,0.21464681132766358,identity_without_rescale_tags
,SAX,SAX_s19_2601,28,1,valid,0.8707350176757787,0.978021978021978,0.21854828339821303,identity_without_rescale_tags
,SAX,SAX_s19_2601,29,1,valid,0.918483555136485,0.990990990990991,0.1741386133526495,identity_without_rescale_tags
,SAX,SAX_s19_2601,30,1,valid,0.9280721697601866,0.9981167608286252,0.1638737479299456,identity_without_rescale_tags
,SAX,SAX_s19_2601,31,1,valid,0.9478174682086815,1.0,0.13625062222220127,identity_without_rescale_tags
,SAX,SAX_s19_2601,32,1,valid,0.9306089703134097,1.0,0.15082697593958894,identity_without_rescale_tags
,SAX,SAX_s19_2601,33,1,valid,0.9617139524411791,1.0076335877862594,0.12291665151462046,identity_without_rescale_tags
,SAX,SAX_s19_2601,34,1,valid,0.970637340153215,1.0063694267515924,0.1090658922460495,identity_without_rescale_tags
,SAX,SAX_s19_2601,35,1,valid,0.9669302624125936,1.0078740157480315,0.10959905303950143,identity_without_rescale_tags
,SAX,SAX_s19_2601,36,1,valid,0.9706761499059956,1.0,0.10342828518783448,identity_without_rescale_tags
,SAX,SAX_s19_2601,37,1,valid,0.9349941541744398,0.9960083611215436,0.14269543158241815,identity_without_rescale_tags
,SAX,SAX_s19_2601,38,1,valid,0.9656774684524444,1.0,0.11405278330383917,identity_without_rescale_tags
,SAX,SAX_s19_2601,39,1,valid,0.9698186381427362,0.9924898802112031,0.11018519905252477,identity_without_rescale_tags
,SAX,SAX_s19_2601,40,1,valid,0.9661392862386091,0.9934018516006852,0.11126304744701998,identity_without_rescale_tags
,SAX,SAX_s19_2601,41,1,valid,0.9598316992162452,0.9894736842105263,0.12221685760108522,identity_without_rescale_tags
,SAX,SAX_s19_2601,42,1,valid,0.9447242568133166,0.9959221123034225,0.1367530952708278,identity_without_rescale_tags
,SAX,SAX_s19_2601,43,1,valid,0.9554885459152966,0.999018152371955,0.1278823457259921,identity_without_rescale_tags
,SAX,SAX_s19_2601,44,1,valid,0.9618076030913567,0.9948717948717949,0.11964502645829474,identity_without_rescale_tags
,SAX,SAX_s19_2601,45,1,valid,0.9651496969551807,0.9917266786140947,0.11530838993237677,identity_without_rescale_tags
,SAX,SAX_s19_2601,46,1,valid,0.9543052002821212,1.0,0.12105216418587246,identity_without_rescale_tags
,SAX,SAX_s19_2601,47,1,valid,0.9598389509892157,0.9956208838774012,0.11844545402006586,identity_without_rescale_tags
,SAX,SAX_s19_2601,48,1,valid,0.9567920939606505,0.9963956655604906,0.1296304286686848,identity_without_rescale_tags
,SAX,SAX_s19_2601,49,1,valid,0.9302446057642785,1.0016750606753553,0.1655743786644379,identity_without_rescale_tags
,SAX,SAX_s1_801,0,1,valid,0.9696771320973832,1.0514927832580576,0.1346191885461451,identity_without_rescale_tags
,SAX,SAX_s1_801,1,1,valid,0.9800936598047731,1.0222222222222221,0.10461471192890352,identity_without_rescale_tags
,SAX,SAX_s1_801,2,1,valid,0.9763156642873043,1.0096153846153846,0.10215694747906907,identity_without_rescale_tags
,SAX,SAX_s1_801,3,1,valid,0.9755893633647487,1.0044843049327354,0.09781969436542369,identity_without_rescale_tags
,SAX,SAX_s1_801,4,1,valid,0.9851790741617403,1.0042194092827004,0.07946317504556322,identity_without_rescale_tags
,SAX,SAX_s1_801,5,1,valid,0.9903594745252862,1.000653167864141,0.06845431690610317,identity_without_rescale_tags
,SAX,SAX_s1_801,6,1,valid,0.9910488511720411,1.0,0.06398182354518735,identity_without_rescale_tags
,SAX,SAX_s1_801,7,1,valid,0.9908665284806931,1.0,0.06533632942307284,identity_without_rescale_tags
,SAX,SAX_s1_801,8,1,valid,0.9747167411750164,1.0,0.08874624726722101,identity_without_rescale_tags
,SAX,SAX_s1_801,9,1,valid,0.9822068465608162,1.0,0.07330973330177648,identity_without_rescale_tags
,SAX,SAX_s1_801,10,1,valid,0.991072924929971,1.0,0.061220514824505474,identity_without_rescale_tags
,SAX,SAX_s1_801,11,1,valid,0.992624695377477,0.9987871432774345,0.06033768077126226,identity_without_rescale_tags
,SAX,SAX_s1_801,12,1,valid,0.9915512253992811,0.9970050910760864,0.06366133617906872,identity_without_rescale_tags
,SAX,SAX_s1_801,13,1,valid,0.9717895667848431,0.9974358974358974,0.0940028482301874,identity_without_rescale_tags
,SAX,SAX_s1_801,14,1,valid,0.9832226401914217,0.9978494623655914,0.08220016238709643,identity_without_rescale_tags
,SAX,SAX_s1_801,15,1,valid,0.9890325337896629,0.9987878787878788,0.07226111774509292,identity_without_rescale_tags
,SAX,SAX_s1_801,16,1,valid,0.9882952600178273,0.9984551905835036,0.0733519065388847,identity_without_rescale_tags
,SAX,SAX_s1_801,17,1,valid,0.978582780955579,1.0,0.08649870914503335,identity_without_rescale_tags
,SAX,SAX_s1_801,18,1,valid,0.9760284067146691,1.0,0.0882377643119934,identity_without_rescale_tags
,SAX,SAX_s1_801,19,1,valid,0.981876880143225,1.0,0.09136993239603217,identity_without_rescale_tags
,SAX,SAX_s1_801,20,1,valid,0.962712535632875,1.0075757575757576,0.1353437312658813,identity_without_rescale_tags
,SAX,SAX_s1_801,21,1,valid,0.9300492321296716,1.011422491164689,0.1862870320727876,identity_without_rescale_tags
,SAX,SAX_s1_801,22,1,valid,0.8990522819648482,1.0139268916120006,0.22535750690472178,identity_without_rescale_tags
,SAX,SAX_s1_801,23,0,low_ncc,0.874496986393845,1.012448132780083,0.24624714432160083,identity_without_rescale_tags
,SAX,SAX_s1_801,24,1,valid,0.8805177893974758,1.0,0.23344477826213636,identity_without_rescale_tags
,SAX,SAX_s1_801,25,1,valid,0.8878142468012546,0.998802388338848,0.22036160106008912,identity_without_rescale_tags
,SAX,SAX_s1_801,26,1,valid,0.8989986628042707,0.992171448331975,0.20653103659360775,identity_without_rescale_tags
,SAX,SAX_s1_801,27,1,valid,0.915507872684577,0.9954975227252455,0.18397748917384768,identity_without_rescale_tags
,SAX,SAX_s1_801,28,1,valid,0.9180703812522042,0.9974554707379135,0.17762839450538773,identity_without_rescale_tags
,SAX,SAX_s1_801,29,1,valid,0.9539095373475964,1.0,0.13898769518330104,identity_without_rescale_tags
,SAX,SAX_s1_801,30,1,valid,0.9694431818521113,0.9973801398539961,0.11949956658135015,identity_without_rescale_tags
,SAX,SAX_s1_801,31,1,valid,0.9806122145668952,1.0,0.09761601532981946,identity_without_rescale_tags
,SAX,SAX_s1_801,32,1,valid,0.9852684869455832,1.0,0.08668319719160952,identity_without_rescale_tags
,SAX,SAX_s1_801,33,1,valid,0.9852991953251274,1.0,0.08054699583091057,identity_without_rescale_tags
,SAX,SAX_s1_801,34,1,valid,0.9689583958900243,0.9984615056888786,0.10397768731474974,identity_without_rescale_tags
,SAX,SAX_s1_801,35,1,valid,0.9845645447008904,1.0,0.08708817271905646,identity_without_rescale_tags
,SAX,SAX_s1_801,36,1,valid,0.9877780977659019,1.0,0.08016164977367257,identity_without_rescale_tags
,SAX,SAX_s1_801,37,1,valid,0.9857209038688561,1.0,0.08301415223233614,identity_without_rescale_tags
,SAX,SAX_s1_801,38,1,valid,0.9828796238761469,0.9967845659163987,0.08805293769736185,identity_without_rescale_tags
,SAX,SAX_s1_801,39,1,valid,0.9720335243901743,1.0,0.10699767072070758,identity_without_rescale_tags
,SAX,SAX_s1_801,40,1,valid,0.9677303216320803,0.9969924744021129,0.10773884218958767,identity_without_rescale_tags
,SAX,SAX_s1_801,41,1,valid,0.9823584931466668,0.9969712258814176,0.0890474312305943,identity_without_rescale_tags
,SAX,SAX_s1_801,42,1,valid,0.9822321777125841,1.0,0.09031914005536452,identity_without_rescale_tags
,SAX,SAX_s1_801,43,1,valid,0.971027032358334,1.0,0.11775932857071199,identity_without_rescale_tags
,SAX,SAX_s1_801,44,1,valid,0.9538476598110375,1.002594038086266,0.1490916420982727,identity_without_rescale_tags
,SAX,SAX_s1_801,45,1,valid,0.928804752473298,1.0,0.1805491507266254,identity_without_rescale_tags
,SAX,SAX_s1_801,46,1,valid,0.9105417855176576,1.0,0.20412088494142577,identity_without_rescale_tags
,SAX,SAX_s1_801,47,1,valid,0.8980498137390005,1.0,0.2190607226071558,identity_without_rescale_tags
,SAX,SAX_s1_801,48,1,valid,0.9034761553869284,1.0,0.20429414580024405,identity_without_rescale_tags
,SAX,SAX_s1_801,49,1,valid,0.9132216811197487,0.9929806714646676,0.19050720432492962,identity_without_rescale_tags
,SAX,SAX_s20_2701,0,1,valid,0.8965801417273971,1.0501165501165501,0.20622063533073845,identity_without_rescale_tags
,SAX,SAX_s20_2701,1,1,valid,0.9154456195321893,1.0265151515151516,0.17689063993687112,identity_without_rescale_tags
,SAX,SAX_s20_2701,2,1,valid,0.9313451243234586,1.0153374233128833,0.15007343407818494,identity_without_rescale_tags
,SAX,SAX_s20_2701,3,1,valid,0.958999791366494,1.0218487394957982,0.1228570874809826,identity_without_rescale_tags
,SAX,SAX_s20_2701,4,1,valid,0.9611055818898501,1.012216404886562,0.12000084256499179,identity_without_rescale_tags
,SAX,SAX_s20_2701,5,1,valid,0.9714229591304633,1.0072289156626506,0.10037838481422515,identity_without_rescale_tags
,SAX,SAX_s20_2701,6,1,valid,0.9457571005866307,1.0067453625632379,0.12478186343533185,identity_without_rescale_tags
,SAX,SAX_s20_2701,7,1,valid,0.9738959406474401,1.011173184357542,0.09661843387700533,identity_without_rescale_tags
,SAX,SAX_s20_2701,8,1,valid,0.9743772734650443,1.0071599045346062,0.09897795684359403,identity_without_rescale_tags
,SAX,SAX_s20_2701,9,1,valid,0.9728168506678985,1.0,0.10324871126431856,identity_without_rescale_tags
,SAX,SAX_s20_2701,10,1,valid,0.9432090058346941,0.9971698113207547,0.13270882525713115,identity_without_rescale_tags
,SAX,SAX_s20_2701,11,1,valid,0.9656765626451641,0.9906542056074766,0.10537804007861205,identity_without_rescale_tags
,SAX,SAX_s20_2701,12,1,valid,0.9740178864174263,0.9947770188830856,0.10192014456079526,identity_without_rescale_tags
,SAX,SAX_s20_2701,13,1,valid,0.9565862938021934,0.9946524064171123,0.12884823134365683,identity_without_rescale_tags
,SAX,SAX_s20_2701,14,1,valid,0.932427041957422,1.0004217629692114,0.1572581356562165,identity_without_rescale_tags
,SAX,SAX_s20_2701,15,1,valid,0.9078227779752464,1.0,0.18570332721117824,identity_without_rescale_tags
,SAX,SAX_s20_2701,16,1,valid,0.9087289392259349,1.0,0.19065436245074918,identity_without_rescale_tags
,SAX,SAX_s20_2701,17,1,valid,0.9029147726497565,0.9920634920634921,0.197794146132548,identity_without_rescale_tags
,SAX,SAX_s20_2701,18,1,valid,0.9130255156246789,0.988950276243094,0.1798694035768598,identity_without_rescale_tags
,SAX,SAX_s20_2701,19,1,valid,0.9120297948366645,0.9907407407407407,0.17389497564865203,identity_without_rescale_tags
,SAX,SAX_s20_2701,20,1,valid,0.9585237853524581,1.0041152263374487,0.12568032938362092,identity_without_rescale_tags
,SAX,SAX_s20_2701,21,1,valid,0.96904050753023,1.0093727469358327,0.10933582552224679,identity_without_rescale_tags
,SAX,SAX_s20_2701,22,1,valid,0.9712723552331906,1.0068493150684932,0.1054876148298763,identity_without_rescale_tags
,SAX,SAX_s20_2701,23,1,valid,0.9497159224761612,1.0,0.12992968381150516,identity_without_rescale_tags
,SAX,SAX_s20_2701,24,1,valid,0.9481407771708257,1.0004342162396873,0.1316067263618647,identity_without_rescale_tags
,SAX,SAX_s20_2701,25,1,valid,0.9577280812434557,1.0034965034965035,0.12596951333640338,identity_without_rescale_tags
,SAX,SAX_s20_2701,26,1,valid,0.9585475847323195,0.9965277777777778,0.12365559786386156,identity_without_rescale_tags
,SAX,SAX_s20_2701,27,1,valid,0.9526795643480213,0.9934640522875817,0.13214133145871376,identity_without_rescale_tags
,SAX,SAX_s20_2701,28,1,valid,0.9491501077261038,0.991304347826087,0.13141100153367197,identity_without_rescale_tags
,SAX,SAX_s20_2701,29,1,valid,0.9466468707323762,0.9919540229885058,0.13343405048846693,identity_without_rescale_tags
,SAX,SAX_s20_2701,30,1,valid,0.96659067567535,0.9919137466307277,0.11696284024382975,identity_without_rescale_tags
,SAX,SAX_s20_2701,31,1,valid,0.9530844505713908,0.9935483870967742,0.13962937238167877,identity_without_rescale_tags
,SAX,SAX_s20_2701,32,1,valid,0.9267632911343686,1.0,0.1685948820484404,identity_without_rescale_tags
,SAX,SAX_s20_2701,33,1,valid,0.9020236965761008,1.0034843205574913,0.20129197008874775,identity_without_rescale_tags
,SAX,SAX_s20_2701,34,1,valid,0.892681467887313,1.0,0.2035098712393714,identity_without_rescale_tags
,SAX,SAX_s20_2701,35,1,valid,0.9221418812497784,0.9831460674157303,0.18184271167558486,identity_without_rescale_tags
,SAX,SAX_s20_2701,36,1,valid,0.936217239618669,0.9945619335347432,0.15849812969705354,identity_without_rescale_tags
,SAX,SAX_s20_2701,37,1,valid,0.9598595075147394,1.0,0.12082148739309688,identity_without_rescale_tags
,SAX,SAX_s20_2701,38,1,valid,0.94021120296171,1.002375296912114,0.13549480891491264,identity_without_rescale_tags
,SAX,SAX_s20_2701,39,1,valid,0.9680376205443805,1.0080862533692723,0.11171170091753187,identity_without_rescale_tags
,SAX,SAX_s20_2701,40,1,valid,0.9633291297891191,1.0075901328273245,0.11976263290111994,identity_without_rescale_tags
,SAX,SAX_s20_2701,41,1,valid,0.952625574931799,1.0,0.13092201097957223,identity_without_rescale_tags
,SAX,SAX_s20_2701,42,1,valid,0.9507604247376665,0.993234100135318,0.13279099140701045,identity_without_rescale_tags
,SAX,SAX_s20_2701,43,1,valid,0.9257636831123995,0.994535519125683,0.15698846327347013,identity_without_rescale_tags
,SAX,SAX_s20_2701,44,1,valid,0.9423574374023684,0.9946236559139785,0.14734502336236902,identity_without_rescale_tags
,SAX,SAX_s20_2701,45,1,valid,0.9480146096634614,0.9928400954653938,0.1384707033469925,identity_without_rescale_tags
,SAX,SAX_s20_2701,46,1,valid,0.9477760967014718,0.9855072463768116,0.1391140792986605,identity_without_rescale_tags
,SAX,SAX_s20_2701,47,1,valid,0.9481824163642999,0.9904974846282839,0.13384132211874164,identity_without_rescale_tags
,SAX,SAX_s20_2701,48,1,valid,0.9511172189726648,0.9914807302231238,0.127030920976263,identity_without_rescale_tags
,SAX,SAX_s20_2701,49,1,valid,0.9643497711709701,0.994475138121547,0.11773936956878212,identity_without_rescale_tags
,SAX,SAX_s21_2801,0,1,valid,0.8387572741465467,1.0551279774238747,0.24437376328274904,identity_without_rescale_tags
,SAX,SAX_s21_2801,1,1,valid,0.839444957423859,1.0261865238227812,0.2512726675759061,identity_without_rescale_tags
,SAX,SAX_s21_2801,2,1,valid,0.8761672088767718,1.0249257273821524,0.221016090410656,identity_without_rescale_tags
,SAX,SAX_s21_2801,3,1,valid,0.8614202660427122,1.004990850246263,0.2227055712815363,identity_without_rescale_tags
,SAX,SAX_s21_2801,4,1,valid,0.8904344749921494,1.0088227902435554,0.18836739900848462,identity_without_rescale_tags
,SAX,SAX_s21_2801,5,1,valid,0.9382222203464275,1.0125759804309205,0.14799190424404773,identity_without_rescale_tags
,SAX,SAX_s21_2801,6,1,valid,0.9441986642268815,1.0098062111346173,0.1354610965122585,identity_without_rescale_tags
,SAX,SAX_s21_2801,7,1,valid,0.9346663761703132,1.0077011948268848,0.14598943712210127,identity_without_rescale_tags
,SAX,SAX_s21_2801,8,1,valid,0.9466391955017189,1.0158730158730158,0.136638388214554,identity_without_rescale_tags
,SAX,SAX_s21_2801,9,1,valid,0.9383265263754287,1.0080042712226374,0.13707633271902228,identity_without_rescale_tags
,SAX,SAX_s21_2801,10,1,valid,0.9362671184940892,1.0056048587659363,0.1422392918632547,identity_without_rescale_tags
,SAX,SAX_s21_2801,11,1,valid,0.9469578103396908,0.9955947136563876,0.1304387425754257,identity_without_rescale_tags
,SAX,SAX_s21_2801,12,1,valid,0.9073385784239434,0.9957446808510638,0.16216639365634752,identity_without_rescale_tags
,SAX,SAX_s21_2801,13,1,valid,0.9354736854409781,0.9958012575659634,0.13205020498496392,identity_without_rescale_tags
,SAX,SAX_s21_2801,14,1,valid,0.9244452475616961,0.9919419770401537,0.14516838732319812,identity_without_rescale_tags
,SAX,SAX_s21_2801,15,1,valid,0.90784845716486,0.9982857002914309,0.17525093996902594,identity_without_rescale_tags
,SAX,SAX_s21_2801,16,1,valid,0.9067045207185175,1.0066225165562914,0.19540974849469303,identity_without_rescale_tags
,SAX,SAX_s21_2801,17,1,valid,0.88181139003715,1.0069284064665127,0.22096339993659012,identity_without_rescale_tags
,SAX,SAX_s21_2801,18,1,valid,0.8761944970355724,0.9929078014184397,0.22622522149669277,identity_without_rescale_tags
,SAX,SAX_s21_2801,19,1,valid,0.9003648372831127,0.9959349518859142,0.208195188374327,identity_without_rescale_tags
,SAX,SAX_s21_2801,20,1,valid,0.9197114580611938,0.9839243957944064,0.17689238174831312,identity_without_rescale_tags
,SAX,SAX_s21_2801,21,1,valid,0.9050086109521541,1.001034127269305,0.18145874174267795,identity_without_rescale_tags
,SAX,SAX_s21_2801,22,1,valid,0.9474844438909714,1.0114942528735633,0.13497155478729247,identity_without_rescale_tags
,SAX,SAX_s21_2801,23,1,valid,0.9215995809705032,1.0179689640327187,0.14064738695890408,identity_without_rescale_tags
,SAX,SAX_s21_2801,24,1,valid,0.9155198876458679,1.0105263157894737,0.15006468234805995,identity_without_rescale_tags
,SAX,SAX_s21_2801,25,1,valid,0.939596548268452,1.0,0.1304303048628268,identity_without_rescale_tags
,SAX,SAX_s21_2801,26,1,valid,0.9084496236898868,1.0,0.17042202475592438,identity_without_rescale_tags
,SAX,SAX_s21_2801,27,1,valid,0.934923899743368,1.0,0.14818690555461278,identity_without_rescale_tags
,SAX,SAX_s21_2801,28,1,valid,0.9466448787564662,0.9963680334176102,0.13843330011253122,identity_without_rescale_tags
,SAX,SAX_s21_2801,29,1,valid,0.9004719344218283,0.988919658142977,0.16851653980274858,identity_without_rescale_tags
,SAX,SAX_s21_2801,30,1,valid,0.9446582869571943,0.9859976156338663,0.13751386919239916,identity_without_rescale_tags
,SAX,SAX_s21_2801,31,1,valid,0.9197457436426406,0.9939726760236669,0.1603365183730075,identity_without_rescale_tags
,SAX,SAX_s21_2801,32,1,valid,0.9521780402005807,0.9921551532557225,0.12303329402799887,identity_without_rescale_tags
,SAX,SAX_s21_2801,33,1,valid,0.958598066544771,0.9935483870967742,0.12138474626001022,identity_without_rescale_tags
,SAX,SAX_s21_2801,34,1,valid,0.9113691264166279,0.9987233984762267,0.16483750916117465,identity_without_rescale_tags
,SAX,SAX_s21_2801,35,1,valid,0.9001898951391731,1.0,0.175326630364515,identity_without_rescale_tags
,SAX,SAX_s21_2801,36,1,valid,0.9175471071254439,0.999523126543386,0.17545028533446222,identity_without_rescale_tags
,SAX,SAX_s21_2801,37,1,valid,0.9333141432475129,0.9942857142857143,0.16232199207488782,identity_without_rescale_tags
,SAX,SAX_s21_2801,38,1,valid,0.9225455251065726,0.9852079497147015,0.1687192757378816,identity_without_rescale_tags
,SAX,SAX_s21_2801,39,1,valid,0.9327282000695152,0.9891459404147607,0.16298132652164812,identity_without_rescale_tags
,SAX,SAX_s21_2801,40,1,valid,0.9284614203910229,0.9855643905554473,0.1504280430463877,identity_without_rescale_tags
,SAX,SAX_s21_2801,41,1,valid,0.9162807755994483,1.0057061457061458,0.15280995973079595,identity_without_rescale_tags
,SAX,SAX_s21_2801,42,1,valid,0.9401736155930563,1.0124069478908189,0.1357253602200497,identity_without_rescale_tags
,SAX,SAX_s21_2801,43,1,valid,0.95325743982595,1.0071907974339265,0.12914304903598225,identity_without_rescale_tags
,SAX,SAX_s21_2801,44,1,valid,0.9446812168222561,1.0016220610831632,0.14275621623818635,identity_without_rescale_tags
,SAX,SAX_s21_2801,45,1,valid,0.9317029243878706,0.9915631586648159,0.14260706725464248,identity_without_rescale_tags
,SAX,SAX_s21_2801,46,1,valid,0.8969478420947888,0.9935283135276369,0.17439055873891152,identity_without_rescale_tags
,SAX,SAX_s21_2801,47,1,valid,0.9579636469151458,0.9869281045751634,0.12043459006550507,identity_without_rescale_tags
,SAX,SAX_s21_2801,48,1,valid,0.966730632106155,0.9885743954902833,0.10932787497522253,identity_without_rescale_tags
,SAX,SAX_s21_2801,49,1,valid,0.9534067934435617,0.9873358321106749,0.1254866594038086,identity_without_rescale_tags
,SAX,SAX_s22_2901,0,1,valid,0.9217174275431247,1.0674724900185022,0.17591788783600196,identity_without_rescale_tags
,SAX,SAX_s22_2901,1,1,valid,0.9080119255454085,1.0454545454545454,0.18937072456457943,identity_without_rescale_tags
,SAX,SAX_s22_2901,2,1,valid,0.8925399696791075,1.0373644576352818,0.20682301981893592,identity_without_rescale_tags
,SAX,SAX_s22_2901,3,1,valid,0.9106205717414694,1.0222906275730876,0.18630025183143276,identity_without_rescale_tags
,SAX,SAX_s22_2901,4,1,valid,0.9027292412912644,1.0090206335367626,0.1843788106545858,identity_without_rescale_tags
,SAX,SAX_s22_2901,5,1,valid,0.956981219966558,1.0021551824241157,0.12815270988639754,identity_without_rescale_tags
,SAX,SAX_s22_2901,6,1,valid,0.9602874843064737,1.0,0.1204940932824379,identity_without_rescale_tags
,SAX,SAX_s22_2901,7,1,valid,0.9374414776654685,1.000633377256582,0.13690701983432993,identity_without_rescale_tags
,SAX,SAX_s22_2901,8,1,valid,0.9456832459334724,1.0010808880456237,0.1328812243986252,identity_without_rescale_tags
,SAX,SAX_s22_2901,9,1,valid,0.9315602064727134,1.0,0.14790972696064533,identity_without_rescale_tags
,SAX,SAX_s22_2901,10,1,valid,0.9379200038171848,1.0139324294158183,0.14512656416673886,identity_without_rescale_tags
,SAX,SAX_s22_2901,11,1,valid,0.9310946209412801,1.0061479016897281,0.14891906641417685,identity_without_rescale_tags
,SAX,SAX_s22_2901,12,1,valid,0.9334354856225046,0.9991809991809992,0.15205256960362362,identity_without_rescale_tags
,SAX,SAX_s22_2901,13,1,valid,0.9066117122824392,0.995544002356235,0.17799365329829706,identity_without_rescale_tags
,SAX,SAX_s22_2901,14,1,valid,0.9294081729617385,0.9937206901531205,0.15036438433401317,identity_without_rescale_tags
,SAX,SAX_s22_2901,15,1,valid,0.9485498901436182,0.9942196531791907,0.128478925625288,identity_without_rescale_tags
,SAX,SAX_s22_2901,16,1,valid,0.9566565973958656,0.9910714285714286,0.1178435296772981,identity_without_rescale_tags
,SAX,SAX_s22_2901,17,1,valid,0.9594413328199302,0.9972318325842998,0.1193042484131209,identity_without_rescale_tags
,SAX,SAX_s22_2901,18,1,valid,0.9329941669422492,0.9987381658265053,0.14460012361371252,identity_without_rescale_tags
,SAX,SAX_s22_2901,19,1,valid,0.9480941627557281,0.9973118279569892,0.13759276045459912,identity_without_rescale_tags
,SAX,SAX_s22_2901,20,1,valid,0.9372666594372069,0.9971387696709585,0.1527323542589975,identity_without_rescale_tags
,SAX,SAX_s22_2901,21,1,valid,0.900099621083191,1.0,0.18347281823445138,identity_without_rescale_tags
,SAX,SAX_s22_2901,22,1,valid,0.9042588704916326,0.9945180436252536,0.17574584188288256,identity_without_rescale_tags
,SAX,SAX_s22_2901,23,1,valid,0.9192269354407043,0.9927272727272727,0.16261695765167883,identity_without_rescale_tags
,SAX,SAX_s22_2901,24,1,valid,0.9567629230672364,0.9981635977903146,0.120800078788494,identity_without_rescale_tags
,SAX,SAX_s22_2901,25,1,valid,0.9583884181014322,0.9985243254033063,0.10938958173631176,identity_without_rescale_tags
,SAX,SAX_s22_2901,26,1,valid,0.9527903597237312,1.0,0.11985446849456331,identity_without_rescale_tags
,SAX,SAX_s22_2901,27,1,valid,0.9084085881232162,0.9955555555555555,0.1602069288244969,identity_without_rescale_tags
,SAX,SAX_s22_2901,28,1,valid,0.9258321641115561,1.0,0.1567300724143492,identity_without_rescale_tags
,SAX,SAX_s22_2901,29,1,valid,0.9404385694622341,1.0,0.1458422540839805,identity_without_rescale_tags
,SAX,SAX_s22_2901,30,1,valid,0.9557734137240165,0.9927536231884058,0.12841265664348472,identity_without_rescale_tags
,SAX,SAX_s22_2901,31,1,valid,0.9539901712637919,0.9921031845015382,0.1302268440540904,identity_without_rescale_tags
,SAX,SAX_s22_2901,32,1,valid,0.907266245155437,0.9930625811529611,0.16160700251302165,identity_without_rescale_tags
,SAX,SAX_s22_2901,33,1,valid,0.8999932061242686,0.9939909849729489,0.17583107551495802,identity_without_rescale_tags
,SAX,SAX_s22_2901,34,1,valid,0.9463029904674891,0.9971923250754144,0.14854832236056512,identity_without_rescale_tags
,SAX,SAX_s22_2901,35,1,valid,0.9212784796216351,0.9981167608286252,0.18047456039647145,identity_without_rescale_tags
,SAX,SAX_s22_2901,36,1,valid,0.8865199655545278,0.9959407332220543,0.2171240926753049,identity_without_rescale_tags
,SAX,SAX_s22_2901,37,1,valid,0.8713820237693468,1.0027764929591942,0.23103913866878492,identity_without_rescale_tags
,SAX,SAX_s22_2901,38,1,valid,0.8707174912978198,0.9743589743589743,0.22265249725950187,identity_without_rescale_tags
,SAX,SAX_s22_2901,39,1,valid,0.9213910898919851,1.0046242836369856,0.17269619278514237,identity_without_rescale_tags
,SAX,SAX_s22_2901,40,1,valid,0.9345338392973822,1.008416527009643,0.1535600207304065,identity_without_rescale_tags
,SAX,SAX_s22_2901,41,1,valid,0.9451030213774817,1.0084388185654007,0.14408210150970668,identity_without_rescale_tags
,SAX,SAX_s22_2901,42,1,valid,0.9166612949978707,1.0030911974926422,0.17166354240340748,identity_without_rescale_tags
,SAX,SAX_s22_2901,43,1,valid,0.8966138997859932,1.0063302925299955,0.18352171415100804,identity_without_rescale_tags
,SAX,SAX_s22_2901,44,1,valid,0.9116517643047526,1.0044843049327354,0.17332385029935546,identity_without_rescale_tags
,SAX,SAX_s22_2901,45,1,valid,0.9421780787440769,0.9950980392156863,0.14978056015808458,identity_without_rescale_tags
,SAX,SAX_s22_2901,46,1,valid,0.9357302659477611,0.9935268097207498,0.15873840910366172,identity_without_rescale_tags
,SAX,SAX_s22_2901,47,1,valid,0.9185053661309076,0.9867966988775708,0.1750035546502967,identity_without_rescale_tags
,SAX,SAX_s22_2901,48,1,valid,0.9162143901459627,0.9935431757777893,0.17716017950822185,identity_without_rescale_tags
,SAX,SAX_s22_2901,49,1,valid,0.9445780519035454,0.9902912621359223,0.1431114292918121,identity_without_rescale_tags
,SAX,SAX_s23_3001,0,1,valid,0.8858874779885265,1.0609981515711646,0.21990411661066137,identity_without_rescale_tags
,SAX,SAX_s23_3001,1,1,valid,0.879752012289215,1.0241260462826194,0.21090120457616862,identity_without_rescale_tags
,SAX,SAX_s23_3001,2,1,valid,0.9134999106496798,1.0136388434260775,0.1795205291508634,identity_without_rescale_tags
,SAX,SAX_s23_3001,3,1,valid,0.9133719175575294,1.0045731707317074,0.16957055263583795,identity_without_rescale_tags
,SAX,SAX_s23_3001,4,1,valid,0.9248096077673251,1.0113960113960114,0.1504401728183646,identity_without_rescale_tags
,SAX,SAX_s23_3001,5,1,valid,0.9477701776425632,1.0217391304347827,0.12691016695509932,identity_without_rescale_tags
,SAX,SAX_s23_3001,6,1,valid,0.9331868548079197,1.0179856115107915,0.14399314941619581,identity_without_rescale_tags
,SAX,SAX_s23_3001,7,1,valid,0.9503300502534753,1.0076726342710998,0.12420719192247304,identity_without_rescale_tags
,SAX,SAX_s23_3001,8,1,valid,0.9040392967655244,1.009090909090909,0.17545008472999524,identity_without_rescale_tags
,SAX,SAX_s23_3001,9,1,valid,0.9340104409166733,1.0115146147032772,0.15175741984890687,identity_without_rescale_tags
,SAX,SAX_s23_3001,10,1,valid,0.9536805815463307,1.001330376940133,0.1326903773817673,identity_without_rescale_tags
,SAX,SAX_s23_3001,11,1,valid,0.9506908484693825,1.0013198416190057,0.13972197850922494,identity_without_rescale_tags
,SAX,SAX_s23_3001,12,1,valid,0.933821726649069,0.9910714285714286,0.1517770177961134,identity_without_rescale_tags
,SAX,SAX_s23_3001,13,1,valid,0.9347312759054407,0.9991103202846975,0.14532266106736028,identity_without_rescale_tags
,SAX,SAX_s23_3001,14,1,valid,0.9647942901541361,0.9933333333333333,0.11330776262064998,identity_without_rescale_tags
,SAX,SAX_s23_3001,15,1,valid,0.9255418763633175,0.9953917050691244,0.152098995351319,identity_without_rescale_tags
,SAX,SAX_s23_3001,16,1,valid,0.9088200234606262,1.0011273957158964,0.1768823068809181,identity_without_rescale_tags
,SAX,SAX_s23_3001,17,1,valid,0.8893906612459422,1.0127226463104326,0.21254476065277444,identity_without_rescale_tags
,SAX,SAX_s23_3001,18,1,valid,0.8848184440227789,1.004566210045662,0.22072115481353566,identity_without_rescale_tags
,SAX,SAX_s23_3001,19,1,valid,0.8892309098895552,0.9989615784008308,0.21607945719056756,identity_without_rescale_tags
,SAX,SAX_s23_3001,20,1,valid,0.8941998107451976,1.0,0.2051613280357145,identity_without_rescale_tags
,SAX,SAX_s23_3001,21,1,valid,0.9151633770287873,0.9935760171306209,0.16877167297052317,identity_without_rescale_tags
,SAX,SAX_s23_3001,22,1,valid,0.9274749976624349,1.0056818181818181,0.1520725553404691,identity_without_rescale_tags
,SAX,SAX_s23_3001,23,1,valid,0.9659742238030488,1.0078171978352375,0.11259169144299966,identity_without_rescale_tags
,SAX,SAX_s23_3001,24,1,valid,0.9662384075330993,1.0086655112651646,0.11170560591729321,identity_without_rescale_tags
,SAX,SAX_s23_3001,25,1,valid,0.9667268316031364,1.004149377593361,0.11289991132645986,identity_without_rescale_tags
,SAX,SAX_s23_3001,26,1,valid,0.9186794953119133,0.9984756097560976,0.14890433425780722,identity_without_rescale_tags
,SAX,SAX_s23_3001,27,1,valid,0.8969408017000569,0.9987878787878788,0.1838619904235097,identity_without_rescale_tags
,SAX,SAX_s23_3001,28,1,valid,0.93113102559952,0.9966777408637874,0.15621314662933303,identity_without_rescale_tags
,SAX,SAX_s23_3001,29,1,valid,0.9494318741454587,0.9994987468671679,0.14269668627149068,identity_without_rescale_tags
,SAX,SAX_s23_3001,30,1,valid,0.9537214695607606,0.9875518672199171,0.13266783743867377,identity_without_rescale_tags
,SAX,SAX_s23_3001,31,1,valid,0.9510667509233441,0.9894419306184012,0.12848955838509915,identity_without_rescale_tags
,SAX,SAX_s23_3001,32,1,valid,0.918438292908565,0.9863636363636363,0.15308288972426262,identity_without_rescale_tags
,SAX,SAX_s23_3001,33,1,valid,0.9385549777052759,0.9929824561403509,0.1439082800360326,identity_without_rescale_tags
,SAX,SAX_s23_3001,34,1,valid,0.9493328054872144,0.9947089947089947,0.1387209137274169,identity_without_rescale_tags
,SAX,SAX_s23_3001,35,1,valid,0.9309243820294703,1.0007272727272727,0.17206062626046656,identity_without_rescale_tags
,SAX,SAX_s23_3001,36,1,valid,0.9045025461791653,1.0031948881789137,0.20135003103926197,identity_without_rescale_tags
,SAX,SAX_s23_3001,37,1,valid,0.8764227539627432,1.0053475935828877,0.21672158030765787,identity_without_rescale_tags
,SAX,SAX_s23_3001,38,1,valid,0.874524742024479,0.9936102236421726,0.2077754420833613,identity_without_rescale_tags
,SAX,SAX_s23_3001,39,1,valid,0.955960467452711,0.9963636363636363,0.1344381986940003,identity_without_rescale_tags
,SAX,SAX_s23_3001,40,1,valid,0.961707567783509,0.9985652797704447,0.12157501479981905,identity_without_rescale_tags
,SAX,SAX_s23_3001,41,1,valid,0.9536018502646274,0.9933481152993349,0.1220727494258182,identity_without_rescale_tags
,SAX,SAX_s23_3001,42,1,valid,0.9663657224015629,0.9931506849315068,0.10371671707390144,identity_without_rescale_tags
,SAX,SAX_s23_3001,43,1,valid,0.9330178212845659,0.9882352941176471,0.13424613490826434,identity_without_rescale_tags
,SAX,SAX_s23_3001,44,1,valid,0.964083759123245,0.9988151658767772,0.10916606221669589,identity_without_rescale_tags
,SAX,SAX_s23_3001,45,1,valid,0.9547275973760891,0.996742671009772,0.11873080809468389,identity_without_rescale_tags
,SAX,SAX_s23_3001,46,1,valid,0.9505487616038825,0.9950617283950617,0.13300554574817686,identity_without_rescale_tags
,SAX,SAX_s23_3001,47,1,valid,0.9515793066083718,0.98989898989899,0.12660629513361565,identity_without_rescale_tags
,SAX,SAX_s23_3001,48,1,valid,0.9044370926044509,0.9889669007021064,0.15790095924123765,identity_without_rescale_tags
,SAX,SAX_s23_3001,49,1,valid,0.9378386762886474,0.9878542510121457,0.13143182106793092,identity_without_rescale_tags
,SAX,SAX_s24_3101,0,1,valid,0.8429347598677588,1.0801801801801802,0.25230055385376404,identity_without_rescale_tags
,SAX,SAX_s24_3101,1,1,valid,0.8100076744948967,1.0391841116478797,0.2343599564805285,identity_without_rescale_tags
,SAX,SAX_s24_3101,2,1,valid,0.807306978616356,1.0225763612217795,0.22625451875982414,identity_without_rescale_tags
,SAX,SAX_s24_3101,3,1,valid,0.8998230358583638,1.0155102040816326,0.16761908191399286,identity_without_rescale_tags
,SAX,SAX_s24_3101,4,1,valid,0.8712344591272492,1.0146931719965429,0.18804434412183935,identity_without_rescale_tags
,SAX,SAX_s24_3101,5,1,valid,0.9425068913688776,1.0268562401263823,0.13744680330363485,identity_without_rescale_tags
,SAX,SAX_s24_3101,6,1,valid,0.9135970877921076,1.0204488778054863,0.15515893073494505,identity_without_rescale_tags
,SAX,SAX_s24_3101,7,1,valid,0.9485624019056026,1.0126582278481013,0.13675684862601284,identity_without_rescale_tags
,SAX,SAX_s24_3101,8,1,valid,0.8864025729025403,1.0032715376226826,0.16197555397967892,identity_without_rescale_tags
,SAX,SAX_s24_3101,9,1,valid,0.8470652846757265,1.0017574692442883,0.2087313398470447,identity_without_rescale_tags
,SAX,SAX_s24_3101,10,1,valid,0.8624921846237387,0.998661311914324,0.18789029700651202,identity_without_rescale_tags
,SAX,SAX_s24_3101,11,1,valid,0.8795236298714627,0.9974785678265254,0.17359369865643348,identity_without_rescale_tags
,SAX,SAX_s24_3101,12,1,valid,0.826662112380897,1.0,0.19332695305013076,identity_without_rescale_tags
,SAX,SAX_s24_3101,13,1,valid,0.7860239739245208,1.0017094017094017,0.22074600950565326,identity_without_rescale_tags
,SAX,SAX_s24_3101,14,1,valid,0.8630866841563811,1.0113805047006432,0.21733222721648845,identity_without_rescale_tags
,SAX,SAX_s24_3101,15,1,valid,0.8602541360397831,1.002865329512894,0.2186686245008597,identity_without_rescale_tags
,SAX,SAX_s24_3101,16,1,valid,0.8853085125497614,1.0019238168526357,0.20956147379223128,identity_without_rescale_tags
,SAX,SAX_s24_3101,17,1,valid,0.8370475395156463,0.9980732177263969,0.23230398989634707,identity_without_rescale_tags
,SAX,SAX_s24_3101,18,1,valid,0.889858086909478,0.9945652173913043,0.1913901377730608,identity_without_rescale_tags
,SAX,SAX_s24_3101,19,1,valid,0.7971048196864989,1.0,0.21372895980950504,identity_without_rescale_tags
,SAX,SAX_s24_3101,20,1,valid,0.8428482334587256,1.0167064439140812,0.1763622413930444,identity_without_rescale_tags
,SAX,SAX_s24_3101,21,1,valid,0.8623274861500394,1.0098176718092566,0.17423751839900894,identity_without_rescale_tags
,SAX,SAX_s24_3101,22,1,valid,0.8488845685556076,1.0060851926977687,0.1871474057945121,identity_without_rescale_tags
,SAX,SAX_s24_3101,23,1,valid,0.8386301249788413,1.0,0.18635283043563244,identity_without_rescale_tags
,SAX,SAX_s24_3101,24,1,valid,0.8192929191813626,1.0,0.2116531409982562,identity_without_rescale_tags
,SAX,SAX_s24_3101,25,1,valid,0.9426100016351809,1.002729754322111,0.1500873806885207,identity_without_rescale_tags
,SAX,SAX_s24_3101,26,1,valid,0.9607024454323302,0.988313856427379,0.12812171533892225,identity_without_rescale_tags
,SAX,SAX_s24_3101,27,1,valid,0.95895617871316,0.9859154929577465,0.12150665157867023,identity_without_rescale_tags
,SAX,SAX_s24_3101,28,1,valid,0.9612576533450513,0.9938786867000556,0.12289525342600896,identity_without_rescale_tags
,SAX,SAX_s24_3101,29,1,valid,0.9444121792571043,0.9905660377358491,0.14131605526051852,identity_without_rescale_tags
,SAX,SAX_s24_3101,30,1,valid,0.9611115942273124,0.9912621359223301,0.12796771095675916,identity_without_rescale_tags
,SAX,SAX_s24_3101,31,1,valid,0.9417626382010029,0.99,0.15362568947708538,identity_without_rescale_tags
,SAX,SAX_s24_3101,32,1,valid,0.933128491749678,0.9896907216494846,0.1612055905929641,identity_without_rescale_tags
,SAX,SAX_s24_3101,33,1,valid,0.9293080992812373,0.9896193771626297,0.15948105723582148,identity_without_rescale_tags
,SAX,SAX_s24_3101,34,1,valid,0.9489113204930045,0.9895678092399404,0.13636604668112334,identity_without_rescale_tags
,SAX,SAX_s24_3101,35,1,valid,0.9667618123337716,0.9978308026030369,0.11370709403629443,identity_without_rescale_tags
,SAX,SAX_s24_3101,36,1,valid,0.954231699714431,1.0007007708479327,0.1306000012692373,identity_without_rescale_tags
,SAX,SAX_s24_3101,37,1,valid,0.9623530323433199,0.9970326409495549,0.12068438483200755,identity_without_rescale_tags
,SAX,SAX_s24_3101,38,1,valid,0.9181576906521383,0.9975490196078431,0.16851865088839238,identity_without_rescale_tags
,SAX,SAX_s24_3101,39,1,valid,0.9414552103029106,1.0,0.15194430534348158,identity_without_rescale_tags
,SAX,SAX_s24_3101,40,1,valid,0.945044620998893,0.9921875,0.14836813863425366,identity_without_rescale_tags
,SAX,SAX_s24_3101,41,1,valid,0.9412488965258319,0.9889233495790872,0.15297238854459172,identity_without_rescale_tags
,SAX,SAX_s24_3101,42,1,valid,0.9357072307299495,0.9871977240398293,0.15709454805819426,identity_without_rescale_tags
,SAX,SAX_s24_3101,43,1,valid,0.9346062796584012,0.9859154929577465,0.15036005436126726,identity_without_rescale_tags
,SAX,SAX_s24_3101,44,1,valid,0.9621613418782555,0.9878934624697336,0.11679397885502825,identity_without_rescale_tags
,SAX,SAX_s24_3101,45,1,valid,0.9596687702945228,0.9875311720698254,0.12324883264800304,identity_without_rescale_tags
,SAX,SAX_s24_3101,46,1,valid,0.9542391186914874,0.9952406134320465,0.13353218478770787,identity_without_rescale_tags
,SAX,SAX_s24_3101,47,1,valid,0.9245976711699166,1.0,0.16629630430202563,identity_without_rescale_tags
,SAX,SAX_s24_3101,48,1,valid,0.9410383781195955,0.9962546816479401,0.1551910786573639,identity_without_rescale_tags
,SAX,SAX_s24_3101,49,1,valid,0.9228895052525992,0.9965753424657534,0.1801723288144962,identity_without_rescale_tags
,SAX,SAX_s25_3201,0,1,valid,0.9183108043138178,1.0601626016260162,0.18415670789899108,identity_without_rescale_tags
,SAX,SAX_s25_3201,1,1,valid,0.9427592767865729,1.0395936468646865,0.15242009745653967,identity_without_rescale_tags
,SAX,SAX_s25_3201,2,1,valid,0.926345259568644,1.029769289849935,0.1646887296530249,identity_without_rescale_tags
,SAX,SAX_s25_3201,3,1,valid,0.960367975645992,1.028447473175731,0.13268360405946272,identity_without_rescale_tags
,SAX,SAX_s25_3201,4,1,valid,0.9666204552998727,1.0233313562672994,0.12071011569991666,identity_without_rescale_tags
,SAX,SAX_s25_3201,5,1,valid,0.9667178268159383,1.014578725262999,0.1158056515700471,identity_without_rescale_tags
,SAX,SAX_s25_3201,6,1,valid,0.960913993343375,1.0060634341548949,0.12249868813403236,identity_without_rescale_tags
,SAX,SAX_s25_3201,7,1,valid,0.9340829502306968,1.0,0.15423092260111726,identity_without_rescale_tags
,SAX,SAX_s25_3201,8,1,valid,0.9456137871630462,0.9983443663226568,0.13458703586678925,identity_without_rescale_tags
,SAX,SAX_s25_3201,9,1,valid,0.9688746740468595,0.9908683787570858,0.1100255080442775,identity_without_rescale_tags
,SAX,SAX_s25_3201,10,1,valid,0.9686054642851483,0.9919354838709677,0.1124801111989882,identity_without_rescale_tags
,SAX,SAX_s25_3201,11,1,valid,0.9504263370424516,0.995380063060878,0.13772561749203802,identity_without_rescale_tags
,SAX,SAX_s25_3201,12,1,valid,0.9396186093043746,1.0029006541721883,0.15682493460474334,identity_without_rescale_tags
,SAX,SAX_s25_3201,13,1,valid,0.90988576710521,1.0082644628099173,0.18936157725340022,identity_without_rescale_tags
,SAX,SAX_s25_3201,14,1,valid,0.9048960812110327,1.0049834024552777,0.2057372731407855,identity_without_rescale_tags
,SAX,SAX_s25_3201,15,1,valid,0.8623211865015633,1.006655592469546,0.25350390695086467,identity_without_rescale_tags
,SAX,SAX_s25_3201,16,1,valid,0.8476517568815386,1.0,0.2642017851905062,identity_without_rescale_tags
,SAX,SAX_s25_3201,17,1,valid,0.8494414603522346,0.9974560045734749,0.2557766459079433,identity_without_rescale_tags
,SAX,SAX_s25_3201,18,1,valid,0.8560669679426167,0.9795918367346939,0.24758946192561349,identity_without_rescale_tags
,SAX,SAX_s25_3201,19,1,valid,0.8962733586570525,0.997657156239594,0.21011109115223514,identity_without_rescale_tags
,SAX,SAX_s25_3201,20,1,valid,0.9092129016121834,1.007324797854539,0.19509224960226587,identity_without_rescale_tags
,SAX,SAX_s25_3201,21,1,valid,0.9380770384800519,1.0024767811353628,0.16193227789427966,identity_without_rescale_tags
,SAX,SAX_s25_3201,22,1,valid,0.9259179665688236,1.0,0.1688277123782964,identity_without_rescale_tags
,SAX,SAX_s25_3201,23,1,valid,0.9689220557714903,1.0104953345820424,0.11809422640173345,identity_without_rescale_tags
,SAX,SAX_s25_3201,24,1,valid,0.9733033011796569,1.0103846169208013,0.10517857710381298,identity_without_rescale_tags
,SAX,SAX_s25_3201,25,1,valid,0.9636682086508228,1.0038332543539672,0.11461851582046603,identity_without_rescale_tags
,SAX,SAX_s25_3201,26,1,valid,0.9603754175615496,0.9965197028423773,0.12561723022445279,identity_without_rescale_tags
,SAX,SAX_s25_3201,27,1,valid,0.9359641810665777,0.9963556677070191,0.1460487413519593,identity_without_rescale_tags
,SAX,SAX_s25_3201,28,1,valid,0.9532897213220719,1.0,0.13639225169858452,identity_without_rescale_tags
,SAX,SAX_s25_3201,29,1,valid,0.9566742083078592,0.9914040114613181,0.13353137430176976,identity_without_rescale_tags
,SAX,SAX_s25_3201,30,1,valid,0.9524165974492084,0.9885057471264368,0.14047003216433274,identity_without_rescale_tags
,SAX,SAX_s25_3201,31,1,valid,0.942944281759833,0.9880537551287387,0.14867449527140386,identity_without_rescale_tags
,SAX,SAX_s25_3201,32,1,valid,0.9437991547293252,0.9875111408199644,0.13689410738163263,identity_without_rescale_tags
,SAX,SAX_s25_3201,33,1,valid,0.9669461179791844,0.9881497819627286,0.11657342951205513,identity_without_rescale_tags
,SAX,SAX_s25_3201,34,1,valid,0.9607895404826846,0.9881536635632433,0.1270988277537367,identity_without_rescale_tags
,SAX,SAX_s25_3201,35,1,valid,0.947504206505571,0.991357579001749,0.14451125903183962,identity_without_rescale_tags
,SAX,SAX_s25_3201,36,1,valid,0.9229896914233638,1.0,0.17542082415696345,identity_without_rescale_tags
,SAX,SAX_s25_3201,37,1,valid,0.9133792229625171,0.9974811083123426,0.18516751694907901,identity_without_rescale_tags
,SAX,SAX_s25_3201,38,1,valid,0.9236521363346989,0.9948892674616695,0.17774762783177678,identity_without_rescale_tags
,SAX,SAX_s25_3201,39,1,valid,0.9206639958237558,0.9896049896049897,0.17912809625729498,identity_without_rescale_tags
,SAX,SAX_s25_3201,40,1,valid,0.939955168939117,0.9855793987166284,0.16014192167377372,identity_without_rescale_tags
,SAX,SAX_s25_3201,41,1,valid,0.9352580683382279,0.9956353045020712,0.14640952047845202,identity_without_rescale_tags
,SAX,SAX_s25_3201,42,1,valid,0.9682118323723655,1.0066335174143584,0.11111902737304998,identity_without_rescale_tags
,SAX,SAX_s25_3201,43,1,valid,0.9666538009552211,1.0069892493320758,0.11382564494954703,identity_without_rescale_tags
,SAX,SAX_s25_3201,44,1,valid,0.9618352989683516,0.9995730144396598,0.12031583365231187,identity_without_rescale_tags
,SAX,SAX_s25_3201,45,1,valid,0.9294202347896472,0.9913496941966693,0.1570817435069047,identity_without_rescale_tags
,SAX,SAX_s25_3201,46,1,valid,0.9352964604098317,0.995042067195781,0.1522337464804414,identity_without_rescale_tags
,SAX,SAX_s25_3201,47,1,valid,0.9446764798460697,0.9938931155366599,0.14711029013113885,identity_without_rescale_tags
,SAX,SAX_s25_3201,48,1,valid,0.9365768682589563,0.9911958866769155,0.15659889974956664,identity_without_rescale_tags
,SAX,SAX_s25_3201,49,1,valid,0.9502604728423745,0.9852033816494544,0.14622456637715237,identity_without_rescale_tags
,SAX,SAX_s26_3301,0,1,valid,0.9584607398460165,1.0569229956724482,0.13383267663761653,identity_without_rescale_tags
,SAX,SAX_s26_3301,1,1,valid,0.9394788922956042,1.0515873015873016,0.14905992372546079,identity_without_rescale_tags
,SAX,SAX_s26_3301,2,1,valid,0.970163055175515,1.0249354352320446,0.11276647487330259,identity_without_rescale_tags
,SAX,SAX_s26_3301,3,1,valid,0.9549087805866477,1.0153205316107652,0.13495073862207288,identity_without_rescale_tags
,SAX,SAX_s26_3301,4,1,valid,0.9356839354349784,1.0101010101010102,0.15473229978920547,identity_without_rescale_tags
,SAX,SAX_s26_3301,5,1,valid,0.9187389118430693,1.0121065375302662,0.17532468795417194,identity_without_rescale_tags
,SAX,SAX_s26_3301,6,1,valid,0.9355233134698648,0.9995353150820703,0.15146674511534566,identity_without_rescale_tags
,SAX,SAX_s26_3301,7,1,valid,0.9625582915949127,1.0,0.12015432822484379,identity_without_rescale_tags
,SAX,SAX_s26_3301,8,1,valid,0.9621887041957594,1.0,0.11584910733936647,identity_without_rescale_tags
,SAX,SAX_s26_3301,9,1,valid,0.964874123705865,1.0,0.11354000224142682,identity_without_rescale_tags
,SAX,SAX_s26_3301,10,1,valid,0.9415789144380743,1.0035408678208357,0.14002908428294353,identity_without_rescale_tags
,SAX,SAX_s26_3301,11,1,valid,0.960340342696808,1.0101010101010102,0.12727445884450636,identity_without_rescale_tags
,SAX,SAX_s26_3301,12,1,valid,0.9541519351597468,1.005586592178771,0.1345744385988189,identity_without_rescale_tags
,SAX,SAX_s26_3301,13,1,valid,0.9609667002489837,0.9966887417218543,0.1274009212483167,identity_without_rescale_tags
,SAX,SAX_s26_3301,14,1,valid,0.9131726294242197,0.9950248756218906,0.17604874552977176,identity_without_rescale_tags
,SAX,SAX_s26_3301,15,1,valid,0.9420950769542831,0.9966592386189039,0.14950928539866476,identity_without_rescale_tags
,SAX,SAX_s26_3301,16,1,valid,0.9641900032386787,0.9910926334385926,0.12164918790003734,identity_without_rescale_tags
,SAX,SAX_s26_3301,17,1,valid,0.9677005443688126,0.9949748743718593,0.10625252274225722,identity_without_rescale_tags
,SAX,SAX_s26_3301,18,1,valid,0.9657123056905202,1.0,0.113133025416365,identity_without_rescale_tags
,SAX,SAX_s26_3301,19,1,valid,0.9507677145389838,0.9981084481761313,0.13126390182681152,identity_without_rescale_tags
,SAX,SAX_s26_3301,20,1,valid,0.9635495363207678,1.0,0.12460264721822663,identity_without_rescale_tags
,SAX,SAX_s26_3301,21,1,valid,0.9362573759706169,0.9994853314155769,0.155638496657338,identity_without_rescale_tags
,SAX,SAX_s26_3301,22,1,valid,0.9418106862624219,0.9917093757537357,0.14794166836848116,identity_without_rescale_tags
,SAX,SAX_s26_3301,23,1,valid,0.9373808779514784,0.9873161023971305,0.14176107082596368,identity_without_rescale_tags
,SAX,SAX_s26_3301,24,1,valid,0.9738351136403869,1.0007674759817715,0.0984099881548949,identity_without_rescale_tags
,SAX,SAX_s26_3301,25,1,valid,0.9707357345343194,1.0076242608070292,0.11092882458417527,identity_without_rescale_tags
,SAX,SAX_s26_3301,26,1,valid,0.9522694568674932,1.0035481975743843,0.13312250561895242,identity_without_rescale_tags
,SAX,SAX_s26_3301,27,1,valid,0.95956281756753,0.997979797979798,0.1278916788797958,identity_without_rescale_tags
,SAX,SAX_s26_3301,28,1,valid,0.9184576841152462,0.9967545633604027,0.16898753306703743,identity_without_rescale_tags
,SAX,SAX_s26_3301,29,1,valid,0.9423901656560846,1.0,0.15027031087428894,identity_without_rescale_tags
,SAX,SAX_s26_3301,30,1,valid,0.9486864207860667,0.9944539811524705,0.14381359671842878,identity_without_rescale_tags
,SAX,SAX_s26_3301,31,1,valid,0.9392883181907,0.9929078014184397,0.153825055106639,identity_without_rescale_tags
,SAX,SAX_s26_3301,32,1,valid,0.9516965035819837,0.9884268083571897,0.14293217867361346,identity_without_rescale_tags
,SAX,SAX_s26_3301,33,1,valid,0.919770606009975,0.9920466573610589,0.16296636112643445,identity_without_rescale_tags
,SAX,SAX_s26_3301,34,1,valid,0.9509027638894701,0.9917581795539454,0.13066384214658616,identity_without_rescale_tags
,SAX,SAX_s26_3301,35,1,valid,0.9652460447843625,0.9900990099009901,0.1119497359126233,identity_without_rescale_tags
,SAX,SAX_s26_3301,36,1,valid,0.9598059348197082,0.994475138121547,0.11471267288980137,identity_without_rescale_tags
,SAX,SAX_s26_3301,37,1,valid,0.973552260206322,0.9974811083123426,0.1023325737826717,identity_without_rescale_tags
,SAX,SAX_s26_3301,38,1,valid,0.9489979187620838,1.0,0.12886728533514744,identity_without_rescale_tags
,SAX,SAX_s26_3301,39,1,valid,0.9693626267081152,0.9974811083123426,0.11228616122967565,identity_without_rescale_tags
,SAX,SAX_s26_3301,40,1,valid,0.9456291369844422,0.9979389938789986,0.14268787266592306,identity_without_rescale_tags
,SAX,SAX_s26_3301,41,1,valid,0.9145588863531672,0.9974895379909581,0.17980004127965515,identity_without_rescale_tags
,SAX,SAX_s26_3301,42,1,valid,0.8959938813291664,1.0028985507246377,0.20206711331046798,identity_without_rescale_tags
,SAX,SAX_s26_3301,43,1,valid,0.9089468792877317,0.9883878740755918,0.18246709167587508,identity_without_rescale_tags
,SAX,SAX_s26_3301,44,1,valid,0.9438412586290347,0.993571515990546,0.1469612063577897,identity_without_rescale_tags
,SAX,SAX_s26_3301,45,1,valid,0.9450618601112278,0.9984051036682615,0.13733787738966893,identity_without_rescale_tags
,SAX,SAX_s26_3301,46,1,valid,0.9622318243761715,0.9950678100103387,0.11621115969255705,identity_without_rescale_tags
,SAX,SAX_s26_3301,47,1,valid,0.9464996209089854,0.9963898916967509,0.1318321914590099,identity_without_rescale_tags
,SAX,SAX_s26_3301,48,1,valid,0.9689027536537697,1.0054619947592696,0.11432741477623615,identity_without_rescale_tags
,SAX,SAX_s26_3301,49,1,valid,0.9611793461153341,1.0058985486740442,0.12453160728931408,identity_without_rescale_tags
,SAX,SAX_s27_3401,0,1,valid,0.9412159581628682,1.0588235294117647,0.16638577099753016,identity_without_rescale_tags
,SAX,SAX_s27_3401,1,1,valid,0.9535504698054673,1.0273175898509908,0.1427712189515325,identity_without_rescale_tags
,SAX,SAX_s27_3401,2,1,valid,0.9442369971452889,1.0144230769230769,0.14736101726280035,identity_without_rescale_tags
,SAX,SAX_s27_3401,3,1,valid,0.9651636055653803,1.0063104798566402,0.12267879900008773,identity_without_rescale_tags
,SAX,SAX_s27_3401,4,1,valid,0.9364489955948743,1.006896551724138,0.1400103569873499,identity_without_rescale_tags
,SAX,SAX_s27_3401,5,1,valid,0.9756851478208322,1.0016339912907197,0.09716795142117413,identity_without_rescale_tags
,SAX,SAX_s27_3401,6,1,valid,0.9744347243164843,1.0019512213693957,0.10054259632772902,identity_without_rescale_tags
,SAX,SAX_s27_3401,7,1,valid,0.9526845792617559,1.008130081300813,0.1311871570537685,identity_without_rescale_tags
,SAX,SAX_s27_3401,8,1,valid,0.9407311081060246,1.0121387323795423,0.15232871680203533,identity_without_rescale_tags
,SAX,SAX_s27_3401,9,1,valid,0.9038390030926688,1.007808145206243,0.19252577392663167,identity_without_rescale_tags
,SAX,SAX_s27_3401,10,1,valid,0.9211465670172059,1.002433090024331,0.17459335722223268,identity_without_rescale_tags
,SAX,SAX_s27_3401,11,1,valid,0.9258976605458207,0.9956006596261385,0.15935450267112852,identity_without_rescale_tags
,SAX,SAX_s27_3401,12,1,valid,0.9340443829263099,0.9959973297730307,0.15108591759670997,identity_without_rescale_tags
,SAX,SAX_s27_3401,13,1,valid,0.9421736169957071,1.0,0.14650609462958303,identity_without_rescale_tags
,SAX,SAX_s27_3401,14,1,valid,0.9397366599132845,1.005227242482218,0.1464381629726952,identity_without_rescale_tags
,SAX,SAX_s27_3401,15,1,valid,0.9630215480797886,1.0125045989698307,0.12635774064933455,identity_without_rescale_tags
,SAX,SAX_s27_3401,16,1,valid,0.953836409842447,1.0039292882507334,0.13128543358013345,identity_without_rescale_tags
,SAX,SAX_s27_3401,17,1,valid,0.9666726480516419,0.9952418685382236,0.11806449142747268,identity_without_rescale_tags
,SAX,SAX_s27_3401,18,1,valid,0.9268629466941765,0.993421052631579,0.15582294932739854,identity_without_rescale_tags
,SAX,SAX_s27_3401,19,1,valid,0.971794563125444,0.9924535081593773,0.10561405140106557,identity_without_rescale_tags
,SAX,SAX_s27_3401,20,1,valid,0.9788606506490888,0.993006993006993,0.09264741272926602,identity_without_rescale_tags
,SAX,SAX_s27_3401,21,1,valid,0.9601637731560234,0.9975786924939467,0.12110334686700627,identity_without_rescale_tags
,SAX,SAX_s27_3401,22,1,valid,0.9442635221944187,1.002400386274354,0.14572253352506725,identity_without_rescale_tags
,SAX,SAX_s27_3401,23,1,valid,0.9216081171671412,1.0,0.16699784489624625,identity_without_rescale_tags
,SAX,SAX_s27_3401,24,1,valid,0.9335019046541624,0.9991996787185636,0.1615284292832953,identity_without_rescale_tags
,SAX,SAX_s27_3401,25,1,valid,0.9167125217400438,0.9959100033456005,0.17711996317437737,identity_without_rescale_tags
,SAX,SAX_s27_3401,26,1,valid,0.9279310315635683,0.9884955662115797,0.16557512986393677,identity_without_rescale_tags
,SAX,SAX_s27_3401,27,1,valid,0.9234469998250161,0.9902610677835739,0.15688437280906073,identity_without_rescale_tags
,SAX,SAX_s27_3401,28,1,valid,0.9696307981523214,1.003514949345194,0.10774763955661922,identity_without_rescale_tags
,SAX,SAX_s27_3401,29,1,valid,0.9746430119411142,1.0056179775280898,0.10384560550780042,identity_without_rescale_tags
,SAX,SAX_s27_3401,30,1,valid,0.9666109804089787,1.002932551319648,0.11223881579985709,identity_without_rescale_tags
,SAX,SAX_s27_3401,31,1,valid,0.951184647625069,0.9961685823754789,0.13105968361040474,identity_without_rescale_tags
,SAX,SAX_s27_3401,32,1,valid,0.9351761851094736,0.9986020500226369,0.14225595833921875,identity_without_rescale_tags
,SAX,SAX_s27_3401,33,1,valid,0.9573082890091678,1.0,0.1283599988598095,identity_without_rescale_tags
,SAX,SAX_s27_3401,34,1,valid,0.960992129122408,0.9917312639414736,0.12508648317332524,identity_without_rescale_tags
,SAX,SAX_s27_3401,35,1,valid,0.9620901210150631,0.9902912621359223,0.12131478840925254,identity_without_rescale_tags
,SAX,SAX_s27_3401,36,1,valid,0.9359091407324714,0.9958973970562246,0.13671229728526224,identity_without_rescale_tags
,SAX,SAX_s27_3401,37,1,valid,0.9540532893083636,0.9949238578680203,0.11302812386616148,identity_without_rescale_tags
,SAX,SAX_s27_3401,38,1,valid,0.9780208619139444,0.9938271604938271,0.09746495918671944,identity_without_rescale_tags
,SAX,SAX_s27_3401,39,1,valid,0.9553707329668156,1.0,0.131525045505817,identity_without_rescale_tags
,SAX,SAX_s27_3401,40,1,valid,0.9305248176755124,1.0021030517470146,0.16354596445855168,identity_without_rescale_tags
,SAX,SAX_s27_3401,41,1,valid,0.8967949137563158,1.0012586936201897,0.20058449460328073,identity_without_rescale_tags
,SAX,SAX_s27_3401,42,1,valid,0.9296566517453796,0.9933554817275747,0.16289120918681482,identity_without_rescale_tags
,SAX,SAX_s27_3401,43,1,valid,0.955331403253362,0.995402296150847,0.13329025304744635,identity_without_rescale_tags
,SAX,SAX_s27_3401,44,1,valid,0.9624279167640095,1.0003691562021308,0.1214352770152198,identity_without_rescale_tags
,SAX,SAX_s27_3401,45,1,valid,0.9471440538101207,1.0,0.13336012940683029,identity_without_rescale_tags
,SAX,SAX_s27_3401,46,1,valid,0.9457831886063719,1.0,0.1245407798950881,identity_without_rescale_tags
,SAX,SAX_s27_3401,47,1,valid,0.9691558716980662,0.9988768245293785,0.09999729756960876,identity_without_rescale_tags
,SAX,SAX_s27_3401,48,1,valid,0.9632654946876028,0.9964394700859345,0.1048710546649555,identity_without_rescale_tags
,SAX,SAX_s27_3401,49,1,valid,0.9663464715173354,0.9871179557930152,0.1120637102345014,identity_without_rescale_tags
,SAX,SAX_s28_3501,0,1,valid,0.9254017448405022,1.0554237837337408,0.17062657063551206,identity_without_rescale_tags
,SAX,SAX_s28_3501,1,1,valid,0.9572462136204042,1.0442031060503976,0.1351804675818489,identity_without_rescale_tags
,SAX,SAX_s28_3501,2,1,valid,0.9690700597474728,1.0203206151700344,0.11365994631088976,identity_without_rescale_tags
,SAX,SAX_s28_3501,3,1,valid,0.9713265220892924,1.0074827324320172,0.10411246230823551,identity_without_rescale_tags
,SAX,SAX_s28_3501,4,1,valid,0.9506249330301079,1.0105958561116286,0.11557850271920993,identity_without_rescale_tags
,SAX,SAX_s28_3501,5,1,valid,0.9542623657443272,1.0060575482371648,0.10935554344927717,identity_without_rescale_tags
,SAX,SAX_s28_3501,6,1,valid,0.9784241144769423,1.0063291139240507,0.09160515631910492,identity_without_rescale_tags
,SAX,SAX_s28_3501,7,1,valid,0.9588842015733934,1.0064102564102564,0.12010086873383333,identity_without_rescale_tags
,SAX,SAX_s28_3501,8,1,valid,0.9489831631173747,1.0046979886932972,0.13677472818899675,identity_without_rescale_tags
,SAX,SAX_s28_3501,9,1,valid,0.9171176137640243,1.0063877361993478,0.1710822002139092,identity_without_rescale_tags
,SAX,SAX_s28_3501,10,1,valid,0.9389298961587366,1.0,0.15036663839354564,identity_without_rescale_tags
,SAX,SAX_s28_3501,11,1,valid,0.9446459611310107,0.9956114087614245,0.13987060469155765,identity_without_rescale_tags
,SAX,SAX_s28_3501,12,1,valid,0.9491399959321349,0.9957890488249108,0.13211987603790776,identity_without_rescale_tags
,SAX,SAX_s28_3501,13,1,valid,0.9440009222025049,0.9975062344139651,0.13092603489308346,identity_without_rescale_tags
,SAX,SAX_s28_3501,14,1,valid,0.9511479527780594,1.0014388489208632,0.11814210784267229,identity_without_rescale_tags
,SAX,SAX_s28_3501,15,1,valid,0.9764424999562272,1.0084295225060458,0.09835757268371127,identity_without_rescale_tags
,SAX,SAX_s28_3501,16,1,valid,0.9733990722653713,1.0049474354110317,0.10286821747208696,identity_without_rescale_tags
,SAX,SAX_s28_3501,17,1,valid,0.9664504889989637,1.0,0.1100406422777403,identity_without_rescale_tags
,SAX,SAX_s28_3501,18,1,valid,0.9323383669345894,0.9981514701108776,0.1451624683201185,identity_without_rescale_tags
,SAX,SAX_s28_3501,19,1,valid,0.9392831455190611,1.0,0.1391808531374962,identity_without_rescale_tags
,SAX,SAX_s28_3501,20,1,valid,0.9649696381014101,0.9985507080642944,0.11570842303683919,identity_without_rescale_tags
,SAX,SAX_s28_3501,21,1,valid,0.9778901913857125,0.9929465700504723,0.09084905225669287,identity_without_rescale_tags
,SAX,SAX_s28_3501,22,1,valid,0.97354613434592,0.9950095054215888,0.0889843936070421,identity_without_rescale_tags
,SAX,SAX_s28_3501,23,1,valid,0.9643975385618363,0.9974683544303797,0.10755367443148284,identity_without_rescale_tags
,SAX,SAX_s28_3501,24,1,valid,0.9486497009508814,0.9977090462494489,0.12433147773438667,identity_without_rescale_tags
,SAX,SAX_s28_3501,25,1,valid,0.9690730198834911,0.9973474801061007,0.11195182000823344,identity_without_rescale_tags
,SAX,SAX_s28_3501,26,1,valid,0.949070348847548,0.994071145318806,0.13629146277367268,identity_without_rescale_tags
,SAX,SAX_s28_3501,27,1,valid,0.93280793446835,0.9925187032418953,0.15460047457341203,identity_without_rescale_tags
,SAX,SAX_s28_3501,28,1,valid,0.9234313255892731,0.9916184390994547,0.16368131644583203,identity_without_rescale_tags
,SAX,SAX_s28_3501,29,1,valid,0.9380144356592162,0.9868995633187773,0.1451344431055807,identity_without_rescale_tags
,SAX,SAX_s28_3501,30,1,valid,0.9712901500722992,1.0082547284603178,0.10691748557306491,identity_without_rescale_tags
,SAX,SAX_s28_3501,31,1,valid,0.9725189238894479,1.0035253387188052,0.09976646624730488,identity_without_rescale_tags
,SAX,SAX_s28_3501,32,1,valid,0.9717608827741971,1.003088804930639,0.10358155981619996,identity_without_rescale_tags
,SAX,SAX_s28_3501,33,1,valid,0.9383216132407042,0.9975308641975309,0.13889948971958324,identity_without_rescale_tags
,SAX,SAX_s28_3501,34,1,valid,0.94996625771597,1.0,0.13056851221533208,identity_without_rescale_tags
,SAX,SAX_s28_3501,35,1,valid,0.9621186844159278,0.9988584460009774,0.12130617801316991,identity_without_rescale_tags
,SAX,SAX_s28_3501,36,1,valid,0.9623857007008123,0.995138109912024,0.11883591858799558,identity_without_rescale_tags
,SAX,SAX_s28_3501,37,1,valid,0.9618953353453304,0.9888354251347727,0.12179016624701929,identity_without_rescale_tags
,SAX,SAX_s28_3501,38,1,valid,0.9260283059010822,0.9928089873114985,0.15475312493349988,identity_without_rescale_tags
,SAX,SAX_s28_3501,39,1,valid,0.939248029048848,0.9943994935032499,0.14494578053258425,identity_without_rescale_tags
,SAX,SAX_s28_3501,40,1,valid,0.9579195744100585,0.9961667456460328,0.12985523552509792,identity_without_rescale_tags
,SAX,SAX_s28_3501,41,1,valid,0.9662528257143802,0.9915611814345991,0.11028266878244641,identity_without_rescale_tags
,SAX,SAX_s28_3501,42,1,valid,0.972095953935455,0.9926470588235294,0.09703790536838719,identity_without_rescale_tags
,SAX,SAX_s28_3501,43,1,valid,0.9475549380513848,0.9978840457046128,0.12528416341289308,identity_without_rescale_tags
,SAX,SAX_s28_3501,44,1,valid,0.9638610771442591,0.9970149253731343,0.10672408887121476,identity_without_rescale_tags
,SAX,SAX_s28_3501,45,1,valid,0.9753792572495219,0.9983965775371739,0.1045959726733063,identity_without_rescale_tags
,SAX,SAX_s28_3501,46,1,valid,0.9501818510836422,1.0,0.13651568653922078,identity_without_rescale_tags
,SAX,SAX_s28_3501,47,1,valid,0.9357425472359998,1.0,0.15488114179861606,identity_without_rescale_tags
,SAX,SAX_s28_3501,48,1,valid,0.918589655008159,1.0,0.16511250527766408,identity_without_rescale_tags
,SAX,SAX_s28_3501,49,1,valid,0.9575129406417922,0.9896253659089258,0.12683559917011186,identity_without_rescale_tags
,SAX,SAX_s29_3601,0,1,valid,0.9595111881977209,1.072644721906924,0.1393097472281822,identity_without_rescale_tags
,SAX,SAX_s29_3601,1,1,valid,0.9582128252188176,1.050259965337955,0.1301218716765768,identity_without_rescale_tags
,SAX,SAX_s29_3601,2,1,valid,0.9705405681930498,1.0204326923076923,0.10965412378551086,identity_without_rescale_tags
,SAX,SAX_s29_3601,3,1,valid,0.930903051089519,1.0126103404791928,0.14721217437349976,identity_without_rescale_tags
,SAX,SAX_s29_3601,4,1,valid,0.9591844471376048,1.0074498567335244,0.11992875047491733,identity_without_rescale_tags
,SAX,SAX_s29_3601,5,1,valid,0.9728343997901117,1.002409638554217,0.10102470820118412,identity_without_rescale_tags
,SAX,SAX_s29_3601,6,1,valid,0.9678801860258386,1.0,0.09849709833725233,identity_without_rescale_tags
,SAX,SAX_s29_3601,7,1,valid,0.9710422821448775,1.0031678986272439,0.10344966983715882,identity_without_rescale_tags
,SAX,SAX_s29_3601,8,1,valid,0.9387103086008441,1.006122448979592,0.14133348734463808,identity_without_rescale_tags
,SAX,SAX_s29_3601,9,1,valid,0.9617609972544643,1.0028360748723766,0.12969931642999613,identity_without_rescale_tags
,SAX,SAX_s29_3601,10,1,valid,0.9326150432007128,1.0025706940874035,0.16609347215001827,identity_without_rescale_tags
,SAX,SAX_s29_3601,11,1,valid,0.9121112210728171,1.0,0.18694441518304525,identity_without_rescale_tags
,SAX,SAX_s29_3601,12,1,valid,0.8974909551002792,0.997979797979798,0.1954548286201186,identity_without_rescale_tags
,SAX,SAX_s29_3601,13,1,valid,0.940184234677914,0.9959677419354839,0.15356182562658183,identity_without_rescale_tags
,SAX,SAX_s29_3601,14,1,valid,0.9622381017253601,1.0015503875968992,0.12247964704325581,identity_without_rescale_tags
,SAX,SAX_s29_3601,15,1,valid,0.9639961718456933,1.0014064697609002,0.1110159402609056,identity_without_rescale_tags
,SAX,SAX_s29_3601,16,1,valid,0.9616583643140688,0.9987129987129987,0.1072900465565397,identity_without_rescale_tags
,SAX,SAX_s29_3601,17,1,valid,0.9462555294434424,1.0,0.11839707395530763,identity_without_rescale_tags
,SAX,SAX_s29_3601,18,1,valid,0.9747823213036418,1.0028011204481793,0.09878447938280369,identity_without_rescale_tags
,SAX,SAX_s29_3601,19,1,valid,0.971298578183513,1.0,0.10218400528577784,identity_without_rescale_tags
,SAX,SAX_s29_3601,20,1,valid,0.9681615011734076,0.9938977879481312,0.10739056399701366,identity_without_rescale_tags
,SAX,SAX_s29_3601,21,1,valid,0.9348595318218501,0.9938128383604021,0.14349888332336913,identity_without_rescale_tags
,SAX,SAX_s29_3601,22,1,valid,0.944042790667391,0.9945652173913043,0.13314898508287643,identity_without_rescale_tags
,SAX,SAX_s29_3601,23,1,valid,0.9593973522654117,0.9976284584980237,0.12484506580186588,identity_without_rescale_tags
,SAX,SAX_s29_3601,24,1,valid,0.9577199260992496,0.996005326231691,0.12454311399748566,identity_without_rescale_tags
,SAX,SAX_s29_3601,25,1,valid,0.9675243117031714,0.9886877828054299,0.11641386103404143,identity_without_rescale_tags
,SAX,SAX_s29_3601,26,1,valid,0.9366417214022992,0.9959234869865161,0.13600184892186937,identity_without_rescale_tags
,SAX,SAX_s29_3601,27,1,valid,0.9721201892796407,0.9926530612244898,0.09459001520458707,identity_without_rescale_tags
,SAX,SAX_s29_3601,28,1,valid,0.9798263390001729,0.9958847736625515,0.09186087740027543,identity_without_rescale_tags
,SAX,SAX_s29_3601,29,1,valid,0.9628560445428259,0.9982142857142857,0.11619309997257747,identity_without_rescale_tags
,SAX,SAX_s29_3601,30,1,valid,0.9570450835961211,1.0021635655560364,0.1310773864493462,identity_without_rescale_tags
,SAX,SAX_s29_3601,31,1,valid,0.9245598986993249,1.0034891835310538,0.16426630840250794,identity_without_rescale_tags
,SAX,SAX_s29_3601,32,1,valid,0.9400902096164565,1.0,0.15473430181536743,identity_without_rescale_tags
,SAX,SAX_s29_3601,33,1,valid,0.9156780348246844,0.9985315712187959,0.17915299588896125,identity_without_rescale_tags
,SAX,SAX_s29_3601,34,1,valid,0.9172877179139765,0.9908508691674291,0.17669953666300853,identity_without_rescale_tags
,SAX,SAX_s29_3601,35,1,valid,0.9116588440267598,0.9875,0.1823550501118899,identity_without_rescale_tags
,SAX,SAX_s29_3601,36,1,valid,0.9560801097664049,0.9991922455573505,0.12917865845551826,identity_without_rescale_tags
,SAX,SAX_s29_3601,37,1,valid,0.9702984679779332,1.0036014405762306,0.10765732637256883,identity_without_rescale_tags
,SAX,SAX_s29_3601,38,1,valid,0.9687467034522856,1.0,0.10529662894299148,identity_without_rescale_tags
,SAX,SAX_s29_3601,39,1,valid,0.9513297444538845,1.0,0.1271494495219046,identity_without_rescale_tags
,SAX,SAX_s29_3601,40,1,valid,0.9398888233323511,1.0,0.13521988202449564,identity_without_rescale_tags
,SAX,SAX_s29_3601,41,1,valid,0.9610440427019039,1.002375296912114,0.12112881987502296,identity_without_rescale_tags
,SAX,SAX_s29_3601,42,1,valid,0.9565537682475372,0.9967845659163987,0.1231955645537055,identity_without_rescale_tags
,SAX,SAX_s29_3601,43,1,valid,0.9672381304155989,0.9888663967611336,0.11446450354865005,identity_without_rescale_tags
,SAX,SAX_s29_3601,44,1,valid,0.9330646566194554,0.9947201689545935,0.13745272896447394,identity_without_rescale_tags
,SAX,SAX_s29_3601,45,1,valid,0.9720119958944847,0.993643031784841,0.09529250387013272,identity_without_rescale_tags
,SAX,SAX_s29_3601,46,1,valid,0.9752506649327469,0.9905579399141631,0.09854125086121436,identity_without_rescale_tags
,SAX,SAX_s29_3601,47,1,valid,0.9549399772461092,0.9951020408163266,0.12868793775483076,identity_without_rescale_tags
,SAX,SAX_s29_3601,48,1,valid,0.930948232409644,1.0004589261128958,0.16444297417479228,identity_without_rescale_tags
,SAX,SAX_s29_3601,49,1,valid,0.8989586619798444,0.998868778280543,0.19536984375015645,identity_without_rescale_tags
,SAX,SAX_s2_901,0,1,valid,0.9684538551559386,1.038532110091743,0.12895651995084567,identity_without_rescale_tags
,SAX,SAX_s2_901,1,1,valid,0.9780075510065849,1.0220588235294117,0.10142482687278287,identity_without_rescale_tags
,SAX,SAX_s2_901,2,1,valid,0.9780764628091216,1.0101010101010102,0.09256032346097164,identity_without_rescale_tags
,SAX,SAX_s2_901,3,1,valid,0.9685537518105378,1.0069651741293533,0.10411584166118039,identity_without_rescale_tags
,SAX,SAX_s2_901,4,1,valid,0.9506765200314775,1.0,0.12356992720220357,identity_without_rescale_tags
,SAX,SAX_s2_901,5,1,valid,0.9663331754311782,1.0,0.11099552148083484,identity_without_rescale_tags
,SAX,SAX_s2_901,6,1,valid,0.9699635402686833,1.0,0.10552272972570508,identity_without_rescale_tags
,SAX,SAX_s2_901,7,1,valid,0.9713403779280133,1.0038684719535784,0.10365048207820043,identity_without_rescale_tags
,SAX,SAX_s2_901,8,1,valid,0.9660958485786427,1.0,0.11586298094884971,identity_without_rescale_tags
,SAX,SAX_s2_901,9,1,valid,0.9596809156145448,1.0,0.12022049724934876,identity_without_rescale_tags
,SAX,SAX_s2_901,10,1,valid,0.969815888685142,1.0,0.12172227528487344,identity_without_rescale_tags
,SAX,SAX_s2_901,11,1,valid,0.9509910035806033,1.00836820083682,0.15897583377638327,identity_without_rescale_tags
,SAX,SAX_s2_901,12,1,valid,0.9311443576657368,1.0106609808102345,0.1861906544480017,identity_without_rescale_tags
,SAX,SAX_s2_901,13,1,valid,0.9203000119241055,1.0090215128383067,0.19458032194078628,identity_without_rescale_tags
,SAX,SAX_s2_901,14,1,valid,0.9087913468846446,1.0011655011655012,0.1981264000870103,identity_without_rescale_tags
,SAX,SAX_s2_901,15,1,valid,0.9173378474022829,1.0,0.1889330250027248,identity_without_rescale_tags
,SAX,SAX_s2_901,16,1,valid,0.9286170120365007,0.9914040114613181,0.17399678018733966,identity_without_rescale_tags
,SAX,SAX_s2_901,17,1,valid,0.942554587782797,0.9925093632958801,0.1556795126758525,identity_without_rescale_tags
,SAX,SAX_s2_901,18,1,valid,0.9365240488802492,0.9965792474344356,0.1511192744367086,identity_without_rescale_tags
,SAX,SAX_s2_901,19,1,valid,0.9640996874726719,1.0,0.11862191692208282,identity_without_rescale_tags
,SAX,SAX_s2_901,20,1,valid,0.9794470427088998,0.9984447900466563,0.09372275697626448,identity_without_rescale_tags
,SAX,SAX_s2_901,21,1,valid,0.9856875024721361,0.998876404494382,0.0785415372882021,identity_without_rescale_tags
,SAX,SAX_s2_901,22,1,valid,0.9875655193278066,0.9971936389148737,0.07377053373217396,identity_without_rescale_tags
,SAX,SAX_s2_901,23,1,valid,0.9614755982756117,1.0,0.10588930657939387,identity_without_rescale_tags
,SAX,SAX_s2_901,24,1,valid,0.976876866445387,0.9975429975429976,0.09680137265726267,identity_without_rescale_tags
,SAX,SAX_s2_901,25,1,valid,0.980600097404947,0.9990800367985281,0.08996060574126123,identity_without_rescale_tags
,SAX,SAX_s2_901,26,1,valid,0.978982981892861,0.9975786924939467,0.09447102882116737,identity_without_rescale_tags
,SAX,SAX_s2_901,27,1,valid,0.9778588665218171,0.9986541049798116,0.09838379182628214,identity_without_rescale_tags
,SAX,SAX_s2_901,28,1,valid,0.9512146300244498,0.997275204359673,0.12465009691247864,identity_without_rescale_tags
,SAX,SAX_s2_901,29,1,valid,0.9708722510146403,0.9978237214363439,0.10397596365554419,identity_without_rescale_tags
,SAX,SAX_s2_901,30,1,valid,0.9784421818182701,1.0,0.09703104898178298,identity_without_rescale_tags
,SAX,SAX_s2_901,31,1,valid,0.9665505408186849,1.003921568627451,0.12453823496212611,identity_without_rescale_tags
,SAX,SAX_s2_901,32,1,valid,0.9483404302873203,1.0066459902525475,0.15417510588148742,identity_without_rescale_tags
,SAX,SAX_s2_901,33,1,valid,0.9206551472246048,1.0100502512562815,0.18545621445494714,identity_without_rescale_tags
,SAX,SAX_s2_901,34,1,valid,0.9026983609723307,1.0190735694822888,0.20824899563395083,identity_without_rescale_tags
,SAX,SAX_s2_901,35,1,valid,0.8935313505313618,1.0034891835310538,0.21945646703278704,identity_without_rescale_tags
,SAX,SAX_s2_901,36,1,valid,0.9009948246311492,1.0,0.2042715247756457,identity_without_rescale_tags
,SAX,SAX_s2_901,37,1,valid,0.913717956611494,0.995840760546643,0.1869899213174124,identity_without_rescale_tags
,SAX,SAX_s2_901,38,1,valid,0.9116982771508404,0.9961649089165868,0.18238117389944225,identity_without_rescale_tags
,SAX,SAX_s2_901,39,1,valid,0.9387914452848682,0.9953271028037384,0.1546377637203032,identity_without_rescale_tags
,SAX,SAX_s2_901,40,1,valid,0.9586740111036673,0.9956709956709957,0.13214574053518935,identity_without_rescale_tags
,SAX,SAX_s2_901,41,1,valid,0.9719770412592409,0.9986559139784946,0.11092331703838312,identity_without_rescale_tags
,SAX,SAX_s2_901,42,1,valid,0.9770275703058968,0.9988998899889989,0.1031068472819674,identity_without_rescale_tags
,SAX,SAX_s2_901,43,1,valid,0.9572731265459631,1.0,0.11926271982996715,identity_without_rescale_tags
,SAX,SAX_s2_901,44,1,valid,0.9702481866993501,1.0,0.11015157507750808,identity_without_rescale_tags
,SAX,SAX_s2_901,45,1,valid,0.978212462919357,0.9975786924939467,0.09799703154616457,identity_without_rescale_tags
,SAX,SAX_s2_901,46,1,valid,0.97683799767647,0.995475113122172,0.10172954059556183,identity_without_rescale_tags
,SAX,SAX_s2_901,47,1,valid,0.974277232395584,0.9968454258675079,0.10613499930169842,identity_without_rescale_tags
,SAX,SAX_s2_901,48,1,valid,0.9614551248110522,0.9958041958041958,0.12102541211597867,identity_without_rescale_tags
,SAX,SAX_s2_901,49,1,valid,0.9570570795174989,0.9958847736625515,0.1248657546685306,identity_without_rescale_tags
,SAX,SAX_s30_3701,0,1,valid,0.9670940726184776,1.0572687224669604,0.1255168614574901,identity_without_rescale_tags
,SAX,SAX_s30_3701,1,1,valid,0.9394327115291324,1.0360934182590233,0.1427437747318468,identity_without_rescale_tags
,SAX,SAX_s30_3701,2,1,valid,0.964376360599738,1.0305882352941176,0.11578059699003335,identity_without_rescale_tags
,SAX,SAX_s30_3701,3,1,valid,0.9660730998510708,1.0125565042692115,0.11107746835658537,identity_without_rescale_tags
,SAX,SAX_s30_3701,4,1,valid,0.9581499077273736,1.0041536863966771,0.11644419624046676,identity_without_rescale_tags
,SAX,SAX_s30_3701,5,1,valid,0.9751841232916104,0.9990825688073395,0.09823026866141399,identity_without_rescale_tags
,SAX,SAX_s30_3701,6,1,valid,0.9436691992577777,1.0012738853503185,0.1225307414114211,identity_without_rescale_tags
,SAX,SAX_s30_3701,7,1,valid,0.9711211460657996,0.9956896551724138,0.10510585991661638,identity_without_rescale_tags
,SAX,SAX_s30_3701,8,1,valid,0.9644186049462916,0.9962476547842402,0.11846016701677918,identity_without_rescale_tags
,SAX,SAX_s30_3701,9,1,valid,0.9411154791732926,1.002932551319648,0.1482671959557117,identity_without_rescale_tags
,SAX,SAX_s30_3701,10,1,valid,0.9285144336319799,1.0042075736325387,0.17182636147077615,identity_without_rescale_tags
,SAX,SAX_s30_3701,11,1,valid,0.8817305952090669,1.0083963056255247,0.2219134560629095,identity_without_rescale_tags
,SAX,SAX_s30_3701,12,1,valid,0.9046375328951779,1.0,0.20038652364592796,identity_without_rescale_tags
,SAX,SAX_s30_3701,13,1,valid,0.8891497698022814,0.994619523443505,0.2076419425462942,identity_without_rescale_tags
,SAX,SAX_s30_3701,14,1,valid,0.8768285389943962,0.9965635738831615,0.1967465941055686,identity_without_rescale_tags
,SAX,SAX_s30_3701,15,1,valid,0.8365803497847587,1.0016510731975785,0.2078560341855179,identity_without_rescale_tags
,SAX,SAX_s30_3701,16,1,valid,0.7820750027215316,1.0043859649122806,0.19363452836888606,identity_without_rescale_tags
,SAX,SAX_s30_3701,17,1,valid,0.872898230918313,1.013477088948787,0.14041856743736686,identity_without_rescale_tags
,SAX,SAX_s30_3701,18,1,valid,0.82992688772519,1.006993006993007,0.17101038587072828,identity_without_rescale_tags
,SAX,SAX_s30_3701,19,1,valid,0.8420147276860331,0.9983434566537824,0.1582102418404968,identity_without_rescale_tags
,SAX,SAX_s30_3701,20,1,valid,0.8111877782032593,0.9950940310711366,0.1804587003129966,identity_without_rescale_tags
,SAX,SAX_s30_3701,21,1,valid,0.9653082704306996,1.0,0.11295778527066434,identity_without_rescale_tags
,SAX,SAX_s30_3701,22,1,valid,0.9678786892347992,0.9955156950672646,0.105536360792006,identity_without_rescale_tags
,SAX,SAX_s30_3701,23,1,valid,0.9771757586537742,0.9888542131074454,0.09256786561577975,identity_without_rescale_tags
,SAX,SAX_s30_3701,24,1,valid,0.942594379999528,0.9973219068023568,0.13229843872700447,identity_without_rescale_tags
,SAX,SAX_s30_3701,25,1,valid,0.9548988707185319,0.9929078014184397,0.13006821520353634,identity_without_rescale_tags
,SAX,SAX_s30_3701,26,1,valid,0.9536224260617671,0.9991341991341991,0.139518205768606,identity_without_rescale_tags
,SAX,SAX_s30_3701,27,1,valid,0.9268833097825606,0.9994321408290744,0.17209039408068344,identity_without_rescale_tags
,SAX,SAX_s30_3701,28,1,valid,0.885778510785631,1.0071599045346062,0.21908831199555281,identity_without_rescale_tags
,SAX,SAX_s30_3701,29,1,valid,0.8689459555463339,0.9979381443298969,0.23058463781745844,identity_without_rescale_tags
,SAX,SAX_s30_3701,30,1,valid,0.9105416652123066,0.9913686806411838,0.19260118375937535,identity_without_rescale_tags
,SAX,SAX_s30_3701,31,1,valid,0.9213093888748414,0.9971252566735113,0.17639411230195515,identity_without_rescale_tags
,SAX,SAX_s30_3701,32,1,valid,0.9278332598173796,1.0,0.1626651547372031,identity_without_rescale_tags
,SAX,SAX_s30_3701,33,1,valid,0.9290005020225721,1.0006277463904583,0.14748502960845397,identity_without_rescale_tags
,SAX,SAX_s30_3701,34,1,valid,0.9682707447683858,1.009009009009009,0.10949414238776062,identity_without_rescale_tags
,SAX,SAX_s30_3701,35,1,valid,0.9644661126257674,1.0064350064350065,0.10965110974195405,identity_without_rescale_tags
,SAX,SAX_s30_3701,36,1,valid,0.969756859588336,0.9976470588235294,0.1028469413092721,identity_without_rescale_tags
,SAX,SAX_s30_3701,37,1,valid,0.9315215759262679,0.9926470588235294,0.14200566394699587,identity_without_rescale_tags
,SAX,SAX_s30_3701,38,1,valid,0.9470595433018988,0.9956709956709957,0.12632500583868217,identity_without_rescale_tags
,SAX,SAX_s30_3701,39,1,valid,0.9565642213084742,0.9957446808510638,0.12007718778092677,identity_without_rescale_tags
,SAX,SAX_s30_3701,40,1,valid,0.9510698157169628,0.9941520467836257,0.12387164011500888,identity_without_rescale_tags
,SAX,SAX_s30_3701,41,1,valid,0.9622482902779086,0.9876543209876543,0.11624269691032542,identity_without_rescale_tags
,SAX,SAX_s30_3701,42,1,valid,0.9174983251961826,0.9946380697050938,0.1547924475250143,identity_without_rescale_tags
,SAX,SAX_s30_3701,43,1,valid,0.9392452943825326,0.9941812136325852,0.13734050594677044,identity_without_rescale_tags
,SAX,SAX_s30_3701,44,1,valid,0.9515327146167728,0.9944444444444445,0.11825169325888199,identity_without_rescale_tags
,SAX,SAX_s30_3701,45,1,valid,0.9495942646953798,0.9947368421052631,0.1246110241734631,identity_without_rescale_tags
,SAX,SAX_s30_3701,46,1,valid,0.9560103996812441,0.9956331877729258,0.12702780429060184,identity_without_rescale_tags
,SAX,SAX_s30_3701,47,1,valid,0.9137884903120227,1.0,0.17958207390018033,identity_without_rescale_tags
,SAX,SAX_s30_3701,48,1,valid,0.9357202287467283,0.9977116704805492,0.16214618043677836,identity_without_rescale_tags
,SAX,SAX_s30_3701,49,1,valid,0.9310160393301563,0.9952153110047847,0.16946970115950513,identity_without_rescale_tags
,SAX,SAX_s31_3801,0,1,valid,0.927300823439236,1.0556902363701126,0.1654515106934979,identity_without_rescale_tags
,SAX,SAX_s31_3801,1,1,valid,0.8678054643994036,1.0443098948806127,0.16016385126810634,identity_without_rescale_tags
,SAX,SAX_s31_3801,2,1,valid,0.8129437546576543,1.0358523103945907,0.1726956094010853,identity_without_rescale_tags
,SAX,SAX_s31_3801,3,1,valid,0.8720433748156006,1.0169565249445225,0.13963145865112575,identity_without_rescale_tags
,SAX,SAX_s31_3801,4,1,valid,0.79981089668431,1.0137182063219798,0.1938083172316312,identity_without_rescale_tags
,SAX,SAX_s31_3801,5,1,valid,0.8508813097028702,1.0129870129870129,0.15295218618565543,identity_without_rescale_tags
,SAX,SAX_s31_3801,6,1,valid,0.8736676181396732,1.0008361256621368,0.12987925475174464,identity_without_rescale_tags
,SAX,SAX_s31_3801,7,1,valid,0.9676586239515446,0.9966974886517073,0.1114087611165668,identity_without_rescale_tags
,SAX,SAX_s31_3801,8,1,valid,0.9332705666852015,1.0018832391713748,0.15178062335645598,identity_without_rescale_tags
,SAX,SAX_s31_3801,9,1,valid,0.9275564252903173,1.0,0.160349306941304,identity_without_rescale_tags
,SAX,SAX_s31_3801,10,1,valid,0.9500797828461778,0.9995073880867026,0.14581885735700342,identity_without_rescale_tags
,SAX,SAX_s31_3801,11,1,valid,0.9286617536238577,1.0022358866684165,0.17211178270656585,identity_without_rescale_tags
,SAX,SAX_s31_3801,12,1,valid,0.9127670109910315,1.0,0.18900950937355795,identity_without_rescale_tags
,SAX,SAX_s31_3801,13,1,valid,0.9051524611642644,0.9904327023091325,0.1907273675727356,identity_without_rescale_tags
,SAX,SAX_s31_3801,14,1,valid,0.9584148946142069,1.0,0.13151700488508689,identity_without_rescale_tags
,SAX,SAX_s31_3801,15,1,valid,0.9660094052619002,1.0070725986456324,0.1163107344299535,identity_without_rescale_tags
,SAX,SAX_s31_3801,16,1,valid,0.9756624493588002,1.0034153021399295,0.10099169388822404,identity_without_rescale_tags
,SAX,SAX_s31_3801,17,1,valid,0.9384198139719467,1.0,0.1392475786198568,identity_without_rescale_tags
,SAX,SAX_s31_3801,18,1,valid,0.9602602267809,1.0045881128168621,0.11638424683670619,identity_without_rescale_tags
,SAX,SAX_s31_3801,19,1,valid,0.9724497163671219,1.0013959993477974,0.09955279936905388,identity_without_rescale_tags
,SAX,SAX_s31_3801,20,1,valid,0.9603223125149579,0.9987021409200398,0.10942979979328149,identity_without_rescale_tags
,SAX,SAX_s31_3801,21,1,valid,0.9671368132276533,0.9932108045036983,0.10627758641744459,identity_without_rescale_tags
,SAX,SAX_s31_3801,22,1,valid,0.9361405425892472,1.0,0.13638442005305504,identity_without_rescale_tags
,SAX,SAX_s31_3801,23,1,valid,0.9692261934210236,0.9983731014738254,0.10842166481661715,identity_without_rescale_tags
,SAX,SAX_s31_3801,24,1,valid,0.9784606778443111,0.995260663507109,0.09138041833436615,identity_without_rescale_tags
,SAX,SAX_s31_3801,25,1,valid,0.9751754196521913,0.9940973915871136,0.09048391158287744,identity_without_rescale_tags
,SAX,SAX_s31_3801,26,1,valid,0.9498414048255441,0.9973736035952142,0.12656559436152492,identity_without_rescale_tags
,SAX,SAX_s31_3801,27,1,valid,0.9417310257659898,0.995201395551679,0.13298483635992736,identity_without_rescale_tags
,SAX,SAX_s31_3801,28,1,valid,0.9689301162441839,0.9947643979057592,0.11689699136488088,identity_without_rescale_tags
,SAX,SAX_s31_3801,29,1,valid,0.9422314252884635,1.001934235976789,0.1541475968987055,identity_without_rescale_tags
,SAX,SAX_s31_3801,30,1,valid,0.9185019422228274,1.002606437061678,0.18565128132829126,identity_without_rescale_tags
,SAX,SAX_s31_3801,31,1,valid,0.8995743861883133,1.0012111433006954,0.19617807567173076,identity_without_rescale_tags
,SAX,SAX_s31_3801,32,1,valid,0.9499105671113395,0.995176063220798,0.14194982511117563,identity_without_rescale_tags
,SAX,SAX_s31_3801,33,1,valid,0.9641530625925997,1.0028195513627391,0.11539281430416957,identity_without_rescale_tags
,SAX,SAX_s31_3801,34,1,valid,0.9699779511626256,1.002545397529932,0.10339483535044329,identity_without_rescale_tags
,SAX,SAX_s31_3801,35,1,valid,0.9490768033956605,1.0,0.12173605709443504,identity_without_rescale_tags
,SAX,SAX_s31_3801,36,1,valid,0.9592368383767361,1.0013468068434113,0.10587793923928064,identity_without_rescale_tags
,SAX,SAX_s31_3801,37,1,valid,0.9813264260178644,1.0,0.08317006481241056,identity_without_rescale_tags
,SAX,SAX_s31_3801,38,1,valid,0.9807539509886083,0.9941720089513595,0.08238270486225657,identity_without_rescale_tags
,SAX,SAX_s31_3801,39,1,valid,0.9735692865570142,0.9934818215092847,0.09218545611707296,identity_without_rescale_tags
,SAX,SAX_s31_3801,40,1,valid,0.9474100578762703,0.9961751767581826,0.1231746587590257,identity_without_rescale_tags
,SAX,SAX_s31_3801,41,1,valid,0.944205556502304,0.9958427129736449,0.1219849374246146,identity_without_rescale_tags
,SAX,SAX_s31_3801,42,1,valid,0.9745718044394672,1.0,0.09751578553730399,identity_without_rescale_tags
,SAX,SAX_s31_3801,43,1,valid,0.9745266264054168,0.9948259539495299,0.09584697615956675,identity_without_rescale_tags
,SAX,SAX_s31_3801,44,1,valid,0.9665475935762083,0.9938024530922918,0.10175038914428323,identity_without_rescale_tags
,SAX,SAX_s31_3801,45,1,valid,0.9592860985765983,0.9970972362655881,0.11405003960016225,identity_without_rescale_tags
,SAX,SAX_s31_3801,46,1,valid,0.9406277800685073,0.9929696477742684,0.1326582950861141,identity_without_rescale_tags
,SAX,SAX_s31_3801,47,1,valid,0.9704982027409622,0.991701244813278,0.10807750554999589,identity_without_rescale_tags
,SAX,SAX_s31_3801,48,1,valid,0.9605174578438461,0.9879578494519703,0.12256987174827834,identity_without_rescale_tags
,SAX,SAX_s31_3801,49,1,valid,0.9536742724999443,0.9917355371900827,0.12800888079284023,identity_without_rescale_tags
,SAX,SAX_s32_3901,0,1,valid,0.9546579405756407,1.0825162613348713,0.1475752415983338,identity_without_rescale_tags
,SAX,SAX_s32_3901,1,1,valid,0.9448381976458216,1.0535295637546733,0.14582802922898888,identity_without_rescale_tags
,SAX,SAX_s32_3901,2,1,valid,0.9579129234446229,1.026865671641791,0.12500064185269794,identity_without_rescale_tags
,SAX,SAX_s32_3901,3,1,valid,0.9371611781782266,1.0113636363636365,0.14033006330940664,identity_without_rescale_tags
,SAX,SAX_s32_3901,4,1,valid,0.9729508651915423,1.0065089548031345,0.09569369320153664,identity_without_rescale_tags
,SAX,SAX_s32_3901,5,1,valid,0.9718663065263938,1.0,0.09825140932278377,identity_without_rescale_tags
,SAX,SAX_s32_3901,6,1,valid,0.959455138686049,1.0,0.12081922640428758,identity_without_rescale_tags
,SAX,SAX_s32_3901,7,1,valid,0.9305039286208288,1.0111030712333173,0.16133249888550988,identity_without_rescale_tags
,SAX,SAX_s32_3901,8,1,valid,0.9055965073520619,1.0048157983232255,0.18773084398337422,identity_without_rescale_tags
,SAX,SAX_s32_3901,9,1,valid,0.9226298639793983,1.0045719106824231,0.1828333178916264,identity_without_rescale_tags
,SAX,SAX_s32_3901,10,1,valid,0.9104223661398565,1.0033250230789217,0.19511339580044978,identity_without_rescale_tags
,SAX,SAX_s32_3901,11,1,valid,0.9214249748576898,0.9970122367072654,0.17937653444642385,identity_without_rescale_tags
,SAX,SAX_s32_3901,12,1,valid,0.9100860777851093,0.9924292996722903,0.18317283264912296,identity_without_rescale_tags
,SAX,SAX_s32_3901,13,1,valid,0.9573920791625489,1.0075371972043903,0.13295463294345197,identity_without_rescale_tags
,SAX,SAX_s32_3901,14,1,valid,0.9699569051681002,1.0056448153731141,0.11081677248425263,identity_without_rescale_tags
,SAX,SAX_s32_3901,15,1,valid,0.9646422019436814,1.0020120724346075,0.11155810249873199,identity_without_rescale_tags
,SAX,SAX_s32_3901,16,1,valid,0.9531705579321662,0.9982847341337907,0.12735778523766095,identity_without_rescale_tags
,SAX,SAX_s32_3901,17,1,valid,0.9354035837675845,0.997979797979798,0.13845545801733278,identity_without_rescale_tags
,SAX,SAX_s32_3901,18,1,valid,0.9632853695824151,1.0,0.1165204109965517,identity_without_rescale_tags
,SAX,SAX_s32_3901,19,1,valid,0.9638484962344613,0.9944794918346112,0.11627502518065014,identity_without_rescale_tags
,SAX,SAX_s32_3901,20,1,valid,0.9568859420241806,0.9931213075805896,0.12550432716390664,identity_without_rescale_tags
,SAX,SAX_s32_3901,21,1,valid,0.9424316388545659,0.9944289693593314,0.14152606991105945,identity_without_rescale_tags
,SAX,SAX_s32_3901,22,1,valid,0.9306313657239249,0.9922125748003681,0.1458876989212056,identity_without_rescale_tags
,SAX,SAX_s32_3901,23,1,valid,0.9628106793315314,0.9970212237346763,0.11595922509290042,identity_without_rescale_tags
,SAX,SAX_s32_3901,24,1,valid,0.9714492665283143,0.9927310488058152,0.096972239523992,identity_without_rescale_tags
,SAX,SAX_s32_3901,25,1,valid,0.9690186615068132,0.9875,0.10856266833501568,identity_without_rescale_tags
,SAX,SAX_s32_3901,26,1,valid,0.9458733011097801,0.9986101398939109,0.14004597830236423,identity_without_rescale_tags
,SAX,SAX_s32_3901,27,1,valid,0.9331726495072225,0.9961389961389961,0.1568783664915805,identity_without_rescale_tags
,SAX,SAX_s32_3901,28,1,valid,0.9484377818748578,1.0,0.151831995599361,identity_without_rescale_tags
,SAX,SAX_s32_3901,29,1,valid,0.9202205475287392,1.0039888623707238,0.1897914283726983,identity_without_rescale_tags
,SAX,SAX_s32_3901,30,1,valid,0.9134181030056097,0.9972665142390325,0.19688627658259547,identity_without_rescale_tags
,SAX,SAX_s32_3901,31,1,valid,0.906211858428985,0.9896172634133247,0.19391136060856506,identity_without_rescale_tags
,SAX,SAX_s32_3901,32,1,valid,0.9563452426813186,1.0008806694794317,0.13301710413250226,identity_without_rescale_tags
,SAX,SAX_s32_3901,33,1,valid,0.9680734368936144,1.007185271072696,0.11323777505632357,identity_without_rescale_tags
,SAX,SAX_s32_3901,34,1,valid,0.9677092395882234,1.0014970093428621,0.11111535694295613,identity_without_rescale_tags
,SAX,SAX_s32_3901,35,1,valid,0.9466778701479354,1.0,0.13386171805493682,identity_without_rescale_tags
,SAX,SAX_s32_3901,36,1,valid,0.9421692445759168,0.9995685800458035,0.13093325761231586,identity_without_rescale_tags
,SAX,SAX_s32_3901,37,1,valid,0.9625351872244982,1.0,0.11792275325111946,identity_without_rescale_tags
,SAX,SAX_s32_3901,38,1,valid,0.9576538439186583,0.9962724311157021,0.12311753166944976,identity_without_rescale_tags
,SAX,SAX_s32_3901,39,1,valid,0.9667647041881486,0.9938254275237244,0.11678784803799336,identity_without_rescale_tags
,SAX,SAX_s32_3901,40,1,valid,0.9306064585344758,0.994895788102475,0.15054731588718362,identity_without_rescale_tags
,SAX,SAX_s32_3901,41,1,valid,0.9582221422150836,0.9949729304161037,0.12200677087150545,identity_without_rescale_tags
,SAX,SAX_s32_3901,42,1,valid,0.9726628709426077,0.9932935879304572,0.1016965972401286,identity_without_rescale_tags
,SAX,SAX_s32_3901,43,1,valid,0.9711387723087878,0.9937888198757764,0.10064755357609323,identity_without_rescale_tags
,SAX,SAX_s32_3901,44,1,valid,0.976271590160184,0.9936935634033246,0.09892968603349607,identity_without_rescale_tags
,SAX,SAX_s32_3901,45,1,valid,0.9420116664827283,0.9966024895695531,0.1381570934104967,identity_without_rescale_tags
,SAX,SAX_s32_3901,46,1,valid,0.9627006942622744,0.993479132635672,0.12071588838374248,identity_without_rescale_tags
,SAX,SAX_s32_3901,47,1,valid,0.9549246452228229,0.9975603804354296,0.13522728601504141,identity_without_rescale_tags
,SAX,SAX_s32_3901,48,1,valid,0.9342090169272018,0.9988917566537246,0.16462324227550645,identity_without_rescale_tags
,SAX,SAX_s32_3901,49,1,valid,0.9119516260233741,1.0,0.18584634983520992,identity_without_rescale_tags
,SAX,SAX_s33_4001,0,1,valid,0.8920662548938159,1.0401790887203717,0.20034785812459577,identity_without_rescale_tags
,SAX,SAX_s33_4001,1,1,valid,0.9499489741214588,1.0433735749565278,0.13736485033294163,identity_without_rescale_tags
,SAX,SAX_s33_4001,2,1,valid,0.9587932065140448,1.0285714285714285,0.12162777997446332,identity_without_rescale_tags
,SAX,SAX_s33_4001,3,1,valid,0.9568128161667108,1.0277777777777777,0.1223429323499791,identity_without_rescale_tags
,SAX,SAX_s33_4001,4,1,valid,0.9488869415983039,1.0163562051027992,0.1290751436125067,identity_without_rescale_tags
,SAX,SAX_s33_4001,5,1,valid,0.8977166414415961,1.010586012855302,0.15930037548949535,identity_without_rescale_tags
,SAX,SAX_s33_4001,6,1,valid,0.9230653553536303,1.0112289500966685,0.13509219645673282,identity_without_rescale_tags
,SAX,SAX_s33_4001,7,1,valid,0.9709114118561635,0.9976481650488123,0.09597569283137336,identity_without_rescale_tags
,SAX,SAX_s33_4001,8,1,valid,0.9608649181397393,0.9992156843446289,0.11668966269457347,identity_without_rescale_tags
,SAX,SAX_s33_4001,9,1,valid,0.9462114544666063,1.0,0.1417811992074143,identity_without_rescale_tags
,SAX,SAX_s33_4001,10,1,valid,0.9195617445254229,1.0006024273467176,0.1723571235203613,identity_without_rescale_tags
,SAX,SAX_s33_4001,11,1,valid,0.9207757061429801,0.9941176470588236,0.17644719115561552,identity_without_rescale_tags
,SAX,SAX_s33_4001,12,1,valid,0.8970511360076397,1.0021603059990145,0.21414172137331317,identity_without_rescale_tags
,SAX,SAX_s33_4001,13,1,valid,0.8669458132363124,1.0,0.2500764002736184,identity_without_rescale_tags
,SAX,SAX_s33_4001,14,1,valid,0.8465170679595982,1.0086517708996094,0.27566249305516227,identity_without_rescale_tags
,SAX,SAX_s33_4001,15,1,valid,0.8814975579990758,0.9958960328317373,0.23937964023835326,identity_without_rescale_tags
,SAX,SAX_s33_4001,16,1,valid,0.8827019761503754,1.00418410041841,0.21529917812228724,identity_without_rescale_tags
,SAX,SAX_s33_4001,17,1,valid,0.896482930751355,1.0073793626275065,0.19206653996340703,identity_without_rescale_tags
,SAX,SAX_s33_4001,18,1,valid,0.9370883029614587,1.0029799605809582,0.15214317709184214,identity_without_rescale_tags
,SAX,SAX_s33_4001,19,1,valid,0.9502043195351427,1.0058100584771026,0.12456318785509388,identity_without_rescale_tags
,SAX,SAX_s33_4001,20,1,valid,0.9704096241488607,1.0056497175141244,0.09813164284256926,identity_without_rescale_tags
,SAX,SAX_s33_4001,21,1,valid,0.9678380385793794,1.0058823529411764,0.10133305581715737,identity_without_rescale_tags
,SAX,SAX_s33_4001,22,1,valid,0.9791241702523429,0.9962825278810409,0.08633367991108028,identity_without_rescale_tags
,SAX,SAX_s33_4001,23,1,valid,0.9188122163654275,0.9965397923875432,0.14827626097526772,identity_without_rescale_tags
,SAX,SAX_s33_4001,24,1,valid,0.9430496166573745,1.0,0.12380214591604335,identity_without_rescale_tags
,SAX,SAX_s33_4001,25,1,valid,0.9615488458310614,0.9966442953020134,0.10973068926810936,identity_without_rescale_tags
,SAX,SAX_s33_4001,26,1,valid,0.9556072258861548,0.9987554444465097,0.1202089835394829,identity_without_rescale_tags
,SAX,SAX_s33_4001,27,1,valid,0.9566561626928152,0.992,0.11543512323018429,identity_without_rescale_tags
,SAX,SAX_s33_4001,28,1,valid,0.9296001851535948,0.9954317030210447,0.1394594606925276,identity_without_rescale_tags
,SAX,SAX_s33_4001,29,1,valid,0.94320673570965,0.9880239520958084,0.12478157391705391,identity_without_rescale_tags
,SAX,SAX_s33_4001,30,1,valid,0.9585019515333879,0.9863013698630136,0.12161438166615139,identity_without_rescale_tags
,SAX,SAX_s33_4001,31,1,valid,0.9277784597738683,0.9944785255291977,0.1624798378115729,identity_without_rescale_tags
,SAX,SAX_s33_4001,32,1,valid,0.9191427217749345,1.0019665702396239,0.19286366286203274,identity_without_rescale_tags
,SAX,SAX_s33_4001,33,1,valid,0.8800871810385302,1.0,0.23283537617051422,identity_without_rescale_tags
,SAX,SAX_s33_4001,34,1,valid,0.8958580632470994,0.9956043743720535,0.2165961225112904,identity_without_rescale_tags
,SAX,SAX_s33_4001,35,1,valid,0.9119760149065114,0.9904761904761905,0.19358385009036316,identity_without_rescale_tags
,SAX,SAX_s33_4001,36,1,valid,0.9346016489506319,0.9992945128779396,0.16363921201542667,identity_without_rescale_tags
,SAX,SAX_s33_4001,37,1,valid,0.9235121405825327,1.0,0.16379798050373787,identity_without_rescale_tags
,SAX,SAX_s33_4001,38,1,valid,0.9616922447094035,1.0030892828511875,0.11240663685240819,identity_without_rescale_tags
,SAX,SAX_s33_4001,39,1,valid,0.9730881942041222,1.001922156805876,0.09697742290485543,identity_without_rescale_tags
,SAX,SAX_s33_4001,40,1,valid,0.939508742992526,0.9965961567108595,0.12339231783905949,identity_without_rescale_tags
,SAX,SAX_s33_4001,41,1,valid,0.9533960066650888,0.9921979487875168,0.11897510884576162,identity_without_rescale_tags
,SAX,SAX_s33_4001,42,1,valid,0.9314152604951743,0.9884886743408837,0.13561161619939607,identity_without_rescale_tags
,SAX,SAX_s33_4001,43,1,valid,0.9498738576147604,0.9970050910760864,0.12210999375852924,identity_without_rescale_tags
,SAX,SAX_s33_4001,44,1,valid,0.9439127620610991,0.9956204379562044,0.1266773491107413,identity_without_rescale_tags
,SAX,SAX_s33_4001,45,1,valid,0.9456077196080421,0.9935093541436604,0.12469438195209714,identity_without_rescale_tags
,SAX,SAX_s33_4001,46,1,valid,0.9193747962599182,0.9932659932659933,0.1538113347093711,identity_without_rescale_tags
,SAX,SAX_s33_4001,47,1,valid,0.9462428738082574,0.9946714031971581,0.12403370766408808,identity_without_rescale_tags
,SAX,SAX_s33_4001,48,1,valid,0.9453087470121738,0.9893180409622231,0.12845156372500183,identity_without_rescale_tags
,SAX,SAX_s33_4001,49,1,valid,0.9565759117127696,0.9873698462368832,0.12920300865926912,identity_without_rescale_tags
,SAX,SAX_s34_4101,0,1,valid,0.9396491042583724,1.0640439158279964,0.16220741183830784,identity_without_rescale_tags
,SAX,SAX_s34_4101,1,1,valid,0.9551572106429232,1.0389610389610389,0.13629269791377588,identity_without_rescale_tags
,SAX,SAX_s34_4101,2,1,valid,0.9613851343075315,1.0264900662251655,0.1260646385819585,identity_without_rescale_tags
,SAX,SAX_s34_4101,3,1,valid,0.9666123226527257,1.0118694362017804,0.11947072742959186,identity_without_rescale_tags
,SAX,SAX_s34_4101,4,1,valid,0.9474184864272975,1.0088235294117647,0.13311766649764353,identity_without_rescale_tags
,SAX,SAX_s34_4101,5,1,valid,0.9648548522326365,1.0016570008285004,0.10792330915141712,identity_without_rescale_tags
,SAX,SAX_s34_4101,6,1,valid,0.972805681510741,1.0039525691699605,0.097495970239931,identity_without_rescale_tags
,SAX,SAX_s34_4101,7,1,valid,0.967497094089016,1.0051107325383304,0.11758235009779192,identity_without_rescale_tags
,SAX,SAX_s34_4101,8,1,valid,0.9210234051346395,1.0070292267850536,0.1785534192267047,identity_without_rescale_tags
,SAX,SAX_s34_4101,9,1,valid,0.9192858422114925,1.0012391573729864,0.18757925870155825,identity_without_rescale_tags
,SAX,SAX_s34_4101,10,1,valid,0.9077056116270464,1.0034816247582206,0.20460978930489312,identity_without_rescale_tags
,SAX,SAX_s34_4101,11,1,valid,0.8974827787729248,0.9971799210377891,0.21254645113346873,identity_without_rescale_tags
,SAX,SAX_s34_4101,12,1,valid,0.8896980253051032,0.9934296977660972,0.21192535528470935,identity_without_rescale_tags
,SAX,SAX_s34_4101,13,1,valid,0.9293457877915653,1.0,0.16260799307762402,identity_without_rescale_tags
,SAX,SAX_s34_4101,14,1,valid,0.9406396122647278,1.0135922330097087,0.14785487438092426,identity_without_rescale_tags
,SAX,SAX_s34_4101,15,1,valid,0.9595173182468137,1.0084033613445378,0.1268181347153348,identity_without_rescale_tags
,SAX,SAX_s34_4101,16,1,valid,0.9411539060917857,1.0046948356807512,0.14309103147333907,identity_without_rescale_tags
,SAX,SAX_s34_4101,17,1,valid,0.9678488039478629,1.0075566750629723,0.11422768652531842,identity_without_rescale_tags
,SAX,SAX_s34_4101,18,1,valid,0.9731802526752213,1.0013986013986014,0.10226860800097122,identity_without_rescale_tags
,SAX,SAX_s34_4101,19,1,valid,0.9707566456742286,1.0,0.10322874699473591,identity_without_rescale_tags
,SAX,SAX_s34_4101,20,1,valid,0.9740308294679441,0.9954384186517993,0.10289605567795046,identity_without_rescale_tags
,SAX,SAX_s34_4101,21,1,valid,0.9459353217777685,0.9945434703528556,0.13385066180786587,identity_without_rescale_tags
,SAX,SAX_s34_4101,22,1,valid,0.9639120061335684,0.9911433172302737,0.11201949426236263,identity_without_rescale_tags
,SAX,SAX_s34_4101,23,1,valid,0.977160509125345,0.9904357066950054,0.0886266431759054,identity_without_rescale_tags
,SAX,SAX_s34_4101,24,1,valid,0.975620993542994,0.9919354838709677,0.09697594471422917,identity_without_rescale_tags
,SAX,SAX_s34_4101,25,1,valid,0.9623839098382418,0.9935988620199147,0.12272701017977505,identity_without_rescale_tags
,SAX,SAX_s34_4101,26,1,valid,0.9277692935741146,1.0,0.171110469322472,identity_without_rescale_tags
,SAX,SAX_s34_4101,27,1,valid,0.9110182808539817,0.9963476990504018,0.19250076133292068,identity_without_rescale_tags
,SAX,SAX_s34_4101,28,1,valid,0.9153056502629398,1.0,0.19872028363680014,identity_without_rescale_tags
,SAX,SAX_s34_4101,29,1,valid,0.91352931912705,0.9900058788947678,0.1986487227167107,identity_without_rescale_tags
,SAX,SAX_s34_4101,30,1,valid,0.9224937878658065,0.9906542056074766,0.18580498903779508,identity_without_rescale_tags
,SAX,SAX_s34_4101,31,1,valid,0.9258084540396687,0.9982275788727402,0.17352569135464135,identity_without_rescale_tags
,SAX,SAX_s34_4101,32,1,valid,0.9468729382443735,1.0042194092827004,0.1363213689516974,identity_without_rescale_tags
,SAX,SAX_s34_4101,33,1,valid,0.9704131341303608,1.0082135523613962,0.10479479312757081,identity_without_rescale_tags
,SAX,SAX_s34_4101,34,1,valid,0.9711095298819183,1.0033898305084745,0.10437029099572435,identity_without_rescale_tags
,SAX,SAX_s34_4101,35,1,valid,0.9627520004655035,1.0,0.11063088108849937,identity_without_rescale_tags
,SAX,SAX_s34_4101,36,1,valid,0.9553579725044279,0.9970443349753695,0.12359490606565501,identity_without_rescale_tags
,SAX,SAX_s34_4101,37,1,valid,0.946533668708841,0.9959644874899112,0.12842156684173034,identity_without_rescale_tags
,SAX,SAX_s34_4101,38,1,valid,0.9655249221614097,0.9980404964075767,0.1120501160536071,identity_without_rescale_tags
,SAX,SAX_s34_4101,39,1,valid,0.9660792792611418,0.9941214892227302,0.11111762028742757,identity_without_rescale_tags
,SAX,SAX_s34_4101,40,1,valid,0.9553871716412842,0.9948186528497409,0.12419461019042757,identity_without_rescale_tags
,SAX,SAX_s34_4101,41,1,valid,0.9628378775984251,0.9941214892227302,0.1168276201035091,identity_without_rescale_tags
,SAX,SAX_s34_4101,42,1,valid,0.9443004372069287,0.995260663507109,0.12486822146031822,identity_without_rescale_tags
,SAX,SAX_s34_4101,43,1,valid,0.9673358993614954,0.9907578558225508,0.11161110657223812,identity_without_rescale_tags
,SAX,SAX_s34_4101,44,1,valid,0.9640213087201145,0.9883321894303363,0.11990622913651375,identity_without_rescale_tags
,SAX,SAX_s34_4101,45,1,valid,0.9453185568521861,1.0,0.15190896789470962,identity_without_rescale_tags
,SAX,SAX_s34_4101,46,1,valid,0.9365639923163189,0.9971509971509972,0.16742062140663408,identity_without_rescale_tags
,SAX,SAX_s34_4101,47,1,valid,0.9114243345136359,0.995260663507109,0.1873564824416246,identity_without_rescale_tags
,SAX,SAX_s34_4101,48,1,valid,0.952049497390476,0.9898190045248869,0.14453923730058824,identity_without_rescale_tags
,SAX,SAX_s34_4101,49,1,valid,0.9600958762079226,0.9948032665181886,0.12595995496399992,identity_without_rescale_tags
,SAX,SAX_s35_4201,0,1,valid,0.9636969210438466,1.064516129032258,0.13637571006128604,identity_without_rescale_tags
,SAX,SAX_s35_4201,1,1,valid,0.954814182968921,1.0516342157469996,0.14274873972796462,identity_without_rescale_tags
,SAX,SAX_s35_4201,2,1,valid,0.9651183777760464,1.025718879191548,0.12281241083127241,identity_without_rescale_tags
,SAX,SAX_s35_4201,3,1,valid,0.9358352768798864,1.0209992758870383,0.15432676488203104,identity_without_rescale_tags
,SAX,SAX_s35_4201,4,1,valid,0.9569702533176412,1.0209617755856966,0.1319934933599876,identity_without_rescale_tags
,SAX,SAX_s35_4201,5,1,valid,0.9598908814878938,1.0095238095238095,0.12673849759988912,identity_without_rescale_tags
,SAX,SAX_s35_4201,6,1,valid,0.960529721509906,1.0,0.12365482607930138,identity_without_rescale_tags
,SAX,SAX_s35_4201,7,1,valid,0.9532652195408715,1.0,0.12535030851221182,identity_without_rescale_tags
,SAX,SAX_s35_4201,8,1,valid,0.9441795888001892,0.9937955097979565,0.12694956315520423,identity_without_rescale_tags
,SAX,SAX_s35_4201,9,1,valid,0.9749508532110598,0.9928205128205129,0.10559748237936102,identity_without_rescale_tags
,SAX,SAX_s35_4201,10,1,valid,0.9610349264323874,0.9978510017626095,0.12941203390216577,identity_without_rescale_tags
,SAX,SAX_s35_4201,11,1,valid,0.9488821993902836,0.996996996996997,0.15089927057929703,identity_without_rescale_tags
,SAX,SAX_s35_4201,12,1,valid,0.9079155499968933,0.9989402953173481,0.1939242252704868,identity_without_rescale_tags
,SAX,SAX_s35_4201,13,1,valid,0.9341802002083701,0.9925705794947994,0.1703436167973404,identity_without_rescale_tags
,SAX,SAX_s35_4201,14,1,valid,0.9457158506334362,0.9965999225016966,0.1544456700665558,identity_without_rescale_tags
,SAX,SAX_s35_4201,15,1,valid,0.9601428646781555,1.0033241007432725,0.12452168208001126,identity_without_rescale_tags
,SAX,SAX_s35_4201,16,1,valid,0.9416704402544962,1.002568056125282,0.1400506600493806,identity_without_rescale_tags
,SAX,SAX_s35_4201,17,1,valid,0.961952856915496,1.0119084938050456,0.12267340392549322,identity_without_rescale_tags
,SAX,SAX_s35_4201,18,1,valid,0.9698085168945897,1.0067519778115186,0.11071574600260593,identity_without_rescale_tags
,SAX,SAX_s35_4201,19,1,valid,0.9594791594094596,1.0044670067336159,0.12449886882289837,identity_without_rescale_tags
,SAX,SAX_s35_4201,20,1,valid,0.9696704761066277,0.99597044814895,0.11265000981175201,identity_without_rescale_tags
,SAX,SAX_s35_4201,21,1,valid,0.9397294813165816,0.9980314884349946,0.1477269189049411,identity_without_rescale_tags
,SAX,SAX_s35_4201,22,1,valid,0.9637780741725809,0.9990909023290255,0.12162074483645205,identity_without_rescale_tags
,SAX,SAX_s35_4201,23,1,valid,0.9686519832731237,0.996031746031746,0.11396423764947085,identity_without_rescale_tags
,SAX,SAX_s35_4201,24,1,valid,0.97038796583427,0.9971367200790322,0.10536525233501415,identity_without_rescale_tags
,SAX,SAX_s35_4201,25,1,valid,0.9816797433831067,0.9945635754630238,0.09066482244862625,identity_without_rescale_tags
,SAX,SAX_s35_4201,26,1,valid,0.9456939784689957,0.9953641103157276,0.1347625480322853,identity_without_rescale_tags
,SAX,SAX_s35_4201,27,1,valid,0.957688968865598,0.990521327014218,0.13499232523004198,identity_without_rescale_tags
,SAX,SAX_s35_4201,28,1,valid,0.949371799884436,0.9930458970792768,0.15240481213362658,identity_without_rescale_tags
,SAX,SAX_s35_4201,29,1,valid,0.9206438921746952,0.9965397923875432,0.19264014465354973,identity_without_rescale_tags
,SAX,SAX_s35_4201,30,1,valid,0.8866084735463245,0.9905747272308294,0.23143615120575192,identity_without_rescale_tags
,SAX,SAX_s35_4201,31,1,valid,0.8658064265519709,0.9950248756218906,0.2481015350440467,identity_without_rescale_tags
,SAX,SAX_s35_4201,32,1,valid,0.9142454554419128,0.992289693508394,0.19907356723065672,identity_without_rescale_tags
,SAX,SAX_s35_4201,33,1,valid,0.943086912969418,1.0055229554388814,0.1584634807078512,identity_without_rescale_tags
,SAX,SAX_s35_4201,34,1,valid,0.9513986570147731,1.0113612460320496,0.14313730762376478,identity_without_rescale_tags
,SAX,SAX_s35_4201,35,1,valid,0.975900397451794,1.0048780487804878,0.10231454710003482,identity_without_rescale_tags
,SAX,SAX_s35_4201,36,1,valid,0.9514410663730309,1.0,0.1258666993811757,identity_without_rescale_tags
,SAX,SAX_s35_4201,37,1,valid,0.974713431228512,1.005089983807541,0.10081445639739386,identity_without_rescale_tags
,SAX,SAX_s35_4201,38,1,valid,0.9736578832302767,1.0,0.10064376875560843,identity_without_rescale_tags
,SAX,SAX_s35_4201,39,1,valid,0.9709216105806443,0.995831885568682,0.10612400131494643,identity_without_rescale_tags
,SAX,SAX_s35_4201,40,1,valid,0.9622715730001331,0.994530239434017,0.11917038960639706,identity_without_rescale_tags
,SAX,SAX_s35_4201,41,1,valid,0.9511344327468577,0.9958534879988996,0.13565413211675542,identity_without_rescale_tags
,SAX,SAX_s35_4201,42,1,valid,0.9479400486703776,0.9965896153204973,0.13249696328387428,identity_without_rescale_tags
,SAX,SAX_s35_4201,43,1,valid,0.9728145467838515,0.9952874646559849,0.0993107485784227,identity_without_rescale_tags
,SAX,SAX_s35_4201,44,1,valid,0.9748637505557544,0.9875876956287102,0.09950406577598368,identity_without_rescale_tags
,SAX,SAX_s35_4201,45,1,valid,0.9620113059416588,0.9898542555103509,0.12391203161966155,identity_without_rescale_tags
,SAX,SAX_s35_4201,46,1,valid,0.9481416321069926,0.9978385886669169,0.15159607613424367,identity_without_rescale_tags
,SAX,SAX_s35_4201,47,1,valid,0.914308989802277,0.9926203568196219,0.18967956049187465,identity_without_rescale_tags
,SAX,SAX_s35_4201,48,1,valid,0.9272555620112499,0.9924984169314,0.18600091814243666,identity_without_rescale_tags
,SAX,SAX_s35_4201,49,1,valid,0.9009961944931071,0.9884652613381872,0.21715323131735617,identity_without_rescale_tags
,SAX,SAX_s36_4301,0,1,valid,0.9624950121312821,1.046826788865387,0.12888124291820238,identity_without_rescale_tags
,SAX,SAX_s36_4301,1,1,valid,0.9667260899130893,1.0283938473407588,0.11567108939588257,identity_without_rescale_tags
,SAX,SAX_s36_4301,2,1,valid,0.9416275496704298,1.0278942965290088,0.1391547783222336,identity_without_rescale_tags
,SAX,SAX_s36_4301,3,1,valid,0.94576942611967,1.0124046682494976,0.1386595614988699,identity_without_rescale_tags
,SAX,SAX_s36_4301,4,1,valid,0.9598030761013971,1.0074074074074073,0.13401412836274315,identity_without_rescale_tags
,SAX,SAX_s36_4301,5,1,valid,0.9388780658542392,1.006150601927812,0.16449050685919747,identity_without_rescale_tags
,SAX,SAX_s36_4301,6,1,valid,0.930294788596042,1.0021810276755048,0.17183724716091642,identity_without_rescale_tags
,SAX,SAX_s36_4301,7,1,valid,0.9303234370010203,0.9977145088096776,0.1623539662917995,identity_without_rescale_tags
,SAX,SAX_s36_4301,8,1,valid,0.9660517842823685,1.001129518232406,0.11706768572241866,identity_without_rescale_tags
,SAX,SAX_s36_4301,9,1,valid,0.9639594913278051,1.0075496753639595,0.11715728092205618,identity_without_rescale_tags
,SAX,SAX_s36_4301,10,1,valid,0.9621167396268291,1.0044642857142858,0.12108844213840589,identity_without_rescale_tags
,SAX,SAX_s36_4301,11,1,valid,0.9398150324605782,1.0056515963693002,0.15024140683862852,identity_without_rescale_tags
,SAX,SAX_s36_4301,12,1,valid,0.9581146339533992,1.0141265110998767,0.13507953988216784,identity_without_rescale_tags
,SAX,SAX_s36_4301,13,1,valid,0.9504625533494404,1.0075131522499943,0.14231877902038928,identity_without_rescale_tags
,SAX,SAX_s36_4301,14,1,valid,0.9564460840790756,1.0,0.13670898380150612,identity_without_rescale_tags
,SAX,SAX_s36_4301,15,1,valid,0.9272628492849637,0.9971164926972766,0.16995383245746845,identity_without_rescale_tags
,SAX,SAX_s36_4301,16,1,valid,0.9469981635822312,1.0,0.15034249187098908,identity_without_rescale_tags
,SAX,SAX_s36_4301,17,1,valid,0.9590054206133155,0.9927007299270073,0.13293587474911597,identity_without_rescale_tags
,SAX,SAX_s36_4301,18,1,valid,0.9670691059433785,0.9936476565645516,0.11323000067884395,identity_without_rescale_tags
,SAX,SAX_s36_4301,19,1,valid,0.9778282526542375,0.9942196531791907,0.09819529735764038,identity_without_rescale_tags
,SAX,SAX_s36_4301,20,1,valid,0.9409268710297732,1.0,0.14349362261046883,identity_without_rescale_tags
,SAX,SAX_s36_4301,21,1,valid,0.9409736374253608,0.9938650306748467,0.153654847467538,identity_without_rescale_tags
,SAX,SAX_s36_4301,22,1,valid,0.9394971886364716,0.9941892528511088,0.1637066454057196,identity_without_rescale_tags
,SAX,SAX_s36_4301,23,1,valid,0.9076042389175599,0.9971311432041603,0.2034923251273606,identity_without_rescale_tags
,SAX,SAX_s36_4301,24,1,valid,0.8884338506656447,0.9911894273127754,0.2213281779805466,identity_without_rescale_tags
,SAX,SAX_s36_4301,25,1,valid,0.8844355055751234,0.9898591517108992,0.22419101078574374,identity_without_rescale_tags
,SAX,SAX_s36_4301,26,1,valid,0.9310485442998898,1.0,0.1678646807673254,identity_without_rescale_tags
,SAX,SAX_s36_4301,27,1,valid,0.962649205960855,1.0100502512562815,0.12223466870428258,identity_without_rescale_tags
,SAX,SAX_s36_4301,28,1,valid,0.9646436600434886,1.012133796483059,0.120904655512206,identity_without_rescale_tags
,SAX,SAX_s36_4301,29,1,valid,0.9659139898408682,1.0075187969924813,0.12290611268050416,identity_without_rescale_tags
,SAX,SAX_s36_4301,30,1,valid,0.9397254463138012,1.0,0.1553898103782634,identity_without_rescale_tags
,SAX,SAX_s36_4301,31,1,valid,0.945673515759967,1.001539668692692,0.1452971892892318,identity_without_rescale_tags
,SAX,SAX_s36_4301,32,1,valid,0.9598927074176811,0.9993650537688594,0.1305558245417166,identity_without_rescale_tags
,SAX,SAX_s36_4301,33,1,valid,0.9603506026780987,0.9918070078610958,0.13121278872800635,identity_without_rescale_tags
,SAX,SAX_s36_4301,34,1,valid,0.9498306665955523,0.9950808054619307,0.14630519380768578,identity_without_rescale_tags
,SAX,SAX_s36_4301,35,1,valid,0.9608889962122873,0.9897204779967321,0.13318915422376393,identity_without_rescale_tags
,SAX,SAX_s36_4301,36,1,valid,0.9331111246588517,0.9901380670611439,0.16347020136228269,identity_without_rescale_tags
,SAX,SAX_s36_4301,37,1,valid,0.9579537370977393,0.988929889298893,0.1270807049744678,identity_without_rescale_tags
,SAX,SAX_s36_4301,38,1,valid,0.9720564447065294,0.9852673658604696,0.10457602242921502,identity_without_rescale_tags
,SAX,SAX_s36_4301,39,1,valid,0.9715157476286629,0.9825875090734654,0.10916408165477584,identity_without_rescale_tags
,SAX,SAX_s36_4301,40,1,valid,0.9569328353887739,0.9923054151295714,0.13265032707834412,identity_without_rescale_tags
,SAX,SAX_s36_4301,41,1,valid,0.9447625615527981,0.9975369308702642,0.15626077626848342,identity_without_rescale_tags
,SAX,SAX_s36_4301,42,1,valid,0.8990048094699222,1.0,0.20443703516772127,identity_without_rescale_tags
,SAX,SAX_s36_4301,43,1,valid,0.9200388080516562,0.988395224188416,0.18698722999281897,identity_without_rescale_tags
,SAX,SAX_s36_4301,44,1,valid,0.9342182948424813,0.9822485207100592,0.16729911845373271,identity_without_rescale_tags
,SAX,SAX_s36_4301,45,1,valid,0.9474629596692192,0.9951923076923077,0.14607629173900963,identity_without_rescale_tags
,SAX,SAX_s36_4301,46,1,valid,0.9648469776396364,0.9995867762244699,0.11633472445374177,identity_without_rescale_tags
,SAX,SAX_s36_4301,47,1,valid,0.949796890735474,1.0,0.1299143314596132,identity_without_rescale_tags
,SAX,SAX_s36_4301,48,1,valid,0.9622964287743377,1.0028937656635981,0.12131231801089885,identity_without_rescale_tags
,SAX,SAX_s36_4301,49,1,valid,0.9670638031400343,1.0008609596494193,0.11820761251036525,identity_without_rescale_tags
,SAX,SAX_s37_4401,0,1,valid,0.9732429629941066,1.064321419038606,0.12050487635067426,identity_without_rescale_tags
,SAX,SAX_s37_4401,1,1,valid,0.9757120860606364,1.033457249070632,0.10799821710860667,identity_without_rescale_tags
,SAX,SAX_s37_4401,2,1,valid,0.9608355060303658,1.0237483509234828,0.12235593214113163,identity_without_rescale_tags
,SAX,SAX_s37_4401,3,1,valid,0.9435502931018728,1.0149381244142381,0.12664299382789873,identity_without_rescale_tags
,SAX,SAX_s37_4401,4,1,valid,0.9437478868267336,1.0118469785575048,0.1378836747155176,identity_without_rescale_tags
,SAX,SAX_s37_4401,5,1,valid,0.9748049242270524,1.011016430512624,0.10247836031382185,identity_without_rescale_tags
,SAX,SAX_s37_4401,6,1,valid,0.9834709924516859,1.002963402050539,0.08119289669938896,identity_without_rescale_tags
,SAX,SAX_s37_4401,7,1,valid,0.974564414871886,1.0030646670097942,0.09833304182392166,identity_without_rescale_tags
,SAX,SAX_s37_4401,8,1,valid,0.9709373689285404,0.9973992153679654,0.11077588758847264,identity_without_rescale_tags
,SAX,SAX_s37_4401,9,1,valid,0.9274278605311936,1.002903038948591,0.17071023568785576,identity_without_rescale_tags
,SAX,SAX_s37_4401,10,1,valid,0.9298900505038558,0.9948141707155279,0.1780091374291562,identity_without_rescale_tags
,SAX,SAX_s37_4401,11,1,valid,0.9190668237711875,0.9952718411875168,0.19504719530135362,identity_without_rescale_tags
,SAX,SAX_s37_4401,12,1,valid,0.8919724841830917,0.9952380952380953,0.2243095106767985,identity_without_rescale_tags
,SAX,SAX_s37_4401,13,1,valid,0.8969662398054511,0.9890331704383626,0.21615425856072032,identity_without_rescale_tags
,SAX,SAX_s37_4401,14,1,valid,0.8966415886085408,0.9949494949494949,0.21522275111567393,identity_without_rescale_tags
,SAX,SAX_s37_4401,15,1,valid,0.933179396797994,1.00471799292554,0.16777309607499022,identity_without_rescale_tags
,SAX,SAX_s37_4401,16,1,valid,0.9700352360554065,1.006208770822391,0.11358765415720909,identity_without_rescale_tags
,SAX,SAX_s37_4401,17,1,valid,0.974956617783328,1.0052910052910053,0.0967058880287077,identity_without_rescale_tags
,SAX,SAX_s37_4401,18,1,valid,0.974371838812049,1.0011098779134295,0.09907411585659102,identity_without_rescale_tags
,SAX,SAX_s37_4401,19,1,valid,0.9487539345364842,1.002236355149535,0.12755882042119687,identity_without_rescale_tags
,SAX,SAX_s37_4401,20,1,valid,0.9545133121073058,1.0023964406989632,0.11598839620947643,identity_without_rescale_tags
,SAX,SAX_s37_4401,21,1,valid,0.9810983401615953,1.001930509125196,0.08671891105585154,identity_without_rescale_tags
,SAX,SAX_s37_4401,22,1,valid,0.9805372472082992,0.9988597254239624,0.08906726037419167,identity_without_rescale_tags
,SAX,SAX_s37_4401,23,1,valid,0.9688674614152964,0.9992340098455111,0.10337469524100824,identity_without_rescale_tags
,SAX,SAX_s37_4401,24,1,valid,0.9406981468921348,0.997981632838461,0.13760066109433297,identity_without_rescale_tags
,SAX,SAX_s37_4401,25,1,valid,0.9451205910699589,1.0,0.12870622629755177,identity_without_rescale_tags
,SAX,SAX_s37_4401,26,1,valid,0.9785742069297118,1.0,0.08859170566758402,identity_without_rescale_tags
,SAX,SAX_s37_4401,27,1,valid,0.9808089109266568,0.9950912520489157,0.08549598690186386,identity_without_rescale_tags
,SAX,SAX_s37_4401,28,1,valid,0.9672928928849349,0.990699951052374,0.10886769845776624,identity_without_rescale_tags
,SAX,SAX_s37_4401,29,1,valid,0.9560825301486199,0.9939393939393939,0.12607280477274302,identity_without_rescale_tags
,SAX,SAX_s37_4401,30,1,valid,0.9289637268614347,0.9961389961389961,0.1628174658861013,identity_without_rescale_tags
,SAX,SAX_s37_4401,31,1,valid,0.9549593935715228,0.9913851694451823,0.14166212949457116,identity_without_rescale_tags
,SAX,SAX_s37_4401,32,1,valid,0.946037455978369,0.9870455366052782,0.15621814667767184,identity_without_rescale_tags
,SAX,SAX_s37_4401,33,1,valid,0.9417150854902011,0.9919028340080972,0.1595810281344107,identity_without_rescale_tags
,SAX,SAX_s37_4401,34,1,valid,0.9541422016434089,0.9889680527383367,0.1410631728856988,identity_without_rescale_tags
,SAX,SAX_s37_4401,35,1,valid,0.9399390110523762,0.9969230769230769,0.14439166479019047,identity_without_rescale_tags
,SAX,SAX_s37_4401,36,1,valid,0.9763562348185273,1.0041899523071072,0.0925566153540078,identity_without_rescale_tags
,SAX,SAX_s37_4401,37,1,valid,0.9841149014100019,1.0015261352851095,0.08007979107569846,identity_without_rescale_tags
,SAX,SAX_s37_4401,38,1,valid,0.9728581119847005,1.0,0.0961874812938918,identity_without_rescale_tags
,SAX,SAX_s37_4401,39,1,valid,0.9765072333094548,0.9986565148201516,0.09314274352570286,identity_without_rescale_tags
,SAX,SAX_s37_4401,40,1,valid,0.940243426680393,0.9972480190849451,0.14037216414693954,identity_without_rescale_tags
,SAX,SAX_s37_4401,41,1,valid,0.9624561937542373,1.0,0.11451028603071597,identity_without_rescale_tags
,SAX,SAX_s37_4401,42,1,valid,0.9760766867486357,1.0,0.09854905567042085,identity_without_rescale_tags
,SAX,SAX_s37_4401,43,1,valid,0.9723601520374823,0.9993381819933818,0.10430533156563958,identity_without_rescale_tags
,SAX,SAX_s37_4401,44,1,valid,0.9817174255865941,0.9951923076923077,0.09041903269589116,identity_without_rescale_tags
,SAX,SAX_s37_4401,45,1,valid,0.9389169483756199,0.9967956052338203,0.13234610936648147,identity_without_rescale_tags
,SAX,SAX_s37_4401,46,1,valid,0.9579884741024742,0.9903492626677015,0.11667118161348564,identity_without_rescale_tags
,SAX,SAX_s37_4401,47,1,valid,0.9747117273144316,0.990754084857043,0.10624685923506408,identity_without_rescale_tags
,SAX,SAX_s37_4401,48,1,valid,0.9588208640195602,0.9920033655868742,0.13335537898469074,identity_without_rescale_tags
,SAX,SAX_s37_4401,49,1,valid,0.9537164816638074,0.9921205855438793,0.14289276720337774,identity_without_rescale_tags
,SAX,SAX_s38_4501,0,1,valid,0.9355967347697418,1.0501474926253687,0.17724569394078135,identity_without_rescale_tags
,SAX,SAX_s38_4501,1,1,valid,0.899523722316485,1.0350877192982457,0.21516461261221176,identity_without_rescale_tags
,SAX,SAX_s38_4501,2,1,valid,0.9296908982225965,1.0106382978723405,0.1763943608790257,identity_without_rescale_tags
,SAX,SAX_s38_4501,3,1,valid,0.9510870589018229,1.0069084628670122,0.14448740852139316,identity_without_rescale_tags
,SAX,SAX_s38_4501,4,1,valid,0.9580750528932163,1.0076335877862594,0.12842325698062695,identity_without_rescale_tags
,SAX,SAX_s38_4501,5,1,valid,0.9542630855643619,1.0093457943925233,0.1253304865852774,identity_without_rescale_tags
,SAX,SAX_s38_4501,6,1,valid,0.9417600196524617,1.0067567567567568,0.13379058241735484,identity_without_rescale_tags
,SAX,SAX_s38_4501,7,1,valid,0.953848370755363,1.0075187969924813,0.11825905769810072,identity_without_rescale_tags
,SAX,SAX_s38_4501,8,1,valid,0.9759795201121857,1.0079635949943118,0.0966281133240646,identity_without_rescale_tags
,SAX,SAX_s38_4501,9,1,valid,0.9732641841021694,1.0009762447120079,0.10139552725410997,identity_without_rescale_tags
,SAX,SAX_s38_4501,10,1,valid,0.9580064366662885,1.0015392508978964,0.12412910306809179,identity_without_rescale_tags
,SAX,SAX_s38_4501,11,1,valid,0.9367635490202822,1.0,0.14244619867346722,identity_without_rescale_tags
,SAX,SAX_s38_4501,12,1,valid,0.9435983552400501,0.998756734355574,0.13703315930505142,identity_without_rescale_tags
,SAX,SAX_s38_4501,13,1,valid,0.9696668338907055,0.9954337899543378,0.10558983700455914,identity_without_rescale_tags
,SAX,SAX_s38_4501,14,1,valid,0.9738890291685405,0.9891156462585035,0.10462076765849407,identity_without_rescale_tags
,SAX,SAX_s38_4501,15,1,valid,0.9588132722783561,0.995768688293371,0.13354439258116754,identity_without_rescale_tags
,SAX,SAX_s38_4501,16,1,valid,0.9441253790298537,0.9956709956709957,0.15935034627260608,identity_without_rescale_tags
,SAX,SAX_s38_4501,17,1,valid,0.9029180907278317,1.0,0.20365024526195133,identity_without_rescale_tags
,SAX,SAX_s38_4501,18,1,valid,0.9145278230120931,0.9865336658354115,0.2006382652012179,identity_without_rescale_tags
,SAX,SAX_s38_4501,19,1,valid,0.9038158727886767,0.9835897435897436,0.2085066887209064,identity_without_rescale_tags
,SAX,SAX_s38_4501,20,1,valid,0.9108400501500309,0.9848721961398018,0.19895861686586178,identity_without_rescale_tags
,SAX,SAX_s38_4501,21,1,valid,0.9238475739379792,0.9928057553956835,0.18185777511912668,identity_without_rescale_tags
,SAX,SAX_s38_4501,22,1,valid,0.930520758252517,1.0,0.15671558072918032,identity_without_rescale_tags
,SAX,SAX_s38_4501,23,1,valid,0.9708724405300327,1.0091743119266054,0.10933651409785425,identity_without_rescale_tags
,SAX,SAX_s38_4501,24,1,valid,0.9751431764903425,1.0068313189700473,0.10600693094315945,identity_without_rescale_tags
,SAX,SAX_s38_4501,25,1,valid,0.9657308018057784,1.0048076923076923,0.1163644686866667,identity_without_rescale_tags
,SAX,SAX_s38_4501,26,1,valid,0.9391219065539621,1.0,0.14865584183574004,identity_without_rescale_tags
,SAX,SAX_s38_4501,27,1,valid,0.9376205067259785,1.0,0.14951961126556443,identity_without_rescale_tags
,SAX,SAX_s38_4501,28,1,valid,0.9596966636399907,1.0057952350289763,0.1345342141078505,identity_without_rescale_tags
,SAX,SAX_s38_4501,29,1,valid,0.9579135816035238,1.0,0.13631282578751625,identity_without_rescale_tags
,SAX,SAX_s38_4501,30,1,valid,0.964829752271591,0.9971830985915493,0.13030998039794706,identity_without_rescale_tags
,SAX,SAX_s38_4501,31,1,valid,0.93095824563003,0.9948186528497409,0.16106747221540718,identity_without_rescale_tags
,SAX,SAX_s38_4501,32,1,valid,0.9500706299792925,0.9912314144109798,0.12927591574012065,identity_without_rescale_tags
,SAX,SAX_s38_4501,33,1,valid,0.9713771260762942,0.9916805324459235,0.1091275352337864,identity_without_rescale_tags
,SAX,SAX_s38_4501,34,1,valid,0.9662170507544324,0.9939686369119421,0.12310208073187996,identity_without_rescale_tags
,SAX,SAX_s38_4501,35,1,valid,0.9602721108064616,0.9921259842519685,0.13866977538934747,identity_without_rescale_tags
,SAX,SAX_s38_4501,36,1,valid,0.9090931676788624,0.9966777408637874,0.19301699713699547,identity_without_rescale_tags
,SAX,SAX_s38_4501,37,1,valid,0.9266349236835698,0.9884763124199744,0.1792074505287248,identity_without_rescale_tags
,SAX,SAX_s38_4501,38,1,valid,0.9484558807229398,0.9878764176769652,0.15024111195619486,identity_without_rescale_tags
,SAX,SAX_s38_4501,39,1,valid,0.9550240678022658,0.995475113122172,0.14040492588247527,identity_without_rescale_tags
,SAX,SAX_s38_4501,40,1,valid,0.9681336057852066,1.0,0.11167558842689192,identity_without_rescale_tags
,SAX,SAX_s38_4501,41,1,valid,0.9434328090209309,1.0013327410039983,0.1340060375454554,identity_without_rescale_tags
,SAX,SAX_s38_4501,42,1,valid,0.9636717659640823,1.004965859714463,0.11797464122540843,identity_without_rescale_tags
,SAX,SAX_s38_4501,43,1,valid,0.9723366178840936,1.0047619047619047,0.10839775417608681,identity_without_rescale_tags
,SAX,SAX_s38_4501,44,1,valid,0.9685837114891065,1.0,0.11585876796940249,identity_without_rescale_tags
,SAX,SAX_s38_4501,45,1,valid,0.9607866354717536,0.9983948635634029,0.12658271060115434,identity_without_rescale_tags
,SAX,SAX_s38_4501,46,1,valid,0.9286362100280268,0.9975550122249389,0.16283168416157343,identity_without_rescale_tags
,SAX,SAX_s38_4501,47,1,valid,0.9341442900992485,0.9977843426883308,0.15812866523409413,identity_without_rescale_tags
,SAX,SAX_s38_4501,48,1,valid,0.9548882370812444,0.99880810488677,0.13902831281867942,identity_without_rescale_tags
,SAX,SAX_s38_4501,49,1,valid,0.9571355595737804,0.9948453608247423,0.13694994401205154,identity_without_rescale_tags
,SAX,SAX_s39_4601,0,1,valid,0.9462709829077308,1.0647370250593675,0.1620966615368773,identity_without_rescale_tags
,SAX,SAX_s39_4601,1,1,valid,0.9451311955426286,1.0332332426965347,0.1543894908799926,identity_without_rescale_tags
,SAX,SAX_s39_4601,2,1,valid,0.9357019559728267,1.0190384493602327,0.16081827885349412,identity_without_rescale_tags
,SAX,SAX_s39_4601,3,1,valid,0.9071370326759535,1.0126582278481013,0.1800431575529527,identity_without_rescale_tags
,SAX,SAX_s39_4601,4,1,valid,0.9324992167942614,1.004950495049505,0.1551280390190096,identity_without_rescale_tags
,SAX,SAX_s39_4601,5,1,valid,0.9608502116098384,0.9989249180156079,0.11774696635923608,identity_without_rescale_tags
,SAX,SAX_s39_4601,6,1,valid,0.9653796751163862,0.9981949399670919,0.11610749308623522,identity_without_rescale_tags
,SAX,SAX_s39_4601,7,1,valid,0.9629935353177876,0.9967134912924126,0.12722782377716813,identity_without_rescale_tags
,SAX,SAX_s39_4601,8,1,valid,0.9157028217378654,1.0064892953998013,0.18838240726157743,identity_without_rescale_tags
,SAX,SAX_s39_4601,9,1,valid,0.9191371774510533,0.9958304357904497,0.19220657229770394,identity_without_rescale_tags
,SAX,SAX_s39_4601,10,1,valid,0.9051956675740293,0.9956567666726399,0.21017875081341253,identity_without_rescale_tags
,SAX,SAX_s39_4601,11,1,valid,0.8885027890350574,0.9939515883177854,0.22426162524985702,identity_without_rescale_tags
,SAX,SAX_s39_4601,12,1,valid,0.8768475063550648,0.9939689086116879,0.235363876142941,identity_without_rescale_tags
,SAX,SAX_s39_4601,13,1,valid,0.904868572182058,1.0096632089488704,0.19053603013059836,identity_without_rescale_tags
,SAX,SAX_s39_4601,14,1,valid,0.9469544837873822,1.016375565368182,0.14886923418148773,identity_without_rescale_tags
,SAX,SAX_s39_4601,15,1,valid,0.9529946539517362,1.015927434065342,0.1411677501960718,identity_without_rescale_tags
,SAX,SAX_s39_4601,16,1,valid,0.9354786903853866,1.0078158937880104,0.16121156550254137,identity_without_rescale_tags
,SAX,SAX_s39_4601,17,1,valid,0.9305247082291158,1.006582041887409,0.1612598118174787,identity_without_rescale_tags
,SAX,SAX_s39_4601,18,1,valid,0.9532808319495705,1.0046885549641216,0.1390074117070725,identity_without_rescale_tags
,SAX,SAX_s39_4601,19,1,valid,0.9494128581539648,1.0020593112163763,0.14772344893483108,identity_without_rescale_tags
,SAX,SAX_s39_4601,20,1,valid,0.9515066402788099,0.9942196531791907,0.14329387389867754,identity_without_rescale_tags
,SAX,SAX_s39_4601,21,1,valid,0.9226545794265536,0.997409309037216,0.1662862070599234,identity_without_rescale_tags
,SAX,SAX_s39_4601,22,1,valid,0.959893161170359,0.9921259842519685,0.12218356942785202,identity_without_rescale_tags
,SAX,SAX_s39_4601,23,1,valid,0.9699618769206793,0.9965694581744575,0.10292370926442705,identity_without_rescale_tags
,SAX,SAX_s39_4601,24,1,valid,0.9599362567864677,0.9927341221864114,0.13059484205749897,identity_without_rescale_tags
,SAX,SAX_s39_4601,25,1,valid,0.9000980637940813,1.0,0.20382182798238227,identity_without_rescale_tags
,SAX,SAX_s39_4601,26,1,valid,0.8980875988134177,0.9903308977057177,0.21225518975878255,identity_without_rescale_tags
,SAX,SAX_s39_4601,27,1,valid,0.8888083160836595,0.9883720930232558,0.22285892370858626,identity_without_rescale_tags
,SAX,SAX_s39_4601,28,1,valid,0.8895632473592364,0.9854545454545455,0.22182506877328279,identity_without_rescale_tags
,SAX,SAX_s39_4601,29,1,valid,0.8830071221442176,0.9901960784313726,0.2278244869521239,identity_without_rescale_tags
,SAX,SAX_s39_4601,30,1,valid,0.9121693900070752,1.0076447195220033,0.1870090551449437,identity_without_rescale_tags
,SAX,SAX_s39_4601,31,1,valid,0.9558531558216232,1.0111690132779452,0.13307809305606588,identity_without_rescale_tags
,SAX,SAX_s39_4601,32,1,valid,0.9645426140214921,1.0063477672725178,0.12607920009204152,identity_without_rescale_tags
,SAX,SAX_s39_4601,33,1,valid,0.9571341919219254,1.0063100531915856,0.13178837312557676,identity_without_rescale_tags
,SAX,SAX_s39_4601,34,1,valid,0.9338532129383488,1.0,0.1582481074911399,identity_without_rescale_tags
,SAX,SAX_s39_4601,35,1,valid,0.9371439155324736,1.0,0.15584027652110397,identity_without_rescale_tags
,SAX,SAX_s39_4601,36,1,valid,0.9575457974397781,1.0,0.13626779587883173,identity_without_rescale_tags
,SAX,SAX_s39_4601,37,1,valid,0.9563486256163299,0.9965112221879615,0.13904555634894925,identity_without_rescale_tags
,SAX,SAX_s39_4601,38,1,valid,0.9520676620360302,0.996176719785827,0.14398345199203572,identity_without_rescale_tags
,SAX,SAX_s39_4601,39,1,valid,0.9545486421204417,0.9917355371900827,0.1420520247872055,identity_without_rescale_tags
,SAX,SAX_s39_4601,40,1,valid,0.9242393120424562,0.9944815745699696,0.16504795900842326,identity_without_rescale_tags
,SAX,SAX_s39_4601,41,1,valid,0.9458683961839034,0.9906542056074766,0.1362036498619841,identity_without_rescale_tags
,SAX,SAX_s39_4601,42,1,valid,0.9655849574025707,0.9881818743163615,0.11786708422563022,identity_without_rescale_tags
,SAX,SAX_s39_4601,43,1,valid,0.947531746515717,0.9898538944327364,0.1518639604331925,identity_without_rescale_tags
,SAX,SAX_s39_4601,44,1,valid,0.9244291926730185,0.9933774834437086,0.1878545966377661,identity_without_rescale_tags
,SAX,SAX_s39_4601,45,1,valid,0.868634390878454,0.9944459867974582,0.2560861130209291,identity_without_rescale_tags
,SAX,SAX_s39_4601,46,1,valid,0.8517637263915672,0.9879032258064516,0.2651809631576735,identity_without_rescale_tags
,SAX,SAX_s39_4601,47,1,valid,0.8952432679515956,0.9864814100351291,0.2187144162154236,identity_without_rescale_tags
,SAX,SAX_s39_4601,48,1,valid,0.9196535773167223,0.9956818994048822,0.18577902969297835,identity_without_rescale_tags
,SAX,SAX_s39_4601,49,1,valid,0.9333306586837711,1.0061478331830092,0.16252812643147202,identity_without_rescale_tags
,SAX,SAX_s3_1001,0,1,valid,0.9240630304899085,1.0462748372910833,0.1884122053688225,identity_without_rescale_tags
,SAX,SAX_s3_1001,1,1,valid,0.9298662099626578,1.0407239819004526,0.17124648464635425,identity_without_rescale_tags
,SAX,SAX_s3_1001,2,1,valid,0.9338843947621152,1.0289460680755376,0.1735105940341332,identity_without_rescale_tags
,SAX,SAX_s3_1001,3,1,valid,0.911239980258575,1.0384615384615385,0.20195059195620194,identity_without_rescale_tags
,SAX,SAX_s3_1001,4,1,valid,0.9016664413596894,1.028585764461329,0.21268758118102588,identity_without_rescale_tags
,SAX,SAX_s3_1001,5,1,valid,0.8973422219540115,1.0118737990920432,0.20175331816526837,identity_without_rescale_tags
,SAX,SAX_s3_1001,6,1,valid,0.9194622699200763,0.9985442848878971,0.17758706161631255,identity_without_rescale_tags
,SAX,SAX_s3_1001,7,1,valid,0.9300209180161673,0.9932432432432432,0.16660116188259727,identity_without_rescale_tags
,SAX,SAX_s3_1001,8,1,valid,0.9416444546162485,0.9942857142857143,0.15314491647418937,identity_without_rescale_tags
,SAX,SAX_s3_1001,9,1,valid,0.9355223989897945,0.9977239966487617,0.14636965799133042,identity_without_rescale_tags
,SAX,SAX_s3_1001,10,1,valid,0.9532223483879435,1.0,0.13158202962482643,identity_without_rescale_tags
,SAX,SAX_s3_1001,11,1,valid,0.9661718767589416,0.9995540990385199,0.11571590528600724,identity_without_rescale_tags
,SAX,SAX_s3_1001,12,1,valid,0.9657440249436642,0.9982030533562378,0.11597790578372937,identity_without_rescale_tags
,SAX,SAX_s3_1001,13,1,valid,0.9607534363318359,1.0,0.12045814496254631,identity_without_rescale_tags
,SAX,SAX_s3_1001,14,1,valid,0.9355312770935866,0.9988412265543072,0.14632292963172103,identity_without_rescale_tags
,SAX,SAX_s3_1001,15,1,valid,0.9582994271700885,1.0,0.13096392657281947,identity_without_rescale_tags
,SAX,SAX_s3_1001,16,1,valid,0.958899127777959,0.9974506044456,0.12931699454503795,identity_without_rescale_tags
,SAX,SAX_s3_1001,17,1,valid,0.9639402681346513,0.9975460122699387,0.12251128879917536,identity_without_rescale_tags
,SAX,SAX_s3_1001,18,1,valid,0.9476206445093865,1.0,0.12878459259926442,identity_without_rescale_tags
,SAX,SAX_s3_1001,19,1,valid,0.955346384972698,1.0,0.13297121341953513,identity_without_rescale_tags
,SAX,SAX_s3_1001,20,1,valid,0.9487233303369192,1.0021978021978022,0.15637062817598443,identity_without_rescale_tags
,SAX,SAX_s3_1001,21,1,valid,0.9224727756578445,1.0080256821829856,0.1923978231911681,identity_without_rescale_tags
,SAX,SAX_s3_1001,22,1,valid,0.9045967920800715,1.0098522167487685,0.21315234714728562,identity_without_rescale_tags
,SAX,SAX_s3_1001,23,1,valid,0.8893778461924385,1.0,0.22064192577380307,identity_without_rescale_tags
,SAX,SAX_s3_1001,24,1,valid,0.9127091678963924,1.0,0.19386970403144416,identity_without_rescale_tags
,SAX,SAX_s3_1001,25,1,valid,0.926316352083016,0.9879518072289156,0.174226017158056,identity_without_rescale_tags
,SAX,SAX_s3_1001,26,1,valid,0.9463013904488107,0.9932885906040269,0.14867079521131976,identity_without_rescale_tags
,SAX,SAX_s3_1001,27,1,valid,0.9313648881365397,0.998110830485105,0.15549478238565984,identity_without_rescale_tags
,SAX,SAX_s3_1001,28,1,valid,0.9592842008879447,1.0,0.13897484892661413,identity_without_rescale_tags
,SAX,SAX_s3_1001,29,1,valid,0.9648547697446925,1.0,0.12635250063814002,identity_without_rescale_tags
,SAX,SAX_s3_1001,30,1,valid,0.9620833117739055,1.0,0.12815945285495317,identity_without_rescale_tags
,SAX,SAX_s3_1001,31,1,valid,0.9572208946918368,1.0,0.13256153719358063,identity_without_rescale_tags
,SAX,SAX_s3_1001,32,1,valid,0.9116485054468452,1.0,0.17546551677732156,identity_without_rescale_tags
,SAX,SAX_s3_1001,33,1,valid,0.9373237024781962,1.0,0.16212408890227423,identity_without_rescale_tags
,SAX,SAX_s3_1001,34,1,valid,0.9377264456394288,0.9957206689773889,0.1604643513458356,identity_without_rescale_tags
,SAX,SAX_s3_1001,35,1,valid,0.9405809442056483,0.99688230519875,0.15511962741428334,identity_without_rescale_tags
,SAX,SAX_s3_1001,36,1,valid,0.9487731249340642,1.0,0.1407206522873032,identity_without_rescale_tags
,SAX,SAX_s3_1001,37,1,valid,0.9293149342724121,1.0,0.16031692558469196,identity_without_rescale_tags
,SAX,SAX_s3_1001,38,1,valid,0.9429058174837399,1.0,0.15733822336537198,identity_without_rescale_tags
,SAX,SAX_s3_1001,39,1,valid,0.9336179966486231,1.0028522569927483,0.18255557907926642,identity_without_rescale_tags
,SAX,SAX_s3_1001,40,1,valid,0.9120028502603446,1.0065809159343602,0.2116166463303775,identity_without_rescale_tags
,SAX,SAX_s3_1001,41,1,valid,0.8933435424332841,1.004750620627398,0.23114358012430963,identity_without_rescale_tags
,SAX,SAX_s3_1001,42,1,valid,0.8876058495320067,1.0,0.22544200542915993,identity_without_rescale_tags
,SAX,SAX_s3_1001,43,1,valid,0.9116911248644964,0.9856097256190085,0.19697122111794615,identity_without_rescale_tags
,SAX,SAX_s3_1001,44,1,valid,0.9375417978216803,0.9897260273972602,0.1682569180800596,identity_without_rescale_tags
,SAX,SAX_s3_1001,45,1,valid,0.9579327319734027,0.996078431372549,0.1346253940597903,identity_without_rescale_tags
,SAX,SAX_s3_1001,46,1,valid,0.9702411832142719,0.997996994990983,0.11486483967524881,identity_without_rescale_tags
,SAX,SAX_s3_1001,47,1,valid,0.9407487146293552,1.0,0.14489172201758152,identity_without_rescale_tags
,SAX,SAX_s3_1001,48,1,valid,0.9617299466433809,0.9975484185827348,0.12989221421299577,identity_without_rescale_tags
,SAX,SAX_s3_1001,49,1,valid,0.9613255736765985,0.9950940277911492,0.1257130155598483,identity_without_rescale_tags
,SAX,SAX_s40_4701,0,1,valid,0.9140446391836231,1.0577420208721706,0.19934238186743758,identity_without_rescale_tags
,SAX,SAX_s40_4701,1,1,valid,0.9368229686381331,1.0454545454545454,0.16859249995477857,identity_without_rescale_tags
,SAX,SAX_s40_4701,2,1,valid,0.9552710277818857,1.0283511347141787,0.1435672401513312,identity_without_rescale_tags
,SAX,SAX_s40_4701,3,1,valid,0.9548109766507876,1.0143332086802712,0.14155966400624373,identity_without_rescale_tags
,SAX,SAX_s40_4701,4,1,valid,0.949442384001333,1.0056179775280898,0.14487182548378913,identity_without_rescale_tags
,SAX,SAX_s40_4701,5,1,valid,0.9160590928198311,1.0066607196191566,0.1710826628713418,identity_without_rescale_tags
,SAX,SAX_s40_4701,6,1,valid,0.9462948243783577,1.0,0.13875649846122262,identity_without_rescale_tags
,SAX,SAX_s40_4701,7,1,valid,0.9713336642285167,0.9975399716779028,0.10378488162857867,identity_without_rescale_tags
,SAX,SAX_s40_4701,8,1,valid,0.9744694808828605,0.9942816268138157,0.10175323916898167,identity_without_rescale_tags
,SAX,SAX_s40_4701,9,1,valid,0.9623861265673521,0.9966499068483311,0.13134795888489176,identity_without_rescale_tags
,SAX,SAX_s40_4701,10,1,valid,0.9093938760750362,1.0,0.2039657176252695,identity_without_rescale_tags
,SAX,SAX_s40_4701,11,1,valid,0.8959087484531901,0.9959277823964341,0.21909666178700032,identity_without_rescale_tags
,SAX,SAX_s40_4701,12,1,valid,0.8927593127589893,0.989488769697999,0.22147547963223316,identity_without_rescale_tags
,SAX,SAX_s40_4701,13,1,valid,0.902833311040504,0.9940119760479041,0.21108716893769955,identity_without_rescale_tags
,SAX,SAX_s40_4701,14,1,valid,0.9087459039502767,0.9941176470588236,0.19983749832666486,identity_without_rescale_tags
,SAX,SAX_s40_4701,15,1,valid,0.9198352466161028,1.0070360652491397,0.17252860657571698,identity_without_rescale_tags
,SAX,SAX_s40_4701,16,1,valid,0.9603835395654564,1.0091743119266054,0.12717764483215604,identity_without_rescale_tags
,SAX,SAX_s40_4701,17,1,valid,0.9749066370850775,1.0095421690292925,0.11131058173843539,identity_without_rescale_tags
,SAX,SAX_s40_4701,18,1,valid,0.9643531647358119,1.0040846661964675,0.12173143891540371,identity_without_rescale_tags
,SAX,SAX_s40_4701,19,1,valid,0.932185925838112,1.0049689517672187,0.14730281144148918,identity_without_rescale_tags
,SAX,SAX_s40_4701,20,1,valid,0.9382734030798479,1.0035191504324577,0.14673146214107435,identity_without_rescale_tags
,SAX,SAX_s40_4701,21,1,valid,0.9618622765520083,1.0043621862308558,0.12403815511840707,identity_without_rescale_tags
,SAX,SAX_s40_4701,22,1,valid,0.9666688994938364,0.9989281886387996,0.11992654840266291,identity_without_rescale_tags
,SAX,SAX_s40_4701,23,1,valid,0.9561869777996996,1.0,0.13335157875603373,identity_without_rescale_tags
,SAX,SAX_s40_4701,24,1,valid,0.9451562933088856,0.9972335652969334,0.14454440487665718,identity_without_rescale_tags
,SAX,SAX_s40_4701,25,1,valid,0.9345181264647696,1.0,0.1501834664999186,identity_without_rescale_tags
,SAX,SAX_s40_4701,26,1,valid,0.970916955528157,0.9950402956758635,0.10496798103255608,identity_without_rescale_tags
,SAX,SAX_s40_4701,27,1,valid,0.9791411409315525,0.9922675404111821,0.08974415043411292,identity_without_rescale_tags
,SAX,SAX_s40_4701,28,1,valid,0.9749637203272661,0.9945945945945946,0.10493855303064632,identity_without_rescale_tags
,SAX,SAX_s40_4701,29,1,valid,0.9681095575769296,0.9904413438110793,0.12402409092602328,identity_without_rescale_tags
,SAX,SAX_s40_4701,30,1,valid,0.9212546868222317,1.0,0.17765301411981008,identity_without_rescale_tags
,SAX,SAX_s40_4701,31,1,valid,0.9269337408137971,0.9950924195423339,0.1778742718070579,identity_without_rescale_tags
,SAX,SAX_s40_4701,32,1,valid,0.9501054206468981,0.9892662474991021,0.14764408640657117,identity_without_rescale_tags
,SAX,SAX_s40_4701,33,1,valid,0.9622604038302702,0.9938717078620926,0.12798617590178366,identity_without_rescale_tags
,SAX,SAX_s40_4701,34,1,valid,0.960716560772476,1.0,0.12220402745401793,identity_without_rescale_tags
,SAX,SAX_s40_4701,35,1,valid,0.9376128951425841,1.0052840250729433,0.13355275594116592,identity_without_rescale_tags
,SAX,SAX_s40_4701,36,1,valid,0.9484485940886268,1.002375296912114,0.13347253867255704,identity_without_rescale_tags
,SAX,SAX_s40_4701,37,1,valid,0.973469125578962,1.0065508685508893,0.1087342921520969,identity_without_rescale_tags
,SAX,SAX_s40_4701,38,1,valid,0.9717923579867529,1.0015910909035675,0.11269085127605595,identity_without_rescale_tags
,SAX,SAX_s40_4701,39,1,valid,0.9631261317287101,1.0,0.12117895039014664,identity_without_rescale_tags
,SAX,SAX_s40_4701,40,1,valid,0.9708642196619683,0.992543261012558,0.10287141804107013,identity_without_rescale_tags
,SAX,SAX_s40_4701,41,1,valid,0.9425455652460883,0.9968602748368526,0.13063036614675236,identity_without_rescale_tags
,SAX,SAX_s40_4701,42,1,valid,0.9654548459633457,0.9904965544647453,0.1137926718581832,identity_without_rescale_tags
,SAX,SAX_s40_4701,43,1,valid,0.9723816761659054,0.9898290092129627,0.11246768223303197,identity_without_rescale_tags
,SAX,SAX_s40_4701,44,1,valid,0.9527765531694052,0.989711168678762,0.14614774694865923,identity_without_rescale_tags
,SAX,SAX_s40_4701,45,1,valid,0.9298658766226714,0.9914529914529915,0.18076948590327604,identity_without_rescale_tags
,SAX,SAX_s40_4701,46,1,valid,0.894759964148814,0.9946713863860074,0.2171946136657918,identity_without_rescale_tags
,SAX,SAX_s40_4701,47,1,valid,0.9115214908941097,0.9936633367770693,0.1931238750040489,identity_without_rescale_tags
,SAX,SAX_s40_4701,48,1,valid,0.9569050327932301,1.0,0.13741812170481268,identity_without_rescale_tags
,SAX,SAX_s40_4701,49,1,valid,0.9687479634998679,1.0027337473563063,0.11492380599464812,identity_without_rescale_tags
,SAX,SAX_s41_4801,0,1,valid,0.9478002308869135,1.0547747818878055,0.15564298813760788,identity_without_rescale_tags
,SAX,SAX_s41_4801,1,1,valid,0.9472465990881297,1.0419161676646707,0.15543930729520103,identity_without_rescale_tags
,SAX,SAX_s41_4801,2,1,valid,0.9097411051423947,1.03125,0.16901379907950712,identity_without_rescale_tags
,SAX,SAX_s41_4801,3,1,valid,0.9445583554164776,1.0220264317180616,0.14353708061286016,identity_without_rescale_tags
,SAX,SAX_s41_4801,4,1,valid,0.9695481918748945,1.0176619007569385,0.11771234352803153,identity_without_rescale_tags
,SAX,SAX_s41_4801,5,1,valid,0.9687140331399428,1.0070921985815602,0.11775621126159373,identity_without_rescale_tags
,SAX,SAX_s41_4801,6,1,valid,0.9617105757551466,1.0007949447077409,0.12721724971791348,identity_without_rescale_tags
,SAX,SAX_s41_4801,7,1,valid,0.9207982055520112,1.0027050006449438,0.1516285507547157,identity_without_rescale_tags
,SAX,SAX_s41_4801,8,1,valid,0.9486020623991164,0.9975903614457832,0.12414764341234329,identity_without_rescale_tags
,SAX,SAX_s41_4801,9,1,valid,0.9728058058849124,0.9938650306748467,0.10626869149557278,identity_without_rescale_tags
,SAX,SAX_s41_4801,10,1,valid,0.9670834023686672,0.9921813869327074,0.12377021743792226,identity_without_rescale_tags
,SAX,SAX_s41_4801,11,1,valid,0.9578631156791308,0.9907462215780409,0.1401841809884868,identity_without_rescale_tags
,SAX,SAX_s41_4801,12,1,valid,0.907076085335462,0.9969589074879004,0.19893595478178702,identity_without_rescale_tags
,SAX,SAX_s41_4801,13,1,valid,0.9006215002472553,0.9924242424242424,0.2046872242841837,identity_without_rescale_tags
,SAX,SAX_s41_4801,14,1,valid,0.9194099568461522,0.9885181546116679,0.18518439383331717,identity_without_rescale_tags
,SAX,SAX_s41_4801,15,1,valid,0.9377754832292312,0.9970691666366025,0.16844191827198965,identity_without_rescale_tags
,SAX,SAX_s41_4801,16,1,valid,0.9392537962587882,1.0,0.15504808824812116,identity_without_rescale_tags
,SAX,SAX_s41_4801,17,1,valid,0.9309319510086651,1.007936507936508,0.14927864317650338,identity_without_rescale_tags
,SAX,SAX_s41_4801,18,1,valid,0.9550743243321929,1.00869894224284,0.12945216528322337,identity_without_rescale_tags
,SAX,SAX_s41_4801,19,1,valid,0.9711737357701271,1.005818887223349,0.11041795045078615,identity_without_rescale_tags
,SAX,SAX_s41_4801,20,1,valid,0.9682356768404213,1.0013986013986014,0.11614305775811083,identity_without_rescale_tags
,SAX,SAX_s41_4801,21,1,valid,0.9675043591677954,1.0,0.11712074197052573,identity_without_rescale_tags
,SAX,SAX_s41_4801,22,1,valid,0.9190320531166162,1.0,0.1603580301506754,identity_without_rescale_tags
,SAX,SAX_s41_4801,23,1,valid,0.9437195188326748,1.0,0.14291334834680983,identity_without_rescale_tags
,SAX,SAX_s41_4801,24,1,valid,0.9681676600246476,0.9977142827288591,0.11352293227603664,identity_without_rescale_tags
,SAX,SAX_s41_4801,25,1,valid,0.9724552309466898,0.9915785619302742,0.10182750838880025,identity_without_rescale_tags
,SAX,SAX_s41_4801,26,1,valid,0.9647806146785295,0.9903846153846154,0.11622119104388744,identity_without_rescale_tags
,SAX,SAX_s41_4801,27,1,valid,0.9213574658680117,0.9989383702518271,0.1587001495065123,identity_without_rescale_tags
,SAX,SAX_s41_4801,28,1,valid,0.9342072447130731,0.9936875311306659,0.16202155133123367,identity_without_rescale_tags
,SAX,SAX_s41_4801,29,1,valid,0.9452546503408781,0.9932992952928298,0.16098150851299467,identity_without_rescale_tags
,SAX,SAX_s41_4801,30,1,valid,0.9204809650226293,0.991016667701285,0.1940484241644581,identity_without_rescale_tags
,SAX,SAX_s41_4801,31,1,valid,0.9025477012989827,0.9869281045751634,0.21379753167878018,identity_without_rescale_tags
,SAX,SAX_s41_4801,32,1,valid,0.8868091615805921,0.9916550682592724,0.22429323321249184,identity_without_rescale_tags
,SAX,SAX_s41_4801,33,1,valid,0.9267773816960976,1.007444972033157,0.17169730355509472,identity_without_rescale_tags
,SAX,SAX_s41_4801,34,1,valid,0.9662271580699926,1.0082606717719311,0.11939541076476595,identity_without_rescale_tags
,SAX,SAX_s41_4801,35,1,valid,0.9652195945204523,1.006184408013305,0.11597097472415827,identity_without_rescale_tags
,SAX,SAX_s41_4801,36,1,valid,0.9441505573001355,1.0020237470829456,0.13758678600069937,identity_without_rescale_tags
,SAX,SAX_s41_4801,37,1,valid,0.9522993403889228,1.0,0.1294155746854981,identity_without_rescale_tags
,SAX,SAX_s41_4801,38,1,valid,0.9729898592153333,1.0,0.10797040386011537,identity_without_rescale_tags
,SAX,SAX_s41_4801,39,1,valid,0.97119525418321,0.998552402889662,0.11087632936290544,identity_without_rescale_tags
,SAX,SAX_s41_4801,40,1,valid,0.9614906021969687,0.996045196477767,0.125584083335467,identity_without_rescale_tags
,SAX,SAX_s41_4801,41,1,valid,0.9179003255818423,1.0,0.1571723013084988,identity_without_rescale_tags
,SAX,SAX_s41_4801,42,1,valid,0.9493435797083107,0.9976074481286659,0.1361139979808787,identity_without_rescale_tags
,SAX,SAX_s41_4801,43,1,valid,0.9711790577886704,0.9964664310954063,0.1060227223395164,identity_without_rescale_tags
,SAX,SAX_s41_4801,44,1,valid,0.9668455993770888,0.9938650306748467,0.11237920905223915,identity_without_rescale_tags
,SAX,SAX_s41_4801,45,1,valid,0.9613983284280144,0.9894736842105263,0.12531998774232284,identity_without_rescale_tags
,SAX,SAX_s41_4801,46,1,valid,0.9337825768453042,0.9979633401221996,0.16040629766983472,identity_without_rescale_tags
,SAX,SAX_s41_4801,47,1,valid,0.9403885369076762,0.9912280701754386,0.16005058220876903,identity_without_rescale_tags
,SAX,SAX_s41_4801,48,1,valid,0.9347887560111289,0.990990990990991,0.17186058281071864,identity_without_rescale_tags
,SAX,SAX_s41_4801,49,1,valid,0.9189033836226954,0.9910744925973135,0.19278496065224696,identity_without_rescale_tags
,SAX,SAX_s42_4901,0,1,valid,0.9440898700834677,1.0621761658031088,0.16144530776719024,identity_without_rescale_tags
,SAX,SAX_s42_4901,1,1,valid,0.9527613425897905,1.0395738203957383,0.1469214938344172,identity_without_rescale_tags
,SAX,SAX_s42_4901,2,1,valid,0.9324450247222397,1.0284090909090908,0.16308586723748042,identity_without_rescale_tags
,SAX,SAX_s42_4901,3,1,valid,0.9503780123256365,1.0247524752475248,0.1412859539124556,identity_without_rescale_tags
,SAX,SAX_s42_4901,4,1,valid,0.9657582684677477,1.0142857142857142,0.12262128212043295,identity_without_rescale_tags
,SAX,SAX_s42_4901,5,1,valid,0.9634680314253801,1.010483870967742,0.12527069534869364,identity_without_rescale_tags
,SAX,SAX_s42_4901,6,1,valid,0.9574333292595458,1.0017699115044247,0.13235400016216003,identity_without_rescale_tags
,SAX,SAX_s42_4901,7,1,valid,0.9192019292947918,1.0055722246035148,0.1582930963475919,identity_without_rescale_tags
,SAX,SAX_s42_4901,8,1,valid,0.9557718196399116,0.9988558352402745,0.11986232101039761,identity_without_rescale_tags
,SAX,SAX_s42_4901,9,1,valid,0.9722224199163573,0.9926434526728789,0.10519804523340126,identity_without_rescale_tags
,SAX,SAX_s42_4901,10,1,valid,0.966892401098043,0.9901960784313726,0.12372810468000688,identity_without_rescale_tags
,SAX,SAX_s42_4901,11,1,valid,0.9495952789978317,0.991304347826087,0.14936205360380891,identity_without_rescale_tags
,SAX,SAX_s42_4901,12,1,valid,0.8990468504118642,0.9994957135653051,0.20405215650346276,identity_without_rescale_tags
,SAX,SAX_s42_4901,13,1,valid,0.8951619768587876,0.9944444444444445,0.21287576712415815,identity_without_rescale_tags
,SAX,SAX_s42_4901,14,1,valid,0.9001355842533691,0.9873417721518988,0.20329021148953152,identity_without_rescale_tags
,SAX,SAX_s42_4901,15,1,valid,0.9192763642940048,0.9920634920634921,0.18256716707378337,identity_without_rescale_tags
,SAX,SAX_s42_4901,16,1,valid,0.9342310617622974,1.0,0.16256956562794667,identity_without_rescale_tags
,SAX,SAX_s42_4901,17,1,valid,0.9314775445802046,1.0063694267515924,0.1550504245581538,identity_without_rescale_tags
,SAX,SAX_s42_4901,18,1,valid,0.9581079449534631,1.008130081300813,0.12249422599839177,identity_without_rescale_tags
,SAX,SAX_s42_4901,19,1,valid,0.9736792159231789,1.0059880239520957,0.10682823949133048,identity_without_rescale_tags
,SAX,SAX_s42_4901,20,1,valid,0.9634198674957637,1.003666361136572,0.12100618403207225,identity_without_rescale_tags
,SAX,SAX_s42_4901,21,1,valid,0.9602996666576993,1.0,0.1253462437441628,identity_without_rescale_tags
,SAX,SAX_s42_4901,22,1,valid,0.9388228174645179,1.0017699115044247,0.1509680298746111,identity_without_rescale_tags
,SAX,SAX_s42_4901,23,1,valid,0.9470403370857272,1.0010537407797682,0.14203172187357313,identity_without_rescale_tags
,SAX,SAX_s42_4901,24,1,valid,0.9634195366585464,0.9978401727861771,0.12288424204374844,identity_without_rescale_tags
,SAX,SAX_s42_4901,25,1,valid,0.9638072383895349,0.9972222222222222,0.11480117011252726,identity_without_rescale_tags
,SAX,SAX_s42_4901,26,1,valid,0.9668550801177076,0.9904420549581839,0.1108118439608756,identity_without_rescale_tags
,SAX,SAX_s42_4901,27,1,valid,0.9453480821220448,0.9974293059125964,0.14027156373845714,identity_without_rescale_tags
,SAX,SAX_s42_4901,28,1,valid,0.9514747478200724,0.9909502262443439,0.13974245202382427,identity_without_rescale_tags
,SAX,SAX_s42_4901,29,1,valid,0.949390728975552,0.9886759581881533,0.15112498682860814,identity_without_rescale_tags
,SAX,SAX_s42_4901,30,1,valid,0.9298303925278002,0.9893438025799215,0.1778152569044742,identity_without_rescale_tags
,SAX,SAX_s42_4901,31,1,valid,0.8852739715305212,0.9949238578680203,0.21458262672489994,identity_without_rescale_tags
,SAX,SAX_s42_4901,32,1,valid,0.915402632897718,0.9895781637717121,0.18609382624668808,identity_without_rescale_tags
,SAX,SAX_s42_4901,33,1,valid,0.9515218638033681,1.0007380073800738,0.1394610347760358,identity_without_rescale_tags
,SAX,SAX_s42_4901,34,1,valid,0.9619074157801724,1.0062111801242235,0.12135365614093711,identity_without_rescale_tags
,SAX,SAX_s42_4901,35,1,valid,0.9631946832737477,1.0045977011494254,0.1213254672708325,identity_without_rescale_tags
,SAX,SAX_s42_4901,36,1,valid,0.9473291319682634,1.0039525691699605,0.14100160180478863,identity_without_rescale_tags
,SAX,SAX_s42_4901,37,1,valid,0.9540891440888006,1.0022710068130205,0.12978397367332734,identity_without_rescale_tags
,SAX,SAX_s42_4901,38,1,valid,0.9645053506030339,1.0,0.12010144920379166,identity_without_rescale_tags
,SAX,SAX_s42_4901,39,1,valid,0.9519923409309407,1.0,0.13614620226180604,identity_without_rescale_tags
,SAX,SAX_s42_4901,40,1,valid,0.9077784023268677,1.0,0.16700614259126156,identity_without_rescale_tags
,SAX,SAX_s42_4901,41,1,valid,0.9404431703935755,0.9995376791493297,0.15048563898090497,identity_without_rescale_tags
,SAX,SAX_s42_4901,42,1,valid,0.9609839430441834,0.9974554707379135,0.1246386257992339,identity_without_rescale_tags
,SAX,SAX_s42_4901,43,1,valid,0.9642695441727988,0.9935553168635876,0.11364903684705002,identity_without_rescale_tags
,SAX,SAX_s42_4901,44,1,valid,0.9667226356239859,0.9896907216494846,0.11620683466721857,identity_without_rescale_tags
,SAX,SAX_s42_4901,45,1,valid,0.9342127964786356,1.0,0.15567481483709572,identity_without_rescale_tags
,SAX,SAX_s42_4901,46,1,valid,0.9337518876701579,0.9896151496640195,0.16209416864114404,identity_without_rescale_tags
,SAX,SAX_s42_4901,47,1,valid,0.9440550629826835,0.9880952380952381,0.15567749767871544,identity_without_rescale_tags
,SAX,SAX_s42_4901,48,1,valid,0.9414991748838673,0.9869960988296489,0.15993086755743943,identity_without_rescale_tags
,SAX,SAX_s42_4901,49,1,valid,0.8986184966011395,0.9939533544486036,0.19792789120501358,identity_without_rescale_tags
,SAX,SAX_s43_5001,0,1,valid,0.897138479434325,1.0464672183322725,0.21447698251200242,identity_without_rescale_tags
,SAX,SAX_s43_5001,1,1,valid,0.922284616656025,1.0182232346241458,0.18308538290220427,identity_without_rescale_tags
,SAX,SAX_s43_5001,2,1,valid,0.9365168512378268,1.00926298832058,0.1675502428019235,identity_without_rescale_tags
,SAX,SAX_s43_5001,3,1,valid,0.9381842756457045,1.0140495867768595,0.1538719969001752,identity_without_rescale_tags
,SAX,SAX_s43_5001,4,1,valid,0.9387868164960018,1.012,0.14317077014514945,identity_without_rescale_tags
,SAX,SAX_s43_5001,5,1,valid,0.9617729241148352,1.0116279069767442,0.11642069994502702,identity_without_rescale_tags
,SAX,SAX_s43_5001,6,1,valid,0.9713871554163467,1.008254716981132,0.10882146983712358,identity_without_rescale_tags
,SAX,SAX_s43_5001,7,1,valid,0.9632157466268726,1.006825938566553,0.11679411759267837,identity_without_rescale_tags
,SAX,SAX_s43_5001,8,1,valid,0.9218893687432114,1.0064102564102564,0.14857784962711829,identity_without_rescale_tags
,SAX,SAX_s43_5001,9,1,valid,0.9539741755327205,1.0040650406504066,0.1275747911132788,identity_without_rescale_tags
,SAX,SAX_s43_5001,10,1,valid,0.967352088459852,1.0,0.11093034536373553,identity_without_rescale_tags
,SAX,SAX_s43_5001,11,1,valid,0.9608690555256005,0.9953917050691244,0.1113847087861085,identity_without_rescale_tags
,SAX,SAX_s43_5001,12,1,valid,0.9441899324815797,0.9984399375975039,0.1279318875032256,identity_without_rescale_tags
,SAX,SAX_s43_5001,13,1,valid,0.948978814088444,0.9968652037617555,0.1363451305172176,identity_without_rescale_tags
,SAX,SAX_s43_5001,14,1,valid,0.9544894288997323,0.9879518072289156,0.13993948488323443,identity_without_rescale_tags
,SAX,SAX_s43_5001,15,1,valid,0.9365036580880874,0.9897119341563786,0.16946956561912402,identity_without_rescale_tags
,SAX,SAX_s43_5001,16,1,valid,0.8838028310498581,0.9980952380952381,0.22566147722525623,identity_without_rescale_tags
,SAX,SAX_s43_5001,17,1,valid,0.8738540755026225,0.995004995004995,0.2347464545330747,identity_without_rescale_tags
,SAX,SAX_s43_5001,18,1,valid,0.8957590357830484,0.985781990521327,0.21343380191651048,identity_without_rescale_tags
,SAX,SAX_s43_5001,19,1,valid,0.916872645503627,0.9887640449438202,0.19142808297783617,identity_without_rescale_tags
,SAX,SAX_s43_5001,20,1,valid,0.908378193048603,1.0,0.1929364184590537,identity_without_rescale_tags
,SAX,SAX_s43_5001,21,1,valid,0.9392578569208002,1.0034602076124568,0.1472009271605925,identity_without_rescale_tags
,SAX,SAX_s43_5001,22,1,valid,0.9655407628175428,1.0071942446043165,0.11664093437143827,identity_without_rescale_tags
,SAX,SAX_s43_5001,23,1,valid,0.9701067029083132,1.0086580086580086,0.11082997853526359,identity_without_rescale_tags
,SAX,SAX_s43_5001,24,1,valid,0.9660748714324201,1.0017953321364452,0.11668333854597773,identity_without_rescale_tags
,SAX,SAX_s43_5001,25,1,valid,0.9452145859694552,1.0057142857142858,0.1388041022854067,identity_without_rescale_tags
,SAX,SAX_s43_5001,26,1,valid,0.9578704453165112,1.0020394289598913,0.12587353393033418,identity_without_rescale_tags
,SAX,SAX_s43_5001,27,1,valid,0.9653217818664387,1.0,0.11873036684207308,identity_without_rescale_tags
,SAX,SAX_s43_5001,28,1,valid,0.9621185331522863,0.997598627787307,0.12449512393269888,identity_without_rescale_tags
,SAX,SAX_s43_5001,29,1,valid,0.9460588708758473,0.9950413223140496,0.1365485738665813,identity_without_rescale_tags
,SAX,SAX_s43_5001,30,1,valid,0.9232002866210881,0.9982158786797503,0.14522334883540072,identity_without_rescale_tags
,SAX,SAX_s43_5001,31,1,valid,0.9535423071750769,0.9945155393053017,0.1308469495844246,identity_without_rescale_tags
,SAX,SAX_s43_5001,32,1,valid,0.9643689611338967,0.9884393063583815,0.12234505819444631,identity_without_rescale_tags
,SAX,SAX_s43_5001,33,1,valid,0.9540539501542596,0.9846153846153847,0.1461847494447771,identity_without_rescale_tags
,SAX,SAX_s43_5001,34,1,valid,0.934458663177744,0.9864056552474171,0.17166812727486874,identity_without_rescale_tags
,SAX,SAX_s43_5001,35,1,valid,0.890336141447018,0.9963235294117647,0.21682288371513336,identity_without_rescale_tags
,SAX,SAX_s43_5001,36,1,valid,0.902706974552559,0.986784140969163,0.20393641590066702,identity_without_rescale_tags
,SAX,SAX_s43_5001,37,1,valid,0.9311131630104567,0.9879518072289156,0.17323281185225378,identity_without_rescale_tags
,SAX,SAX_s43_5001,38,1,valid,0.942975929242102,0.9970674486803519,0.15681843172697715,identity_without_rescale_tags
,SAX,SAX_s43_5001,39,1,valid,0.9528156141275954,1.0028818443804035,0.13273659822293013,identity_without_rescale_tags
,SAX,SAX_s43_5001,40,1,valid,0.9475283253831929,1.0056962025316456,0.13184903785525073,identity_without_rescale_tags
,SAX,SAX_s43_5001,41,1,valid,0.9640543703835296,1.0058651026392962,0.11293532027574503,identity_without_rescale_tags
,SAX,SAX_s43_5001,42,1,valid,0.9671916585617663,1.0,0.11270407940360343,identity_without_rescale_tags
,SAX,SAX_s43_5001,43,1,valid,0.9568578775529567,1.0011534025374855,0.12368805725328129,identity_without_rescale_tags
,SAX,SAX_s43_5001,44,1,valid,0.9560592512708431,0.9972451790633609,0.12706964444821645,identity_without_rescale_tags
,SAX,SAX_s43_5001,45,1,valid,0.9443578948756859,1.0018580453363062,0.14058712076346067,identity_without_rescale_tags
,SAX,SAX_s43_5001,46,1,valid,0.9535118583621606,0.999083409715857,0.13384939543394592,identity_without_rescale_tags
,SAX,SAX_s43_5001,47,1,valid,0.9572758899398819,0.9961538461538462,0.12990980188069548,identity_without_rescale_tags
,SAX,SAX_s43_5001,48,1,valid,0.9432879099190871,0.9948453608247423,0.13474466497783105,identity_without_rescale_tags
,SAX,SAX_s43_5001,49,1,valid,0.9441998281779639,0.9918367346938776,0.14010724085969148,identity_without_rescale_tags
,SAX,SAX_s44_5101,0,1,valid,0.9378667211119185,1.0393586005830904,0.17541294854085152,identity_without_rescale_tags
,SAX,SAX_s44_5101,1,1,valid,0.9131809748628968,1.0253807106598984,0.1937804012734269,identity_without_rescale_tags
,SAX,SAX_s44_5101,2,1,valid,0.9308787206437301,1.0036791758646064,0.1715216261830633,identity_without_rescale_tags
,SAX,SAX_s44_5101,3,1,valid,0.9527969592571418,1.0,0.14240728190704538,identity_without_rescale_tags
,SAX,SAX_s44_5101,4,1,valid,0.953597584311822,1.006060606060606,0.1333745624902581,identity_without_rescale_tags
,SAX,SAX_s44_5101,5,1,valid,0.9315354885097408,1.0108487555839183,0.14250004607220845,identity_without_rescale_tags
,SAX,SAX_s44_5101,6,1,valid,0.9560635269319329,1.0112630732099759,0.12737943569725313,identity_without_rescale_tags
,SAX,SAX_s44_5101,7,1,valid,0.9582721312655835,1.0121951219512195,0.12804958296689423,identity_without_rescale_tags
,SAX,SAX_s44_5101,8,1,valid,0.9384684065317838,1.0076968620485494,0.15219302457235911,identity_without_rescale_tags
,SAX,SAX_s44_5101,9,1,valid,0.9359890501849207,1.0067567567567568,0.15344181838706827,identity_without_rescale_tags
,SAX,SAX_s44_5101,10,1,valid,0.9312563579241692,1.007380073800738,0.1668391205573577,identity_without_rescale_tags
,SAX,SAX_s44_5101,11,1,valid,0.953045388289399,1.001731102135026,0.1337279450666565,identity_without_rescale_tags
,SAX,SAX_s44_5101,12,1,valid,0.9596246204655714,0.9936467598475223,0.11741425037584288,identity_without_rescale_tags
,SAX,SAX_s44_5101,13,1,valid,0.9489501193398454,0.991652754590985,0.12413219117556076,identity_without_rescale_tags
,SAX,SAX_s44_5101,14,1,valid,0.9330214110634619,1.0,0.13770242805818034,identity_without_rescale_tags
,SAX,SAX_s44_5101,15,1,valid,0.9519967548772885,1.0,0.1307435792978944,identity_without_rescale_tags
,SAX,SAX_s44_5101,16,1,valid,0.9646061045382717,0.9869203329369798,0.1211752374080921,identity_without_rescale_tags
,SAX,SAX_s44_5101,17,1,valid,0.9524411992087527,0.9880214787277984,0.14281508504878496,identity_without_rescale_tags
,SAX,SAX_s44_5101,18,1,valid,0.9354077427467551,0.9848024316109423,0.1713236259741801,identity_without_rescale_tags
,SAX,SAX_s44_5101,19,1,valid,0.8764888022850824,0.9936708860759493,0.2202142508191841,identity_without_rescale_tags
,SAX,SAX_s44_5101,20,1,valid,0.9089714499506779,0.9832096837172979,0.19702788832470128,identity_without_rescale_tags
,SAX,SAX_s44_5101,21,1,valid,0.9391141513920691,0.9901685393258427,0.16217668539241445,identity_without_rescale_tags
,SAX,SAX_s44_5101,22,1,valid,0.9431795248949858,0.9990448901623686,0.15314864816372148,identity_without_rescale_tags
,SAX,SAX_s44_5101,23,1,valid,0.9281022108394544,1.0054054054054054,0.14815731504855162,identity_without_rescale_tags
,SAX,SAX_s44_5101,24,1,valid,0.9492571538826328,1.0062893081761006,0.1395195024255606,identity_without_rescale_tags
,SAX,SAX_s44_5101,25,1,valid,0.9562585447661653,1.0080142475512022,0.13232681340138577,identity_without_rescale_tags
,SAX,SAX_s44_5101,26,1,valid,0.951227245135632,1.0005007511266901,0.13789800992786305,identity_without_rescale_tags
,SAX,SAX_s44_5101,27,1,valid,0.9289909934087693,1.0014265335235377,0.15954673886417856,identity_without_rescale_tags
,SAX,SAX_s44_5101,28,1,valid,0.9416126515486621,1.0004011231448056,0.152635915574798,identity_without_rescale_tags
,SAX,SAX_s44_5101,29,1,valid,0.9338388725290041,1.0021052631578948,0.16157551287366834,identity_without_rescale_tags
,SAX,SAX_s44_5101,30,1,valid,0.9409589927761745,1.0,0.15304462827079715,identity_without_rescale_tags
,SAX,SAX_s44_5101,31,1,valid,0.9392196074460146,0.9979879275653923,0.1544841443737239,identity_without_rescale_tags
,SAX,SAX_s44_5101,32,1,valid,0.9386507524400732,0.9945011783189317,0.14804924621806417,identity_without_rescale_tags
,SAX,SAX_s44_5101,33,1,valid,0.9390612807609622,0.9884453781512605,0.13787694179763835,identity_without_rescale_tags
,SAX,SAX_s44_5101,34,1,valid,0.9232325843843011,1.0,0.15365485765819625,identity_without_rescale_tags
,SAX,SAX_s44_5101,35,1,valid,0.9537367889400992,0.993006993006993,0.14191681460916658,identity_without_rescale_tags
,SAX,SAX_s44_5101,36,1,valid,0.9459542384471495,0.9901960784313726,0.15595992172567288,identity_without_rescale_tags
,SAX,SAX_s44_5101,37,1,valid,0.9241913218958945,0.984927536231884,0.18965046980653366,identity_without_rescale_tags
,SAX,SAX_s44_5101,38,1,valid,0.9057330416915339,0.9818181818181818,0.21066337693551265,identity_without_rescale_tags
,SAX,SAX_s44_5101,39,1,valid,0.8864316542945853,0.9852941176470589,0.22212444453176614,identity_without_rescale_tags
,SAX,SAX_s44_5101,40,1,valid,0.9309553193033874,0.9889705882352942,0.17727272578315123,identity_without_rescale_tags
,SAX,SAX_s44_5101,41,1,valid,0.9508994645430413,1.0,0.14699725749633574,identity_without_rescale_tags
,SAX,SAX_s44_5101,42,1,valid,0.9489548484403693,1.0045998160073597,0.13471038001496896,identity_without_rescale_tags
,SAX,SAX_s44_5101,43,1,valid,0.9548443052272882,1.0029498525073746,0.13103063957934966,identity_without_rescale_tags
,SAX,SAX_s44_5101,44,1,valid,0.9381422249745816,1.0070588235294118,0.15278422473093253,identity_without_rescale_tags
,SAX,SAX_s44_5101,45,1,valid,0.947274249596047,1.0045045045045045,0.13973555277322156,identity_without_rescale_tags
,SAX,SAX_s44_5101,46,1,valid,0.9453073175622881,1.0,0.1423656139913129,identity_without_rescale_tags
,SAX,SAX_s44_5101,47,1,valid,0.9305672797642057,1.0,0.157050455274141,identity_without_rescale_tags
,SAX,SAX_s44_5101,48,1,valid,0.9342860066308686,0.997559785261103,0.15872712271844627,identity_without_rescale_tags
,SAX,SAX_s44_5101,49,1,valid,0.9208240713407136,1.000981354268891,0.17233759028145423,identity_without_rescale_tags
,SAX,SAX_s45_5201,0,1,valid,0.9025776496820845,1.0454545454545454,0.19580327779495088,identity_without_rescale_tags
,SAX,SAX_s45_5201,1,1,valid,0.90526857335978,1.042760690172543,0.19167275390383912,identity_without_rescale_tags
,SAX,SAX_s45_5201,2,1,valid,0.9141323140661836,1.025,0.1763046100016599,identity_without_rescale_tags
,SAX,SAX_s45_5201,3,1,valid,0.9022488282312843,1.0144665461121158,0.19600293419973996,identity_without_rescale_tags
,SAX,SAX_s45_5201,4,1,valid,0.904637330009416,1.0049046321525885,0.1996051352373575,identity_without_rescale_tags
,SAX,SAX_s45_5201,5,1,valid,0.9055959156625001,1.0004123711340207,0.18995070793038543,identity_without_rescale_tags
,SAX,SAX_s45_5201,6,1,valid,0.8980055595485945,1.0111396743787489,0.19487234079970503,identity_without_rescale_tags
,SAX,SAX_s45_5201,7,1,valid,0.945556629670891,1.006966434452185,0.15399317040648,identity_without_rescale_tags
,SAX,SAX_s45_5201,8,1,valid,0.9547442534330841,0.9971988795518207,0.14002109765060117,identity_without_rescale_tags
,SAX,SAX_s45_5201,9,1,valid,0.9475606448886043,0.9958847736625515,0.14601366547100492,identity_without_rescale_tags
,SAX,SAX_s45_5201,10,1,valid,0.9508698999298112,0.9938476100331283,0.14327618814463552,identity_without_rescale_tags
,SAX,SAX_s45_5201,11,1,valid,0.954404206375379,0.9993145990404386,0.1358218191519797,identity_without_rescale_tags
,SAX,SAX_s45_5201,12,1,valid,0.9678901535166005,0.996822033898305,0.10994671378216224,identity_without_rescale_tags
,SAX,SAX_s45_5201,13,1,valid,0.9664782060745611,1.000332778702163,0.11052300944620506,identity_without_rescale_tags
,SAX,SAX_s45_5201,14,1,valid,0.9519070795211458,1.000430848772081,0.12229665370956377,identity_without_rescale_tags
,SAX,SAX_s45_5201,15,1,valid,0.9407052252893889,1.0068337129840548,0.13780327311241877,identity_without_rescale_tags
,SAX,SAX_s45_5201,16,1,valid,0.9577477649959613,1.0048727666486195,0.12933278747806826,identity_without_rescale_tags
,SAX,SAX_s45_5201,17,1,valid,0.9476131174606647,1.0045871559633028,0.137976080472383,identity_without_rescale_tags
,SAX,SAX_s45_5201,18,1,valid,0.9317975841062975,1.0,0.15282412069281656,identity_without_rescale_tags
,SAX,SAX_s45_5201,19,1,valid,0.908877837508708,1.007164790174002,0.16461054253721263,identity_without_rescale_tags
,SAX,SAX_s45_5201,20,1,valid,0.9499021625918671,1.0021231422505308,0.13951721671034087,identity_without_rescale_tags
,SAX,SAX_s45_5201,21,1,valid,0.9638183608430377,0.9967532467532467,0.11206168584048093,identity_without_rescale_tags
,SAX,SAX_s45_5201,22,1,valid,0.9585518862859649,0.9956273124789775,0.11406526024016851,identity_without_rescale_tags
,SAX,SAX_s45_5201,23,1,valid,0.9402451554486494,1.0,0.13313039908780502,identity_without_rescale_tags
,SAX,SAX_s45_5201,24,1,valid,0.9376914732930192,1.0,0.1525874303757593,identity_without_rescale_tags
,SAX,SAX_s45_5201,25,1,valid,0.9476332112086533,0.9933949801849405,0.15099783560693544,identity_without_rescale_tags
,SAX,SAX_s45_5201,26,1,valid,0.9446056424665755,0.989769820971867,0.16630172659071946,identity_without_rescale_tags
,SAX,SAX_s45_5201,27,1,valid,0.9166624628464921,0.9955863808322825,0.19942581262850628,identity_without_rescale_tags
,SAX,SAX_s45_5201,28,1,valid,0.8539943044944979,0.9942233632862645,0.2362103347751508,identity_without_rescale_tags
,SAX,SAX_s45_5201,29,1,valid,0.9190146527714891,0.9888475836431226,0.19213061603427545,identity_without_rescale_tags
,SAX,SAX_s45_5201,30,1,valid,0.9401928221938747,0.9877600979192166,0.17089552770668592,identity_without_rescale_tags
,SAX,SAX_s45_5201,31,1,valid,0.9483780281598216,0.9968454258675079,0.1544586298227693,identity_without_rescale_tags
,SAX,SAX_s45_5201,32,1,valid,0.8956063164484329,1.0,0.17676252197531817,identity_without_rescale_tags
,SAX,SAX_s45_5201,33,1,valid,0.9563914969559419,1.0030674846625767,0.12965919505402532,identity_without_rescale_tags
,SAX,SAX_s45_5201,34,1,valid,0.967406359500137,1.001560062402496,0.11314094091754512,identity_without_rescale_tags
,SAX,SAX_s45_5201,35,1,valid,0.9686126521382656,1.00038037276531,0.11182904934867062,identity_without_rescale_tags
,SAX,SAX_s45_5201,36,1,valid,0.9466473631385243,1.0021505376344086,0.1352164720521558,identity_without_rescale_tags
,SAX,SAX_s45_5201,37,1,valid,0.9232305964811722,1.0148026315789473,0.14573252537398457,identity_without_rescale_tags
,SAX,SAX_s45_5201,38,1,valid,0.9622597586757442,1.0072289156626506,0.12728546353488338,identity_without_rescale_tags
,SAX,SAX_s45_5201,39,1,valid,0.9658989578636246,1.0,0.11779614071689234,identity_without_rescale_tags
,SAX,SAX_s45_5201,40,1,valid,0.9656607561071404,0.9879518072289156,0.1163965988030599,identity_without_rescale_tags
,SAX,SAX_s45_5201,41,1,valid,0.9459648202780022,0.9826912339475153,0.13652292265456845,identity_without_rescale_tags
,SAX,SAX_s45_5201,42,1,valid,0.905491465375113,0.9956777996070727,0.15918207841550758,identity_without_rescale_tags
,SAX,SAX_s45_5201,43,1,valid,0.9439916503849654,0.9982593559617058,0.1538371243574369,identity_without_rescale_tags
,SAX,SAX_s45_5201,44,1,valid,0.9437623571387758,0.9888888888888889,0.15678308870642316,identity_without_rescale_tags
,SAX,SAX_s45_5201,45,1,valid,0.9380630994617181,0.9882877858337981,0.16406170164047348,identity_without_rescale_tags
,SAX,SAX_s45_5201,46,1,valid,0.936463909002223,0.9817351598173516,0.16663654042113352,identity_without_rescale_tags
,SAX,SAX_s45_5201,47,1,valid,0.8857472644070988,0.9954522486104093,0.18602273083268203,identity_without_rescale_tags
,SAX,SAX_s45_5201,48,1,valid,0.9407265431894218,0.991304347826087,0.16177127853648512,identity_without_rescale_tags
,SAX,SAX_s45_5201,49,1,valid,0.9554928964460554,0.9953488372093023,0.14155859366726747,identity_without_rescale_tags
,SAX,SAX_s46_5301,0,1,valid,0.9429006662253315,1.0502793296089385,0.14920957085358924,identity_without_rescale_tags
,SAX,SAX_s46_5301,1,1,valid,0.8658872479502598,1.0406015037593985,0.17545245213848545,identity_without_rescale_tags
,SAX,SAX_s46_5301,2,1,valid,0.9369554225667794,1.0254287403903015,0.15520334069043742,identity_without_rescale_tags
,SAX,SAX_s46_5301,3,1,valid,0.9424432839152643,1.018181818181818,0.1459732789488833,identity_without_rescale_tags
,SAX,SAX_s46_5301,4,1,valid,0.9438741163262728,1.0046367851622875,0.1429839395220802,identity_without_rescale_tags
,SAX,SAX_s46_5301,5,1,valid,0.9503188312061369,1.0046296296296295,0.1339634509291833,identity_without_rescale_tags
,SAX,SAX_s46_5301,6,1,valid,0.9310785725359114,1.010250569476082,0.14637134229586862,identity_without_rescale_tags
,SAX,SAX_s46_5301,7,1,valid,0.958999233443632,1.0023223409196471,0.12806674785130198,identity_without_rescale_tags
,SAX,SAX_s46_5301,8,1,valid,0.9443973111185553,0.9978655282817502,0.15480185568578747,identity_without_rescale_tags
,SAX,SAX_s46_5301,9,1,valid,0.9235236220327655,1.0,0.1819805513449306,identity_without_rescale_tags
,SAX,SAX_s46_5301,10,1,valid,0.8585527579101874,1.0019710906701709,0.223975719978462,identity_without_rescale_tags
,SAX,SAX_s46_5301,11,1,valid,0.9136143804128097,0.9920508744038156,0.18002409413846912,identity_without_rescale_tags
,SAX,SAX_s46_5301,12,1,valid,0.9355119544895122,0.9886363636363636,0.15710102994848574,identity_without_rescale_tags
,SAX,SAX_s46_5301,13,1,valid,0.9478787228456117,0.9986859395532195,0.1413323992810845,identity_without_rescale_tags
,SAX,SAX_s46_5301,14,1,valid,0.9032480191964005,1.0,0.1565635095210778,identity_without_rescale_tags
,SAX,SAX_s46_5301,15,1,valid,0.9659154698761306,1.0026385224274406,0.1089106721663727,identity_without_rescale_tags
,SAX,SAX_s46_5301,16,1,valid,0.9719923057951345,1.0014025245441796,0.10300637478030233,identity_without_rescale_tags
,SAX,SAX_s46_5301,17,1,valid,0.957275756325048,1.0004345936549326,0.12008017523588904,identity_without_rescale_tags
,SAX,SAX_s46_5301,18,1,valid,0.8999078615336162,1.003064351378958,0.14313686740268416,identity_without_rescale_tags
,SAX,SAX_s46_5301,19,1,valid,0.9567258227223624,1.0008019246190858,0.12093599887404952,identity_without_rescale_tags
,SAX,SAX_s46_5301,20,1,valid,0.9553946336462483,1.0,0.12502402905521173,identity_without_rescale_tags
,SAX,SAX_s46_5301,21,1,valid,0.939442278308578,1.0,0.13926391943966396,identity_without_rescale_tags
,SAX,SAX_s46_5301,22,1,valid,0.9024555298345723,1.002828854314003,0.1552267812854712,identity_without_rescale_tags
,SAX,SAX_s46_5301,23,1,valid,0.949214793030655,1.0,0.13148540717693108,identity_without_rescale_tags
,SAX,SAX_s46_5301,24,1,valid,0.9584670553758587,0.9937388193202147,0.11912317421322831,identity_without_rescale_tags
,SAX,SAX_s46_5301,25,1,valid,0.9591843227853406,0.9932584269662922,0.11657388708639817,identity_without_rescale_tags
,SAX,SAX_s46_5301,26,1,valid,0.9517953291685687,1.0,0.13322227414271043,identity_without_rescale_tags
,SAX,SAX_s46_5301,27,1,valid,0.9297859582954165,1.0046511627906978,0.16000682546878642,identity_without_rescale_tags
,SAX,SAX_s46_5301,28,1,valid,0.9274421645262086,0.9935304990757856,0.16735780587727556,identity_without_rescale_tags
,SAX,SAX_s46_5301,29,1,valid,0.9165233994682501,0.9923195084485407,0.1858520485365254,identity_without_rescale_tags
,SAX,SAX_s46_5301,30,1,valid,0.9013121166079657,0.9918918918918919,0.2023517919450561,identity_without_rescale_tags
,SAX,SAX_s46_5301,31,1,valid,0.8822177209482106,0.993103448275862,0.2043903380896159,identity_without_rescale_tags
,SAX,SAX_s46_5301,32,1,valid,0.9199542259873819,0.9861751152073732,0.17490836986555694,identity_without_rescale_tags
,SAX,SAX_s46_5301,33,1,valid,0.9355087123241143,0.9931170108161259,0.1590307620930885,identity_without_rescale_tags
,SAX,SAX_s46_5301,34,1,valid,0.9433220760538011,0.9970588235294118,0.14831992393990284,identity_without_rescale_tags
,SAX,SAX_s46_5301,35,1,valid,0.9324881973758365,0.9980237154150198,0.1489560836048501,identity_without_rescale_tags
,SAX,SAX_s46_5301,36,1,valid,0.9562806669423937,1.0,0.11959618523710568,identity_without_rescale_tags
,SAX,SAX_s46_5301,37,1,valid,0.9701151274251069,1.0007980845969673,0.10892107474429007,identity_without_rescale_tags
,SAX,SAX_s46_5301,38,1,valid,0.9623640738183121,1.0,0.11351832223374603,identity_without_rescale_tags
,SAX,SAX_s46_5301,39,1,valid,0.9354769117975005,1.0007037297677692,0.12728364780565474,identity_without_rescale_tags
,SAX,SAX_s46_5301,40,1,valid,0.9645982415679146,1.0,0.10730983488018397,identity_without_rescale_tags
,SAX,SAX_s46_5301,41,1,valid,0.9618387095668182,1.0,0.11490472590414465,identity_without_rescale_tags
,SAX,SAX_s46_5301,42,1,valid,0.9467935714095713,0.9978586723768736,0.13242094189874534,identity_without_rescale_tags
,SAX,SAX_s46_5301,43,1,valid,0.9169714127835805,1.0014513788098693,0.13429375977214156,identity_without_rescale_tags
,SAX,SAX_s46_5301,44,1,valid,0.9704552266734918,0.9956575682382134,0.10104339047786452,identity_without_rescale_tags
,SAX,SAX_s46_5301,45,1,valid,0.9726670285848168,0.9922594913380022,0.09427002350752649,identity_without_rescale_tags
,SAX,SAX_s46_5301,46,1,valid,0.9616881524876407,0.988835725677831,0.10895118489621153,identity_without_rescale_tags
,SAX,SAX_s46_5301,47,1,valid,0.897078947800176,0.9963741841914431,0.13109375813446555,identity_without_rescale_tags
,SAX,SAX_s46_5301,48,1,valid,0.9642756630573149,0.992,0.10143993569539282,identity_without_rescale_tags
,SAX,SAX_s46_5301,49,1,valid,0.9750376965841889,0.9916897506925207,0.08653086657459644,identity_without_rescale_tags
,SAX,SAX_s47_5401,0,1,valid,0.9296730851253059,1.0599215705795242,0.17065263317512644,identity_without_rescale_tags
,SAX,SAX_s47_5401,1,1,valid,0.8407303035861922,1.0374064837905237,0.19296649734943802,identity_without_rescale_tags
,SAX,SAX_s47_5401,2,1,valid,0.9305578046812721,1.0230922932821342,0.16258428573319753,identity_without_rescale_tags
,SAX,SAX_s47_5401,3,1,valid,0.9217808502956503,1.0157675655901603,0.17255575775665866,identity_without_rescale_tags
,SAX,SAX_s47_5401,4,1,valid,0.9123174468764355,1.0062111801242235,0.17747638237550212,identity_without_rescale_tags
,SAX,SAX_s47_5401,5,1,valid,0.8903793176424137,1.0114942528735633,0.1717570371275715,identity_without_rescale_tags
,SAX,SAX_s47_5401,6,1,valid,0.9549687507500118,1.0,0.1293955837239191,identity_without_rescale_tags
,SAX,SAX_s47_5401,7,1,valid,0.9498347318698698,1.0010615723215865,0.13201171185665267,identity_without_rescale_tags
,SAX,SAX_s47_5401,8,1,valid,0.9541899093784659,1.0,0.12976521360730814,identity_without_rescale_tags
,SAX,SAX_s47_5401,9,1,valid,0.9378156294224519,1.0057803468208093,0.14617852424952354,identity_without_rescale_tags
,SAX,SAX_s47_5401,10,1,valid,0.9481117418772914,0.9974197194684682,0.13670952433252892,identity_without_rescale_tags
,SAX,SAX_s47_5401,11,1,valid,0.9409303323001346,0.9925925925925926,0.1404608623822551,identity_without_rescale_tags
,SAX,SAX_s47_5401,12,1,valid,0.9213571152591225,0.9953488372093023,0.14158793018949517,identity_without_rescale_tags
,SAX,SAX_s47_5401,13,1,valid,0.9591909000983349,0.9974076376404966,0.11994742550186467,identity_without_rescale_tags
,SAX,SAX_s47_5401,14,1,valid,0.9644380691919359,0.9959204476897793,0.1119112071162369,identity_without_rescale_tags
,SAX,SAX_s47_5401,15,1,valid,0.9552875223228818,1.0,0.12219709804189777,identity_without_rescale_tags
,SAX,SAX_s47_5401,16,1,valid,0.9029700859899338,1.0,0.14305477512750545,identity_without_rescale_tags
,SAX,SAX_s47_5401,17,1,valid,0.9624798994297837,1.0,0.11532558521755841,identity_without_rescale_tags
,SAX,SAX_s47_5401,18,1,valid,0.9508398344490451,1.0,0.13150398603526076,identity_without_rescale_tags
,SAX,SAX_s47_5401,19,1,valid,0.9370388476958329,1.0,0.14794991010015748,identity_without_rescale_tags
,SAX,SAX_s47_5401,20,1,valid,0.906294293461246,1.0027397260273974,0.16217472855262485,identity_without_rescale_tags
,SAX,SAX_s47_5401,21,1,valid,0.9434763258365861,1.0,0.14338586570712594,identity_without_rescale_tags
,SAX,SAX_s47_5401,22,1,valid,0.9313620416823037,0.9945024722252445,0.15562063408154975,identity_without_rescale_tags
,SAX,SAX_s47_5401,23,1,valid,0.9444527627287074,0.9949911300717226,0.14348196900119267,identity_without_rescale_tags
,SAX,SAX_s47_5401,24,1,valid,0.9301787256028723,1.0019426910847558,0.1412082189008542,identity_without_rescale_tags
,SAX,SAX_s47_5401,25,1,valid,0.9618097594119904,0.9972858804395957,0.1157887538875696,identity_without_rescale_tags
,SAX,SAX_s47_5401,26,1,valid,0.9413994957383682,0.9942163080710769,0.14573017775083633,identity_without_rescale_tags
,SAX,SAX_s47_5401,27,1,valid,0.8984177862691718,1.001930509125196,0.1820332294181476,identity_without_rescale_tags
,SAX,SAX_s47_5401,28,1,valid,0.8998618494705232,1.0082191780821919,0.19411589507707142,identity_without_rescale_tags
,SAX,SAX_s47_5401,29,1,valid,0.9060071008401321,0.9936034115138592,0.18431643666870343,identity_without_rescale_tags
,SAX,SAX_s47_5401,30,1,valid,0.9125902460893153,0.9920245760096496,0.1790991499469512,identity_without_rescale_tags
,SAX,SAX_s47_5401,31,1,valid,0.890842691713586,0.993421052631579,0.18179456431768423,identity_without_rescale_tags
,SAX,SAX_s47_5401,32,1,valid,0.9285000587027364,0.994392523364486,0.16031327189742672,identity_without_rescale_tags
,SAX,SAX_s47_5401,33,1,valid,0.9418046495567829,0.9993592577405236,0.14657572344680808,identity_without_rescale_tags
,SAX,SAX_s47_5401,34,1,valid,0.9472535357976681,0.9984958589930966,0.1388377187432228,identity_without_rescale_tags
,SAX,SAX_s47_5401,35,1,valid,0.9169681510923631,1.0,0.14469568732001253,identity_without_rescale_tags
,SAX,SAX_s47_5401,36,1,valid,0.9641654082445712,1.0,0.11404059861511362,identity_without_rescale_tags
,SAX,SAX_s47_5401,37,1,valid,0.9540750386557957,1.0017953321364452,0.12785252162014132,identity_without_rescale_tags
,SAX,SAX_s47_5401,38,1,valid,0.953441807758399,1.0,0.13034311014561972,identity_without_rescale_tags
,SAX,SAX_s47_5401,39,1,valid,0.9290235009862883,1.0,0.14096322974034967,identity_without_rescale_tags
,SAX,SAX_s47_5401,40,1,valid,0.9501292330285191,1.0,0.13127834774091,identity_without_rescale_tags
,SAX,SAX_s47_5401,41,1,valid,0.950161031914469,0.9945004536747657,0.12621454497334939,identity_without_rescale_tags
,SAX,SAX_s47_5401,42,1,valid,0.9582440653655226,0.9937106918238994,0.11979603695088764,identity_without_rescale_tags
,SAX,SAX_s47_5401,43,1,valid,0.9418801952345334,1.0,0.14133852149140416,identity_without_rescale_tags
,SAX,SAX_s47_5401,44,1,valid,0.9387761081171427,0.9934490601665094,0.150610685366807,identity_without_rescale_tags
,SAX,SAX_s47_5401,45,1,valid,0.9162200125406252,0.992845075950411,0.17795763111153493,identity_without_rescale_tags
,SAX,SAX_s47_5401,46,1,valid,0.8837531535907495,1.000677509573954,0.20422235079597165,identity_without_rescale_tags
,SAX,SAX_s47_5401,47,1,valid,0.8890453084260767,0.9970802857483846,0.20827583910156444,identity_without_rescale_tags
,SAX,SAX_s47_5401,48,1,valid,0.890275426279439,0.9823008849557522,0.20709015643995693,identity_without_rescale_tags
,SAX,SAX_s47_5401,49,1,valid,0.8999531020231258,0.9830130780806404,0.19890309888019297,identity_without_rescale_tags
,SAX,SAX_s48_5501,0,1,valid,0.9307209955816361,1.0463576158940397,0.17014813776463406,identity_without_rescale_tags
,SAX,SAX_s48_5501,1,1,valid,0.9425252997371582,1.0326797385620916,0.1496613553949518,identity_without_rescale_tags
,SAX,SAX_s48_5501,2,1,valid,0.9646999468242548,1.0242859831955782,0.12241377430899461,identity_without_rescale_tags
,SAX,SAX_s48_5501,3,1,valid,0.9536834907809165,1.0229357798165137,0.12891597101624855,identity_without_rescale_tags
,SAX,SAX_s48_5501,4,1,valid,0.929683926885931,1.0201592632490546,0.12985039503782403,identity_without_rescale_tags
,SAX,SAX_s48_5501,5,1,valid,0.9616093610850412,1.0129870129870129,0.11603189000486501,identity_without_rescale_tags
,SAX,SAX_s48_5501,6,1,valid,0.9618981527481084,1.0080098704503393,0.11640419601785565,identity_without_rescale_tags
,SAX,SAX_s48_5501,7,1,valid,0.9370448535802516,1.0044544125158128,0.141115820495175,identity_without_rescale_tags
,SAX,SAX_s48_5501,8,1,valid,0.8947599230815454,1.004707364850691,0.1491412878233686,identity_without_rescale_tags
,SAX,SAX_s48_5501,9,1,valid,0.956846545668832,0.996868006440556,0.1207873291692593,identity_without_rescale_tags
,SAX,SAX_s48_5501,10,1,valid,0.9610341947202211,0.9953348464121379,0.1174431010200124,identity_without_rescale_tags
,SAX,SAX_s48_5501,11,1,valid,0.9484156633008054,0.9898098443338061,0.12944042963292735,identity_without_rescale_tags
,SAX,SAX_s48_5501,12,1,valid,0.9336237537105716,1.0013956740920813,0.15123201349716084,identity_without_rescale_tags
,SAX,SAX_s48_5501,13,1,valid,0.9299490758288534,1.0,0.1605992993286525,identity_without_rescale_tags
,SAX,SAX_s48_5501,14,1,valid,0.9094916275105603,0.9897854847460457,0.1824052821966776,identity_without_rescale_tags
,SAX,SAX_s48_5501,15,1,valid,0.9110934794043162,0.9876543209876543,0.18219094891671542,identity_without_rescale_tags
,SAX,SAX_s48_5501,16,1,valid,0.9171171368752876,0.9885750543872371,0.1726485781388916,identity_without_rescale_tags
,SAX,SAX_s48_5501,17,1,valid,0.9486669100154538,0.9931428481865772,0.135160330035611,identity_without_rescale_tags
,SAX,SAX_s48_5501,18,1,valid,0.9496378360181637,0.9942340444502206,0.13206045234266986,identity_without_rescale_tags
,SAX,SAX_s48_5501,19,1,valid,0.9601804382784377,1.0003183745927953,0.11852614515889048,identity_without_rescale_tags
,SAX,SAX_s48_5501,20,1,valid,0.9567822578525671,1.0,0.11395421277927453,identity_without_rescale_tags
,SAX,SAX_s48_5501,21,1,valid,0.9761909849197031,1.0016916671038762,0.09200696974640199,identity_without_rescale_tags
,SAX,SAX_s48_5501,22,1,valid,0.9506679189977684,1.0,0.12062440927042788,identity_without_rescale_tags
,SAX,SAX_s48_5501,23,1,valid,0.9323564463673761,1.0033322229624695,0.13039003357788795,identity_without_rescale_tags
,SAX,SAX_s48_5501,24,1,valid,0.9477954293493959,1.0,0.12384469165012862,identity_without_rescale_tags
,SAX,SAX_s48_5501,25,1,valid,0.9547728498485056,0.9977641133315835,0.1195145239897474,identity_without_rescale_tags
,SAX,SAX_s48_5501,26,1,valid,0.93246416069113,0.9977220956719818,0.14318897964177027,identity_without_rescale_tags
,SAX,SAX_s48_5501,27,1,valid,0.9180501233379571,0.9940069726120357,0.13941287937818733,identity_without_rescale_tags
,SAX,SAX_s48_5501,28,1,valid,0.957613744991913,1.0,0.11753904443484066,identity_without_rescale_tags
,SAX,SAX_s48_5501,29,1,valid,0.9653667968199702,0.9907178182277696,0.1129681123998639,identity_without_rescale_tags
,SAX,SAX_s48_5501,30,1,valid,0.9358199874347959,0.9900497512437811,0.1461401831069856,identity_without_rescale_tags
,SAX,SAX_s48_5501,31,1,valid,0.9287064176432482,1.0,0.15795992631715275,identity_without_rescale_tags
,SAX,SAX_s48_5501,32,1,valid,0.9116033235925131,0.9951412081762858,0.17554674636943163,identity_without_rescale_tags
,SAX,SAX_s48_5501,33,1,valid,0.9201137954901296,0.9866666666666667,0.16701225697840233,identity_without_rescale_tags
,SAX,SAX_s48_5501,34,1,valid,0.9266364291406728,0.9839082692043146,0.16213821994602776,identity_without_rescale_tags
,SAX,SAX_s48_5501,35,1,valid,0.9355659646780827,0.9904761904761905,0.14645760123673152,identity_without_rescale_tags
,SAX,SAX_s48_5501,36,1,valid,0.9572688313667352,0.9949238578680203,0.12235582411167495,identity_without_rescale_tags
,SAX,SAX_s48_5501,37,1,valid,0.9661941606369455,1.0,0.11097871122217136,identity_without_rescale_tags
,SAX,SAX_s48_5501,38,1,valid,0.9580777128743765,1.0035682454800101,0.11651691932846363,identity_without_rescale_tags
,SAX,SAX_s48_5501,39,1,valid,0.9486182330557961,1.0,0.1167367252773554,identity_without_rescale_tags
,SAX,SAX_s48_5501,40,1,valid,0.9704843922797362,1.0,0.10235013867082847,identity_without_rescale_tags
,SAX,SAX_s48_5501,41,1,valid,0.9531021352014093,1.0015519933841563,0.12443235144192098,identity_without_rescale_tags
,SAX,SAX_s48_5501,42,1,valid,0.9329579509260065,1.0014867682927098,0.14837297041976166,identity_without_rescale_tags
,SAX,SAX_s48_5501,43,1,valid,0.9134975137952032,1.002756340418678,0.1565094884755342,identity_without_rescale_tags
,SAX,SAX_s48_5501,44,1,valid,0.9438250786531349,0.9968434330853648,0.13882536967101453,identity_without_rescale_tags
,SAX,SAX_s48_5501,45,1,valid,0.9365389322742482,0.9902962181021623,0.14698581217212306,identity_without_rescale_tags
,SAX,SAX_s48_5501,46,1,valid,0.9555061551566539,0.9919283301007992,0.12801119690943852,identity_without_rescale_tags
,SAX,SAX_s48_5501,47,1,valid,0.9536373650044923,1.0009521090507005,0.12911311666066608,identity_without_rescale_tags
,SAX,SAX_s48_5501,48,1,valid,0.9576943323757728,1.0,0.1278808237855487,identity_without_rescale_tags
,SAX,SAX_s48_5501,49,1,valid,0.9187169311244462,0.9936460257932007,0.16837858007846349,identity_without_rescale_tags
,SAX,SAX_s49_5601,0,1,valid,0.8985796765649423,1.053990128090524,0.20462150542803115,identity_without_rescale_tags
,SAX,SAX_s49_5601,1,1,valid,0.928455634458934,1.0231921410428806,0.16506451556432922,identity_without_rescale_tags
,SAX,SAX_s49_5601,2,1,valid,0.929758814632352,1.008028226231724,0.1551652555350171,identity_without_rescale_tags
,SAX,SAX_s49_5601,3,1,valid,0.9531710823550755,1.0081981824026183,0.1286343107696688,identity_without_rescale_tags
,SAX,SAX_s49_5601,4,1,valid,0.9632125493912203,1.0138663803328631,0.11140089092562794,identity_without_rescale_tags
,SAX,SAX_s49_5601,5,1,valid,0.9722143527367497,1.008849557522124,0.09885172932002874,identity_without_rescale_tags
,SAX,SAX_s49_5601,6,1,valid,0.9563178483447223,1.0075,0.11147233003240371,identity_without_rescale_tags
,SAX,SAX_s49_5601,7,1,valid,0.9614094838502106,1.0050979950504342,0.10955338405647473,identity_without_rescale_tags
,SAX,SAX_s49_5601,8,1,valid,0.9656879330163598,1.0062111801242235,0.10763475513504682,identity_without_rescale_tags
,SAX,SAX_s49_5601,9,1,valid,0.9549806482885764,1.0067919211065974,0.12171358528731807,identity_without_rescale_tags
,SAX,SAX_s49_5601,10,1,valid,0.9340988831131395,1.0032520411184906,0.1409674594068241,identity_without_rescale_tags
,SAX,SAX_s49_5601,11,1,valid,0.9395396205384633,1.0019224609471247,0.13395721067541444,identity_without_rescale_tags
,SAX,SAX_s49_5601,12,1,valid,0.9547740419985059,1.0,0.12220998740533555,identity_without_rescale_tags
,SAX,SAX_s49_5601,13,1,valid,0.9441826506591645,0.9948717948717949,0.13398171859752533,identity_without_rescale_tags
,SAX,SAX_s49_5601,14,1,valid,0.9522661987747697,0.993103448275862,0.12458662239451285,identity_without_rescale_tags
,SAX,SAX_s49_5601,15,1,valid,0.9638850441718005,1.0039460810393466,0.11688356868350554,identity_without_rescale_tags
,SAX,SAX_s49_5601,16,1,valid,0.9652392108496524,0.9987146508327509,0.11506705379260049,identity_without_rescale_tags
,SAX,SAX_s49_5601,17,1,valid,0.9300066061652985,0.9972078711293952,0.15613498497013314,identity_without_rescale_tags
,SAX,SAX_s49_5601,18,1,valid,0.9320909752069053,0.9964041706965125,0.15643493259652513,identity_without_rescale_tags
,SAX,SAX_s49_5601,19,1,valid,0.9238515615557088,1.0,0.16174041905883507,identity_without_rescale_tags
,SAX,SAX_s49_5601,20,1,valid,0.9451676375199636,0.9882352941176471,0.1364863768102396,identity_without_rescale_tags
,SAX,SAX_s49_5601,21,1,valid,0.9270864814961864,0.9907407407407407,0.15262158299599538,identity_without_rescale_tags
,SAX,SAX_s49_5601,22,1,valid,0.9569513415379762,0.9927038613170001,0.1234257324114424,identity_without_rescale_tags
,SAX,SAX_s49_5601,23,1,valid,0.9675984548283478,0.9940985536319407,0.1065336229755894,identity_without_rescale_tags
,SAX,SAX_s49_5601,24,1,valid,0.9779821520942396,0.998886412872968,0.08712680214587988,identity_without_rescale_tags
,SAX,SAX_s49_5601,25,1,valid,0.9535649773505132,1.0,0.11531589708359911,identity_without_rescale_tags
,SAX,SAX_s49_5601,26,1,valid,0.9678841415827841,1.0,0.10541851906374208,identity_without_rescale_tags
,SAX,SAX_s49_5601,27,1,valid,0.9678793845465338,1.0,0.10148401131884129,identity_without_rescale_tags
,SAX,SAX_s49_5601,28,1,valid,0.9732232136022316,1.0,0.09457840587532917,identity_without_rescale_tags
,SAX,SAX_s49_5601,29,1,valid,0.9509742445088831,1.0,0.12405574365768682,identity_without_rescale_tags
,SAX,SAX_s49_5601,30,1,valid,0.9392750281640472,1.0,0.1352999983643293,identity_without_rescale_tags
,SAX,SAX_s49_5601,31,1,valid,0.9570032642554638,0.9989008975634113,0.11403158986453377,identity_without_rescale_tags
,SAX,SAX_s49_5601,32,1,valid,0.9748675934021365,0.9928637071068172,0.09380361356943198,identity_without_rescale_tags
,SAX,SAX_s49_5601,33,1,valid,0.9644435899099201,0.9911504424778761,0.1123145891312018,identity_without_rescale_tags
,SAX,SAX_s49_5601,34,1,valid,0.9445223588069329,0.9926827629980375,0.13559344122226058,identity_without_rescale_tags
,SAX,SAX_s49_5601,35,1,valid,0.9425992804899235,1.0,0.14456685804013936,identity_without_rescale_tags
,SAX,SAX_s49_5601,36,1,valid,0.9313304982324498,0.9966487559292537,0.15449472818574547,identity_without_rescale_tags
,SAX,SAX_s49_5601,37,1,valid,0.9207336235543663,0.9921190691163903,0.16768497592151646,identity_without_rescale_tags
,SAX,SAX_s49_5601,38,1,valid,0.9230974794158281,0.9929906159414357,0.16192850315897087,identity_without_rescale_tags
,SAX,SAX_s49_5601,39,1,valid,0.9421836127856485,0.9897435897435898,0.1410256211290009,identity_without_rescale_tags
,SAX,SAX_s49_5601,40,1,valid,0.9599589347701546,0.9895833333333334,0.11702483481878058,identity_without_rescale_tags
,SAX,SAX_s49_5601,41,1,valid,0.9668378064680234,0.9964588473527234,0.10718283621300682,identity_without_rescale_tags
,SAX,SAX_s49_5601,42,1,valid,0.9581591985874547,1.0,0.10891375108363184,identity_without_rescale_tags
,SAX,SAX_s49_5601,43,1,valid,0.9713068224642486,1.0023540494860215,0.09991849967292943,identity_without_rescale_tags
,SAX,SAX_s49_5601,44,1,valid,0.9725588355372065,1.0024067423540317,0.09924687081607673,identity_without_rescale_tags
,SAX,SAX_s49_5601,45,1,valid,0.9590157107389652,1.0065941694542875,0.11995866625197832,identity_without_rescale_tags
,SAX,SAX_s49_5601,46,1,valid,0.9359956849640239,1.0,0.13780054631401606,identity_without_rescale_tags
,SAX,SAX_s49_5601,47,1,valid,0.943222546786768,0.999025813798994,0.129639303124554,identity_without_rescale_tags
,SAX,SAX_s49_5601,48,1,valid,0.9515746710227582,1.0025062656641603,0.13055878633233559,identity_without_rescale_tags
,SAX,SAX_s49_5601,49,1,valid,0.9361034613230389,0.9988308564591535,0.1462894058685273,identity_without_rescale_tags
,SAX,SAX_s4_1101,0,1,valid,0.9613854094853748,1.0324675324675325,0.13823225704491227,identity_without_rescale_tags
,SAX,SAX_s4_1101,1,1,valid,0.963217272959709,1.0186666666666666,0.12493234299526847,identity_without_rescale_tags
,SAX,SAX_s4_1101,2,1,valid,0.942538897842904,1.0095541401273886,0.14060046627903175,identity_without_rescale_tags
,SAX,SAX_s4_1101,3,1,valid,0.930370687744379,1.0046082949308757,0.15085923184550323,identity_without_rescale_tags
,SAX,SAX_s4_1101,4,1,valid,0.9547219799198751,1.0,0.12975735580447953,identity_without_rescale_tags
,SAX,SAX_s4_1101,5,1,valid,0.9643685016193402,1.0,0.11898528946773224,identity_without_rescale_tags
,SAX,SAX_s4_1101,6,1,valid,0.9708624184302206,1.0,0.10985777191210516,identity_without_rescale_tags
,SAX,SAX_s4_1101,7,1,valid,0.9623107491371816,1.0048309178743962,0.11955115384627604,identity_without_rescale_tags
,SAX,SAX_s4_1101,8,1,valid,0.9409951505094166,1.0069735006973501,0.13463571631920696,identity_without_rescale_tags
,SAX,SAX_s4_1101,9,1,valid,0.9573699643748284,1.004360465116279,0.13264847491640652,identity_without_rescale_tags
,SAX,SAX_s4_1101,10,1,valid,0.9393795056869662,1.0091743119266054,0.16014944435816475,identity_without_rescale_tags
,SAX,SAX_s4_1101,11,1,valid,0.9228246376069799,1.0055384615384615,0.17975159485933057,identity_without_rescale_tags
,SAX,SAX_s4_1101,12,1,valid,0.9252651818453476,1.0,0.16864617232559695,identity_without_rescale_tags
,SAX,SAX_s4_1101,13,1,valid,0.9209982154525802,0.996551724137931,0.1615112580244421,identity_without_rescale_tags
,SAX,SAX_s4_1101,14,1,valid,0.9529532016894259,0.9902173913043478,0.13305710902748807,identity_without_rescale_tags
,SAX,SAX_s4_1101,15,1,valid,0.9652282216850939,0.9919571045576407,0.11474485062017785,identity_without_rescale_tags
,SAX,SAX_s4_1101,16,1,valid,0.9705372912449519,0.9944008958566629,0.10829147684632812,identity_without_rescale_tags
,SAX,SAX_s4_1101,17,1,valid,0.9450632146631913,0.9965870307167235,0.12896567293684977,identity_without_rescale_tags
,SAX,SAX_s4_1101,18,1,valid,0.9522585034346672,0.9941018766756032,0.12578930890185702,identity_without_rescale_tags
,SAX,SAX_s4_1101,19,1,valid,0.9681722240954669,0.9953970080552359,0.11166887573650709,identity_without_rescale_tags
,SAX,SAX_s4_1101,20,1,valid,0.9671463207397158,1.0,0.11443882835236555,identity_without_rescale_tags
,SAX,SAX_s4_1101,21,1,valid,0.9622802118433821,0.9958217270194986,0.12250627830285739,identity_without_rescale_tags
,SAX,SAX_s4_1101,22,1,valid,0.9272508898610683,0.9966599866399466,0.15559085126684294,identity_without_rescale_tags
,SAX,SAX_s4_1101,23,1,valid,0.9437590407156206,0.9978425026968716,0.13886218859686403,identity_without_rescale_tags
,SAX,SAX_s4_1101,24,1,valid,0.9678745642853452,0.9973118279569892,0.11241836793941565,identity_without_rescale_tags
,SAX,SAX_s4_1101,25,1,valid,0.9667816579636117,1.0,0.11780580069696873,identity_without_rescale_tags
,SAX,SAX_s4_1101,26,1,valid,0.95107872778173,1.0068027210884354,0.14675392586501806,identity_without_rescale_tags
,SAX,SAX_s4_1101,27,1,valid,0.9197643930537173,1.0080321285140563,0.1799186216836301,identity_without_rescale_tags
,SAX,SAX_s4_1101,28,1,valid,0.900210853333411,1.007891770011274,0.2028481692401689,identity_without_rescale_tags
,SAX,SAX_s4_1101,29,1,valid,0.8879981093341911,1.0067567567567568,0.21951872788878352,identity_without_rescale_tags
,SAX,SAX_s4_1101,30,1,valid,0.8865826564947172,1.0,0.21492737435216283,identity_without_rescale_tags
,SAX,SAX_s4_1101,31,1,valid,0.9006450850148466,0.9934771700953337,0.19521172865324302,identity_without_rescale_tags
,SAX,SAX_s4_1101,32,1,valid,0.893197060925145,0.996078431372549,0.19320870512359312,identity_without_rescale_tags
,SAX,SAX_s4_1101,33,1,valid,0.9245938008298972,0.997289972899729,0.16347188798556872,identity_without_rescale_tags
,SAX,SAX_s4_1101,34,1,valid,0.9450166774735901,0.9945945945945946,0.1430232120923903,identity_without_rescale_tags
,SAX,SAX_s4_1101,35,1,valid,0.959852714271864,0.9971830985915493,0.12435042323854859,identity_without_rescale_tags
,SAX,SAX_s4_1101,36,1,valid,0.9663926424744087,0.9967126890203813,0.11703096634023331,identity_without_rescale_tags
,SAX,SAX_s4_1101,37,1,valid,0.9262967141186177,1.0,0.1502416006875574,identity_without_rescale_tags
,SAX,SAX_s4_1101,38,1,valid,0.948780301251816,1.0,0.1390170416217413,identity_without_rescale_tags
,SAX,SAX_s4_1101,39,1,valid,0.9550527916918286,0.9994921279837481,0.13095230538350258,identity_without_rescale_tags
,SAX,SAX_s4_1101,40,1,valid,0.9552408342614169,0.9957028852056476,0.1314318564551049,identity_without_rescale_tags
,SAX,SAX_s4_1101,41,1,valid,0.9637998127798443,0.9972677595628415,0.11928523528678203,identity_without_rescale_tags
,SAX,SAX_s4_1101,42,1,valid,0.9427966192103735,1.0,0.1299633038916528,identity_without_rescale_tags
,SAX,SAX_s4_1101,43,1,valid,0.9529638819040034,0.9985141158989599,0.12530459414298764,identity_without_rescale_tags
,SAX,SAX_s4_1101,44,1,valid,0.9554853897541233,1.0014306151645207,0.13778825612678036,identity_without_rescale_tags
,SAX,SAX_s4_1101,45,1,valid,0.9350123001059888,1.0066518847006651,0.16942288324566676,identity_without_rescale_tags
,SAX,SAX_s4_1101,46,1,valid,0.9115207872971327,1.00990099009901,0.19633137663407824,identity_without_rescale_tags
,SAX,SAX_s4_1101,47,1,valid,0.8800791926374603,1.0068649885583525,0.2220446673333295,identity_without_rescale_tags
,SAX,SAX_s4_1101,48,1,valid,0.887461046534991,1.0,0.21037117006366285,identity_without_rescale_tags
,SAX,SAX_s4_1101,49,1,valid,0.9004204634580698,0.9885714285714285,0.1965230161546673,identity_without_rescale_tags
,SAX,SAX_s50_5701,0,1,valid,0.9498172806271841,1.0666666666666667,0.16132093597238742,identity_without_rescale_tags
,SAX,SAX_s50_5701,1,1,valid,0.9692408436118454,1.04,0.12015305057793219,identity_without_rescale_tags
,SAX,SAX_s50_5701,2,1,valid,0.9478916200378386,1.0220264317180616,0.14365920710011368,identity_without_rescale_tags
,SAX,SAX_s50_5701,3,1,valid,0.961012428441204,1.0124223602484472,0.12784935295835742,identity_without_rescale_tags
,SAX,SAX_s50_5701,4,1,valid,0.955285961378044,1.0060422960725075,0.13143174225955034,identity_without_rescale_tags
,SAX,SAX_s50_5701,5,1,valid,0.9753442761349342,1.0021186440677967,0.09620628722780285,identity_without_rescale_tags
,SAX,SAX_s50_5701,6,1,valid,0.9504862244569411,1.0,0.12202211348955673,identity_without_rescale_tags
,SAX,SAX_s50_5701,7,1,valid,0.9732085909127285,1.0018281535648994,0.10624402458501746,identity_without_rescale_tags
,SAX,SAX_s50_5701,8,1,valid,0.9644098084847641,1.0020394289598913,0.12107766094994522,identity_without_rescale_tags
,SAX,SAX_s50_5701,9,1,valid,0.9542809380879875,1.0024213075060533,0.12510667496492708,identity_without_rescale_tags
,SAX,SAX_s50_5701,10,1,valid,0.9122309499585846,1.0010224948875255,0.1683748254823345,identity_without_rescale_tags
,SAX,SAX_s50_5701,11,1,valid,0.9295214409556269,1.0027752081406105,0.15694166608788965,identity_without_rescale_tags
,SAX,SAX_s50_5701,12,1,valid,0.9222510693698828,1.0039705048213272,0.16420861544889293,identity_without_rescale_tags
,SAX,SAX_s50_5701,13,1,valid,0.9119018024352465,1.0,0.1701824765724054,identity_without_rescale_tags
,SAX,SAX_s50_5701,14,1,valid,0.8872000220429761,0.9983388704318937,0.19301386979478186,identity_without_rescale_tags
,SAX,SAX_s50_5701,15,1,valid,0.9334684937353214,0.9977528089887641,0.1569978055558896,identity_without_rescale_tags
,SAX,SAX_s50_5701,16,1,valid,0.9541162039916543,0.9990950226244344,0.1301594840291187,identity_without_rescale_tags
,SAX,SAX_s50_5701,17,1,valid,0.9675823282744748,0.9981515711645101,0.11164472197025145,identity_without_rescale_tags
,SAX,SAX_s50_5701,18,1,valid,0.9481378542606211,0.9975903614457832,0.12372991535286844,identity_without_rescale_tags
,SAX,SAX_s50_5701,19,1,valid,0.9710536916490625,1.001347103726987,0.10859666408438881,identity_without_rescale_tags
,SAX,SAX_s50_5701,20,1,valid,0.9539093243547654,1.0,0.13108257642208687,identity_without_rescale_tags
,SAX,SAX_s50_5701,21,1,valid,0.9590071238895095,0.9984512132163139,0.1288242196187677,identity_without_rescale_tags
,SAX,SAX_s50_5701,22,1,valid,0.9379157810186741,0.9946080464537537,0.15351690132752002,identity_without_rescale_tags
,SAX,SAX_s50_5701,23,1,valid,0.9521905136411812,0.9953161592505855,0.13743787615034322,identity_without_rescale_tags
,SAX,SAX_s50_5701,24,1,valid,0.9514780441369863,0.9919703520691785,0.13368270646865263,identity_without_rescale_tags
,SAX,SAX_s50_5701,25,1,valid,0.9656802560549957,0.9930523390458545,0.11504659318885933,identity_without_rescale_tags
,SAX,SAX_s50_5701,26,1,valid,0.9506505132511928,0.9941018766756032,0.12966936534740764,identity_without_rescale_tags
,SAX,SAX_s50_5701,27,1,valid,0.9703931370018778,0.9977298524404086,0.11335689193300852,identity_without_rescale_tags
,SAX,SAX_s50_5701,28,1,valid,0.9648747159890428,0.997229916897507,0.11764679551011875,identity_without_rescale_tags
,SAX,SAX_s50_5701,29,1,valid,0.9524412876060657,0.9996848408446265,0.1298573711021307,identity_without_rescale_tags
,SAX,SAX_s50_5701,30,1,valid,0.9231479169181581,1.0005841121495327,0.1597587312416425,identity_without_rescale_tags
,SAX,SAX_s50_5701,31,1,valid,0.9409316661549085,1.0069555912252541,0.14714981403669722,identity_without_rescale_tags
,SAX,SAX_s50_5701,32,1,valid,0.9290756965508348,1.0043859649122806,0.15590862103537076,identity_without_rescale_tags
,SAX,SAX_s50_5701,33,1,valid,0.9093506476044364,1.0,0.17268409088066577,identity_without_rescale_tags
,SAX,SAX_s50_5701,34,1,valid,0.8839020498786678,1.0,0.192506857441845,identity_without_rescale_tags
,SAX,SAX_s50_5701,35,1,valid,0.91630098703069,1.0019762845849802,0.1711173028164012,identity_without_rescale_tags
,SAX,SAX_s50_5701,36,1,valid,0.9337825424169728,0.9980366492146597,0.1528129485943565,identity_without_rescale_tags
,SAX,SAX_s50_5701,37,1,valid,0.9449378556237457,0.992831541218638,0.13914391298400666,identity_without_rescale_tags
,SAX,SAX_s50_5701,38,1,valid,0.9333552787158735,0.9959677419354839,0.14232812416780402,identity_without_rescale_tags
,SAX,SAX_s50_5701,39,1,valid,0.9746208517023116,1.0,0.10103358096736748,identity_without_rescale_tags
,SAX,SAX_s50_5701,40,1,valid,0.9616721725925352,1.0,0.11742846549386649,identity_without_rescale_tags
,SAX,SAX_s50_5701,41,1,valid,0.9677911525918923,0.9961038961038962,0.11301957490284752,identity_without_rescale_tags
,SAX,SAX_s50_5701,42,1,valid,0.9367390473023022,0.9947693770803614,0.15318980269789348,identity_without_rescale_tags
,SAX,SAX_s50_5701,43,1,valid,0.9465658184168196,1.0,0.1460519956564931,identity_without_rescale_tags
,SAX,SAX_s50_5701,44,1,valid,0.933167682197417,0.9957734573119188,0.1613638356876586,identity_without_rescale_tags
,SAX,SAX_s50_5701,45,1,valid,0.9470067978952571,0.9907407407407407,0.144281908629183,identity_without_rescale_tags
,SAX,SAX_s50_5701,46,1,valid,0.9295142885799687,0.9904761904761905,0.1638779172023957,identity_without_rescale_tags
,SAX,SAX_s50_5701,47,1,valid,0.9521330148475462,0.9941520467836257,0.13856940264845272,identity_without_rescale_tags
,SAX,SAX_s50_5701,48,1,valid,0.9469717546627986,0.993421052631579,0.1419790428420729,identity_without_rescale_tags
,SAX,SAX_s50_5701,49,1,valid,0.9627788788824275,0.9923371647509579,0.12000926981734754,identity_without_rescale_tags
,SAX,SAX_s5_1201,0,1,valid,0.9164658993070656,1.0343473994111874,0.19206334768351813,identity_without_rescale_tags
,SAX,SAX_s5_1201,1,1,valid,0.9263816952045968,1.0233009708737864,0.1696752844029188,identity_without_rescale_tags
,SAX,SAX_s5_1201,2,1,valid,0.9626819619207061,1.0143830431491294,0.1275580935605701,identity_without_rescale_tags
,SAX,SAX_s5_1201,3,1,valid,0.9712055060676442,1.0100541376643464,0.10770594507543489,identity_without_rescale_tags
,SAX,SAX_s5_1201,4,1,valid,0.9724293975598346,1.0025316455696203,0.10365936786010235,identity_without_rescale_tags
,SAX,SAX_s5_1201,5,1,valid,0.9496162249761928,1.001974333662389,0.12194878162898061,identity_without_rescale_tags
,SAX,SAX_s5_1201,6,1,valid,0.9448926067937824,1.00104821802935,0.1291922994701645,identity_without_rescale_tags
,SAX,SAX_s5_1201,7,1,valid,0.9628225291977363,1.0,0.1150819718053899,identity_without_rescale_tags
,SAX,SAX_s5_1201,8,1,valid,0.9702983341473136,0.9968847352024922,0.10853345539170837,identity_without_rescale_tags
,SAX,SAX_s5_1201,9,1,valid,0.9701338795731014,1.0,0.11045611652400157,identity_without_rescale_tags
,SAX,SAX_s5_1201,10,1,valid,0.9382700376926962,1.0,0.13760517058611177,identity_without_rescale_tags
,SAX,SAX_s5_1201,11,1,valid,0.9319211889722848,1.0029585798816567,0.1609316657786465,identity_without_rescale_tags
,SAX,SAX_s5_1201,12,1,valid,0.9076389640473037,1.00990099009901,0.19249208393638206,identity_without_rescale_tags
,SAX,SAX_s5_1201,13,1,valid,0.8750232603389129,1.010204081632653,0.22704076717481092,identity_without_rescale_tags
,SAX,SAX_s5_1201,14,1,valid,0.8742136148515193,1.006253553155202,0.22200139352836032,identity_without_rescale_tags
,SAX,SAX_s5_1201,15,1,valid,0.8762437829305573,0.9944576405384006,0.21115997054307278,identity_without_rescale_tags
,SAX,SAX_s5_1201,16,1,valid,0.9154653972181976,0.9862511457378552,0.17528629679322125,identity_without_rescale_tags
,SAX,SAX_s5_1201,17,1,valid,0.9314716362578946,0.9894736842105263,0.1560854398299764,identity_without_rescale_tags
,SAX,SAX_s5_1201,18,1,valid,0.953006342103494,0.9905707196029777,0.13031000590687905,identity_without_rescale_tags
,SAX,SAX_s5_1201,19,1,valid,0.9355994211537197,0.9960264900662251,0.1325519246052174,identity_without_rescale_tags
,SAX,SAX_s5_1201,20,1,valid,0.9708198036818992,0.9939117199391172,0.10225457157697482,identity_without_rescale_tags
,SAX,SAX_s5_1201,21,1,valid,0.9795911133998644,0.9935483870967742,0.08726382622314499,identity_without_rescale_tags
,SAX,SAX_s5_1201,22,1,valid,0.9779166243348283,0.9945750452079566,0.09008608290963535,identity_without_rescale_tags
,SAX,SAX_s5_1201,23,1,valid,0.970896082002716,0.9986979166666666,0.10008825969064021,identity_without_rescale_tags
,SAX,SAX_s5_1201,24,1,valid,0.9339512234950508,0.9984101748807631,0.13624250484083683,identity_without_rescale_tags
,SAX,SAX_s5_1201,25,1,valid,0.9597239833726607,1.0,0.12075873232857191,identity_without_rescale_tags
,SAX,SAX_s5_1201,26,1,valid,0.9661470324063326,0.9987937273823885,0.11429810228607892,identity_without_rescale_tags
,SAX,SAX_s5_1201,27,1,valid,0.9690338715564144,1.0,0.11223774966213865,identity_without_rescale_tags
,SAX,SAX_s5_1201,28,1,valid,0.9512612032190149,1.001100110011001,0.13217180112182708,identity_without_rescale_tags
,SAX,SAX_s5_1201,29,1,valid,0.9301385432522634,1.005720823798627,0.15861048008607906,identity_without_rescale_tags
,SAX,SAX_s5_1201,30,1,valid,0.9197090695029264,1.0087855297157622,0.18212202426960641,identity_without_rescale_tags
,SAX,SAX_s5_1201,31,1,valid,0.8768862319014001,1.013446567586695,0.22967787272158618,identity_without_rescale_tags
,SAX,SAX_s5_1201,32,1,valid,0.8474009268279614,1.017738359201774,0.2571888768937333,identity_without_rescale_tags
,SAX,SAX_s5_1201,33,1,valid,0.8338708871660867,1.0087719298245614,0.2569223609306485,identity_without_rescale_tags
,SAX,SAX_s5_1201,34,1,valid,0.8687229385327078,0.9901960784313726,0.22443072945127482,identity_without_rescale_tags
,SAX,SAX_s5_1201,35,1,valid,0.89519337923199,0.9867711905928467,0.1984670112012778,identity_without_rescale_tags
,SAX,SAX_s5_1201,36,1,valid,0.9164829068025506,0.9929078014184397,0.17400902758742645,identity_without_rescale_tags
,SAX,SAX_s5_1201,37,1,valid,0.9186936756581039,1.0,0.1613560091248784,identity_without_rescale_tags
,SAX,SAX_s5_1201,38,1,valid,0.9465427242149287,1.0,0.13995219933119604,identity_without_rescale_tags
,SAX,SAX_s5_1201,39,1,valid,0.9652702147094122,1.0,0.11754689394542459,identity_without_rescale_tags
,SAX,SAX_s5_1201,40,1,valid,0.9651817530328952,1.0,0.11358546472274182,identity_without_rescale_tags
,SAX,SAX_s5_1201,41,1,valid,0.9618019709679041,0.9979986657771848,0.11656326528600348,identity_without_rescale_tags
,SAX,SAX_s5_1201,42,1,valid,0.9106758298237175,1.0,0.1650468818041645,identity_without_rescale_tags
,SAX,SAX_s5_1201,43,1,valid,0.9341868946280703,1.0,0.15540200556724285,identity_without_rescale_tags
,SAX,SAX_s5_1201,44,1,valid,0.9378850359606596,0.9949174078780177,0.15065347949035027,identity_without_rescale_tags
,SAX,SAX_s5_1201,45,1,valid,0.9445156650530069,0.9933534743202417,0.14613988256495122,identity_without_rescale_tags
,SAX,SAX_s5_1201,46,1,valid,0.9547047377538979,1.0,0.13326021831322915,identity_without_rescale_tags
,SAX,SAX_s5_1201,47,1,valid,0.9288553593130631,1.0,0.15112201783378665,identity_without_rescale_tags
,SAX,SAX_s5_1201,48,1,valid,0.9385862600578548,1.0,0.15663274222640866,identity_without_rescale_tags
,SAX,SAX_s5_1201,49,1,valid,0.9271721829444385,1.0067567567567568,0.1787424466051414,identity_without_rescale_tags
,SAX,SAX_s6_1301,0,1,valid,0.903465988695567,1.0646153846153845,0.21170019452498356,identity_without_rescale_tags
,SAX,SAX_s6_1301,1,1,valid,0.8920295915853163,1.0461538461538462,0.2182323550293387,identity_without_rescale_tags
,SAX,SAX_s6_1301,2,1,valid,0.8898366470111351,1.0291970802919708,0.2118274730171678,identity_without_rescale_tags
,SAX,SAX_s6_1301,3,1,valid,0.9065761152073417,1.0109995217599235,0.1782615672046559,identity_without_rescale_tags
,SAX,SAX_s6_1301,4,1,valid,0.9191601735303283,1.0,0.15797458288959887,identity_without_rescale_tags
,SAX,SAX_s6_1301,5,1,valid,0.956794383645573,1.0,0.12480141995030175,identity_without_rescale_tags
,SAX,SAX_s6_1301,6,1,valid,0.9636551725753071,1.0,0.11530841320553782,identity_without_rescale_tags
,SAX,SAX_s6_1301,7,1,valid,0.9741599704167927,1.0,0.09846616968406106,identity_without_rescale_tags
,SAX,SAX_s6_1301,8,1,valid,0.9295044974336729,1.0,0.138419595314164,identity_without_rescale_tags
,SAX,SAX_s6_1301,9,1,valid,0.9653526783360947,1.0,0.11328576499822507,identity_without_rescale_tags
,SAX,SAX_s6_1301,10,1,valid,0.9624362773920127,1.0034602076124568,0.1151245805638182,identity_without_rescale_tags
,SAX,SAX_s6_1301,11,1,valid,0.9592275560849813,1.0,0.11862974795882145,identity_without_rescale_tags
,SAX,SAX_s6_1301,12,1,valid,0.9234000884293985,1.0,0.15183578274760387,identity_without_rescale_tags
,SAX,SAX_s6_1301,13,1,valid,0.9283643540272258,1.0,0.15007937522186726,identity_without_rescale_tags
,SAX,SAX_s6_1301,14,1,valid,0.9468698916113877,0.9970501474926253,0.13430974682454164,identity_without_rescale_tags
,SAX,SAX_s6_1301,15,1,valid,0.9492655092670835,0.998468606431853,0.13190951834937312,identity_without_rescale_tags
,SAX,SAX_s6_1301,16,1,valid,0.9470358212225185,0.9968167348794906,0.13651476058420076,identity_without_rescale_tags
,SAX,SAX_s6_1301,17,1,valid,0.9102461920118845,1.0,0.1666708555200568,identity_without_rescale_tags
,SAX,SAX_s6_1301,18,1,valid,0.9443984933792351,0.9958333333333333,0.14125150023096475,identity_without_rescale_tags
,SAX,SAX_s6_1301,19,1,valid,0.9578962878717946,1.0,0.1254386936457224,identity_without_rescale_tags
,SAX,SAX_s6_1301,20,1,valid,0.9638930931348407,1.0032302722658053,0.11714537939746167,identity_without_rescale_tags
,SAX,SAX_s6_1301,21,1,valid,0.9488756275699666,1.0107991360691144,0.13108607538479747,identity_without_rescale_tags
,SAX,SAX_s6_1301,22,1,valid,0.9373404829444943,1.0101936799184505,0.1454045370349475,identity_without_rescale_tags
,SAX,SAX_s6_1301,23,1,valid,0.9453887960673107,1.0078740157480315,0.14878572728079517,identity_without_rescale_tags
,SAX,SAX_s6_1301,24,1,valid,0.9227163694070023,1.0087463556851313,0.174257195475037,identity_without_rescale_tags
,SAX,SAX_s6_1301,25,1,valid,0.9105781099830599,1.00974930362117,0.18381660519261137,identity_without_rescale_tags
,SAX,SAX_s6_1301,26,1,valid,0.8862570058547066,1.0064683053040104,0.18934782047666893,identity_without_rescale_tags
,SAX,SAX_s6_1301,27,1,valid,0.9203924888739307,0.9949799196787149,0.16451942390997143,identity_without_rescale_tags
,SAX,SAX_s6_1301,28,1,valid,0.9336545847970429,0.9892030848329049,0.15179239219558713,identity_without_rescale_tags
,SAX,SAX_s6_1301,29,1,valid,0.9467084272095648,0.99039780521262,0.1363827793658801,identity_without_rescale_tags
,SAX,SAX_s6_1301,30,1,valid,0.9534931359691108,0.9941002949852508,0.1262508622405931,identity_without_rescale_tags
,SAX,SAX_s6_1301,31,1,valid,0.9311302760343135,0.9977761304670126,0.1432064486948009,identity_without_rescale_tags
,SAX,SAX_s6_1301,32,1,valid,0.9633101442517755,1.0,0.11685864394746186,identity_without_rescale_tags
,SAX,SAX_s6_1301,33,1,valid,0.9666783981036817,0.997946611909651,0.10969670241376943,identity_without_rescale_tags
,SAX,SAX_s6_1301,34,1,valid,0.9638621564255053,0.9947089947089947,0.11308089298257541,identity_without_rescale_tags
,SAX,SAX_s6_1301,35,1,valid,0.9359077879647099,1.0,0.13524891728789495,identity_without_rescale_tags
,SAX,SAX_s6_1301,36,1,valid,0.9259768102300712,0.9978401727861771,0.14854255455820953,identity_without_rescale_tags
,SAX,SAX_s6_1301,37,1,valid,0.9467696746725954,0.9987484355444305,0.13331051919824413,identity_without_rescale_tags
,SAX,SAX_s6_1301,38,1,valid,0.948292029488642,0.9957924263674615,0.13151789987350443,identity_without_rescale_tags
,SAX,SAX_s6_1301,39,1,valid,0.9556379444304942,0.9962216624685138,0.1253319861756798,identity_without_rescale_tags
,SAX,SAX_s6_1301,40,1,valid,0.9485452843170633,1.0,0.13021711040113595,identity_without_rescale_tags
,SAX,SAX_s6_1301,41,1,valid,0.9483596172314892,1.0,0.12300539581114663,identity_without_rescale_tags
,SAX,SAX_s6_1301,42,1,valid,0.9688123105177063,1.0,0.11101391551295706,identity_without_rescale_tags
,SAX,SAX_s6_1301,43,1,valid,0.9573763689462552,1.0015748031496063,0.13093753960120832,identity_without_rescale_tags
,SAX,SAX_s6_1301,44,1,valid,0.9478888091226177,1.0021052631578948,0.142672337518607,identity_without_rescale_tags
,SAX,SAX_s6_1301,45,1,valid,0.9119280798500861,1.003787878787879,0.16584737945492664,identity_without_rescale_tags
,SAX,SAX_s6_1301,46,1,valid,0.9347215636553081,0.9976525821596244,0.1521303400780973,identity_without_rescale_tags
,SAX,SAX_s6_1301,47,1,valid,0.9420926946110703,0.9927849927849928,0.14393452666947354,identity_without_rescale_tags
,SAX,SAX_s6_1301,48,1,valid,0.9459528834686669,0.9880857823669579,0.13870257925297375,identity_without_rescale_tags
,SAX,SAX_s6_1301,49,1,valid,0.953184122151747,0.9918845807033363,0.12149431606802856,identity_without_rescale_tags
,SAX,SAX_s7_1401,0,1,valid,0.8968000903622595,1.060547698141355,0.21518982163061265,identity_without_rescale_tags
,SAX,SAX_s7_1401,1,1,valid,0.9200757610007689,1.0194726198375834,0.18061809806342713,identity_without_rescale_tags
,SAX,SAX_s7_1401,2,1,valid,0.9528217335401981,1.0105263157894737,0.1356566771809321,identity_without_rescale_tags
,SAX,SAX_s7_1401,3,1,valid,0.9428279870336347,1.0081566068515497,0.1290663612947755,identity_without_rescale_tags
,SAX,SAX_s7_1401,4,1,valid,0.9762261727701564,1.002433090024331,0.09521395716829632,identity_without_rescale_tags
,SAX,SAX_s7_1401,5,1,valid,0.9743339697487845,1.0031669434339294,0.09922755196792407,identity_without_rescale_tags
,SAX,SAX_s7_1401,6,1,valid,0.9732773182117265,1.0,0.09996039535873907,identity_without_rescale_tags
,SAX,SAX_s7_1401,7,1,valid,0.9260736792791247,1.0,0.14647016676999386,identity_without_rescale_tags
,SAX,SAX_s7_1401,8,1,valid,0.9464010002796307,1.0,0.13659500558769985,identity_without_rescale_tags
,SAX,SAX_s7_1401,9,1,valid,0.9491266182924202,1.0,0.1307994536095498,identity_without_rescale_tags
,SAX,SAX_s7_1401,10,1,valid,0.9467494225220227,0.9977544897599018,0.1364254421020178,identity_without_rescale_tags
,SAX,SAX_s7_1401,11,1,valid,0.9150434053469662,1.0,0.15665668342236805,identity_without_rescale_tags
,SAX,SAX_s7_1401,12,1,valid,0.9414575494101546,0.995451959871755,0.14039573297671606,identity_without_rescale_tags
,SAX,SAX_s7_1401,13,1,valid,0.9637859846418655,1.0,0.11823898360722962,identity_without_rescale_tags
,SAX,SAX_s7_1401,14,1,valid,0.9600510220118414,1.004615395539398,0.127514286933568,identity_without_rescale_tags
,SAX,SAX_s7_1401,15,1,valid,0.9246281684817939,1.0174372535289131,0.16205143272944375,identity_without_rescale_tags
,SAX,SAX_s7_1401,16,1,valid,0.9171326553784077,1.0106041142054922,0.1778911260861919,identity_without_rescale_tags
,SAX,SAX_s7_1401,17,1,valid,0.9086980728161725,1.0142857142857142,0.18861433057580076,identity_without_rescale_tags
,SAX,SAX_s7_1401,18,1,valid,0.8932409923248763,1.0103151896339733,0.20348450473085886,identity_without_rescale_tags
,SAX,SAX_s7_1401,19,1,valid,0.8969610441357802,1.0,0.18637122632977993,identity_without_rescale_tags
,SAX,SAX_s7_1401,20,1,valid,0.9125246560216167,0.991020651694815,0.17193697932833216,identity_without_rescale_tags
,SAX,SAX_s7_1401,21,1,valid,0.9503042551573154,0.9922199535213023,0.13386159595136646,identity_without_rescale_tags
,SAX,SAX_s7_1401,22,1,valid,0.960794341069571,0.9952793047095527,0.11883009984486327,identity_without_rescale_tags
,SAX,SAX_s7_1401,23,1,valid,0.9637059766015413,0.9968224545980802,0.10213872721769916,identity_without_rescale_tags
,SAX,SAX_s7_1401,24,1,valid,0.9440025035414586,0.9981376992783151,0.12319168551444516,identity_without_rescale_tags
,SAX,SAX_s7_1401,25,1,valid,0.9748503328575177,1.0,0.09635588684134562,identity_without_rescale_tags
,SAX,SAX_s7_1401,26,1,valid,0.9720186265620091,0.9944289676302845,0.10022322538656518,identity_without_rescale_tags
,SAX,SAX_s7_1401,27,1,valid,0.9699921500922951,0.9961360100571237,0.10287267713071918,identity_without_rescale_tags
,SAX,SAX_s7_1401,28,1,valid,0.9187043553975243,0.9981785063752276,0.14937450747199207,identity_without_rescale_tags
,SAX,SAX_s7_1401,29,1,valid,0.9584017891976908,0.9965986394557823,0.12087757709515735,identity_without_rescale_tags
,SAX,SAX_s7_1401,30,1,valid,0.9699203870904352,0.9953775038520801,0.10574899453697176,identity_without_rescale_tags
,SAX,SAX_s7_1401,31,1,valid,0.9681554411275928,1.00132802124834,0.11244279600874847,identity_without_rescale_tags
,SAX,SAX_s7_1401,32,1,valid,0.9549803843946311,1.0034293698003767,0.13576643695036072,identity_without_rescale_tags
,SAX,SAX_s7_1401,33,1,valid,0.9213998094956226,1.0111565653212957,0.17095699795756222,identity_without_rescale_tags
,SAX,SAX_s7_1401,34,1,valid,0.9214218935282646,1.005952380952381,0.17531874814619744,identity_without_rescale_tags
,SAX,SAX_s7_1401,35,1,valid,0.8941899869562865,1.007939373101828,0.2023647569844947,identity_without_rescale_tags
,SAX,SAX_s7_1401,36,1,valid,0.8956107774520382,1.0023310149967397,0.19785481793516266,identity_without_rescale_tags
,SAX,SAX_s7_1401,37,1,valid,0.8956128702523647,0.9982623162674976,0.1851118355723586,identity_without_rescale_tags
,SAX,SAX_s7_1401,38,1,valid,0.9310203516058589,0.9895865227597469,0.1545193369587125,identity_without_rescale_tags
,SAX,SAX_s7_1401,39,1,valid,0.9480878641185757,0.9928263988522238,0.1327858052658068,identity_without_rescale_tags
,SAX,SAX_s7_1401,40,1,valid,0.9581396672014393,0.9937460888610763,0.1202875947933368,identity_without_rescale_tags
,SAX,SAX_s7_1401,41,1,valid,0.9649182323544331,0.9970399598123798,0.1028684879664109,identity_without_rescale_tags
,SAX,SAX_s7_1401,42,1,valid,0.9400563628563892,0.9976331327798506,0.12779803348484325,identity_without_rescale_tags
,SAX,SAX_s7_1401,43,1,valid,0.9701927852445863,1.0,0.10236492763468978,identity_without_rescale_tags
,SAX,SAX_s7_1401,44,1,valid,0.9645959539645634,0.9976838440410283,0.10809631723436845,identity_without_rescale_tags
,SAX,SAX_s7_1401,45,1,valid,0.9565148656161173,1.0,0.12019223012036896,identity_without_rescale_tags
,SAX,SAX_s7_1401,46,1,valid,0.9524192741694882,0.997614295633829,0.12592252993247294,identity_without_rescale_tags
,SAX,SAX_s7_1401,47,1,valid,0.927911434750633,0.9970229232252759,0.1450588211461854,identity_without_rescale_tags
,SAX,SAX_s7_1401,48,1,valid,0.9650373455320593,0.996911195069361,0.11214404741162205,identity_without_rescale_tags
,SAX,SAX_s7_1401,49,1,valid,0.9619835154267129,1.0,0.12163972656239819,identity_without_rescale_tags
,SAX,SAX_s8_1501,0,1,valid,0.8951191235854762,1.0418997990362828,0.2106149783202152,identity_without_rescale_tags
,SAX,SAX_s8_1501,1,1,valid,0.9138472141737292,1.015748031496063,0.17961719130161077,identity_without_rescale_tags
,SAX,SAX_s8_1501,2,1,valid,0.9361399785379262,1.002223463659532,0.15054484559533735,identity_without_rescale_tags
,SAX,SAX_s8_1501,3,1,valid,0.9303021989342791,1.0074074074074073,0.1432154083904701,identity_without_rescale_tags
,SAX,SAX_s8_1501,4,1,valid,0.9535597732091676,1.0029851012261193,0.1226361472465745,identity_without_rescale_tags
,SAX,SAX_s8_1501,5,1,valid,0.9664334472285844,1.0046171611298633,0.10787475602758828,identity_without_rescale_tags
,SAX,SAX_s8_1501,6,1,valid,0.9648300459883152,1.0017699115044247,0.11042976421643427,identity_without_rescale_tags
,SAX,SAX_s8_1501,7,1,valid,0.9640808668239634,1.0009661980061781,0.10732885188394041,identity_without_rescale_tags
,SAX,SAX_s8_1501,8,1,valid,0.9237015063455241,1.0,0.14652046409699135,identity_without_rescale_tags
,SAX,SAX_s8_1501,9,1,valid,0.947089767482261,1.0,0.13027148662335403,identity_without_rescale_tags
,SAX,SAX_s8_1501,10,1,valid,0.9524584227889132,0.9962416104673923,0.12507957828365954,identity_without_rescale_tags
,SAX,SAX_s8_1501,11,1,valid,0.9641582415643114,0.9973333333333333,0.1173672622938418,identity_without_rescale_tags
,SAX,SAX_s8_1501,12,1,valid,0.942821870678964,1.0,0.12908685381781132,identity_without_rescale_tags
,SAX,SAX_s8_1501,13,1,valid,0.9480017889469734,1.0011534270886409,0.1388128123602554,identity_without_rescale_tags
,SAX,SAX_s8_1501,14,1,valid,0.9305045032354685,1.0072992700729928,0.15973766035259143,identity_without_rescale_tags
,SAX,SAX_s8_1501,15,1,valid,0.9087253176378239,1.0141843971631206,0.18736189510808207,identity_without_rescale_tags
,SAX,SAX_s8_1501,16,1,valid,0.9046688511704581,1.0166666666666666,0.19453951661668706,identity_without_rescale_tags
,SAX,SAX_s8_1501,17,1,valid,0.8844919525204538,1.00990099009901,0.20850059447156186,identity_without_rescale_tags
,SAX,SAX_s8_1501,18,1,valid,0.903636410922437,0.9939475344445123,0.1854334865108591,identity_without_rescale_tags
,SAX,SAX_s8_1501,19,1,valid,0.9139363197722787,0.9886872263756613,0.1721664891311675,identity_without_rescale_tags
,SAX,SAX_s8_1501,20,1,valid,0.9431176597981568,0.9925211325068342,0.14096276487603082,identity_without_rescale_tags
,SAX,SAX_s8_1501,21,1,valid,0.9222619421955903,1.0,0.15195617358464558,identity_without_rescale_tags
,SAX,SAX_s8_1501,22,1,valid,0.9625418346454815,1.0,0.11608841808646425,identity_without_rescale_tags
,SAX,SAX_s8_1501,23,1,valid,0.9676535171381141,1.0,0.10891993583819776,identity_without_rescale_tags
,SAX,SAX_s8_1501,24,1,valid,0.9711986262031713,1.0,0.10462232428448322,identity_without_rescale_tags
,SAX,SAX_s8_1501,25,1,valid,0.9310478699667201,1.0,0.13757901028072178,identity_without_rescale_tags
,SAX,SAX_s8_1501,26,1,valid,0.9451117297259787,0.9991011234139373,0.13494278837945126,identity_without_rescale_tags
,SAX,SAX_s8_1501,27,1,valid,0.9507877530555672,1.0,0.1295434728453712,identity_without_rescale_tags
,SAX,SAX_s8_1501,28,1,valid,0.9509327114956042,0.9939178899733041,0.13251630961871144,identity_without_rescale_tags
,SAX,SAX_s8_1501,29,1,valid,0.9520122745218912,0.9974276516692969,0.13320931183535484,identity_without_rescale_tags
,SAX,SAX_s8_1501,30,1,valid,0.939068269606608,0.9980610720025564,0.13323610060279595,identity_without_rescale_tags
,SAX,SAX_s8_1501,31,1,valid,0.9607016192558727,1.0,0.12294446196835537,identity_without_rescale_tags
,SAX,SAX_s8_1501,32,1,valid,0.9399546221327083,1.0098296241424847,0.14929540659776763,identity_without_rescale_tags
,SAX,SAX_s8_1501,33,1,valid,0.9248663682159441,1.0106315161269905,0.1676824892832521,identity_without_rescale_tags
,SAX,SAX_s8_1501,34,1,valid,0.8902557101637596,1.0151515151515151,0.19840489572950065,identity_without_rescale_tags
,SAX,SAX_s8_1501,35,1,valid,0.9135571772904112,1.0,0.17719137972831872,identity_without_rescale_tags
,SAX,SAX_s8_1501,36,1,valid,0.9245722743309236,0.9891628277062836,0.1601842102154269,identity_without_rescale_tags
,SAX,SAX_s8_1501,37,1,valid,0.9454880547366605,0.9867528777654753,0.13816795491807563,identity_without_rescale_tags
,SAX,SAX_s8_1501,38,1,valid,0.9371257315722815,0.9939885734109561,0.13444772965210863,identity_without_rescale_tags
,SAX,SAX_s8_1501,39,1,valid,0.953594010188926,0.9970980808259438,0.12022264298875228,identity_without_rescale_tags
,SAX,SAX_s8_1501,40,1,valid,0.9688937302531229,1.0,0.10512808301004445,identity_without_rescale_tags
,SAX,SAX_s8_1501,41,1,valid,0.968441611544371,0.9987437007482556,0.10519211098715239,identity_without_rescale_tags
,SAX,SAX_s8_1501,42,1,valid,0.9677867849399874,0.9948364888123924,0.1075824881746256,identity_without_rescale_tags
,SAX,SAX_s8_1501,43,1,valid,0.9280847098847396,0.9969788519637462,0.1459516485190534,identity_without_rescale_tags
,SAX,SAX_s8_1501,44,1,valid,0.9468131456391782,0.9974039453022328,0.1359861457583256,identity_without_rescale_tags
,SAX,SAX_s8_1501,45,1,valid,0.9455107259352998,0.9982373671941102,0.13720079951817526,identity_without_rescale_tags
,SAX,SAX_s8_1501,46,1,valid,0.9556431570413931,0.9923664122137404,0.13111270962249055,identity_without_rescale_tags
,SAX,SAX_s8_1501,47,1,valid,0.9338095698847122,0.9992917246654879,0.13977252302073143,identity_without_rescale_tags
,SAX,SAX_s8_1501,48,1,valid,0.9443217688857539,0.9989934511000612,0.13896189035650008,identity_without_rescale_tags
,SAX,SAX_s8_1501,49,1,valid,0.9374081449202639,1.0077519379844961,0.1558738801436355,identity_without_rescale_tags
,SAX,SAX_s9_1601,0,1,valid,0.8933180524809345,1.0294032886929987,0.21052994309532244,identity_without_rescale_tags
,SAX,SAX_s9_1601,1,1,valid,0.917308552237871,1.0077519379844961,0.17687312928076498,identity_without_rescale_tags
,SAX,SAX_s9_1601,2,1,valid,0.9316142708026853,1.0114562863612075,0.15338247325549922,identity_without_rescale_tags
,SAX,SAX_s9_1601,3,1,valid,0.9426220950215991,1.0140845070422535,0.14230235036311836,identity_without_rescale_tags
,SAX,SAX_s9_1601,4,1,valid,0.959913810719857,1.0133143158968645,0.12170527283863697,identity_without_rescale_tags
,SAX,SAX_s9_1601,5,1,valid,0.9647238063600664,1.0053523682200152,0.11438834524278431,identity_without_rescale_tags
,SAX,SAX_s9_1601,6,1,valid,0.9731832235407515,1.0007990422984836,0.09914642450483518,identity_without_rescale_tags
,SAX,SAX_s9_1601,7,1,valid,0.9390342884980099,1.0039292882507334,0.13154132515059522,identity_without_rescale_tags
,SAX,SAX_s9_1601,8,1,valid,0.9616339906625635,1.0023121418184928,0.11544434227616582,identity_without_rescale_tags
,SAX,SAX_s9_1601,9,1,valid,0.9571987258031665,1.0,0.11920606196336848,identity_without_rescale_tags
,SAX,SAX_s9_1601,10,1,valid,0.9577165925306943,0.997712000307114,0.1204304791605254,identity_without_rescale_tags
,SAX,SAX_s9_1601,11,1,valid,0.9327005547935063,1.0,0.1419230737644149,identity_without_rescale_tags
,SAX,SAX_s9_1601,12,1,valid,0.9627664766272451,0.9947089947089947,0.11745625968558551,identity_without_rescale_tags
,SAX,SAX_s9_1601,13,1,valid,0.9607194750669552,1.0,0.12027590744634149,identity_without_rescale_tags
,SAX,SAX_s9_1601,14,1,valid,0.951378304941946,1.0040458548402937,0.1369305749821003,identity_without_rescale_tags
,SAX,SAX_s9_1601,15,1,valid,0.9274083716442639,1.0141531480830626,0.16642604540123487,identity_without_rescale_tags
,SAX,SAX_s9_1601,16,1,valid,0.9160957667161675,1.0120481927710843,0.17917707065797644,identity_without_rescale_tags
,SAX,SAX_s9_1601,17,1,valid,0.8973651189036584,1.00990099009901,0.19840660673230254,identity_without_rescale_tags
,SAX,SAX_s9_1601,18,1,valid,0.9001727821329146,1.0,0.19226423471621215,identity_without_rescale_tags
,SAX,SAX_s9_1601,19,1,valid,0.9193662572100372,0.9950430912927835,0.1678158147287366,identity_without_rescale_tags
,SAX,SAX_s9_1601,20,1,valid,0.9281570561446486,0.9896676736782895,0.15332556184284854,identity_without_rescale_tags
,SAX,SAX_s9_1601,21,1,valid,0.9564392597000765,0.9984114286291096,0.12164484240687462,identity_without_rescale_tags
,SAX,SAX_s9_1601,22,1,valid,0.9627877768632375,1.0,0.1159683187960735,identity_without_rescale_tags
,SAX,SAX_s9_1601,23,1,valid,0.9621213846087473,0.9984992255883914,0.10907234790584448,identity_without_rescale_tags
,SAX,SAX_s9_1601,24,1,valid,0.9341623063590665,1.0,0.13750002468954156,identity_without_rescale_tags
,SAX,SAX_s9_1601,25,1,valid,0.9578207629047553,1.0,0.12044403889297571,identity_without_rescale_tags
,SAX,SAX_s9_1601,26,1,valid,0.9515364660744723,0.9989837387878193,0.127877156976225,identity_without_rescale_tags
,SAX,SAX_s9_1601,27,1,valid,0.9511194588623202,0.9941520467836257,0.13262147441474223,identity_without_rescale_tags
,SAX,SAX_s9_1601,28,1,valid,0.9286921199027535,0.9950066572362746,0.14799715380828732,identity_without_rescale_tags
,SAX,SAX_s9_1601,29,1,valid,0.9664234807539092,0.9940179402151872,0.1172239056937115,identity_without_rescale_tags
,SAX,SAX_s9_1601,30,1,valid,0.9571000955264711,1.0,0.1289657944333868,identity_without_rescale_tags
,SAX,SAX_s9_1601,31,1,valid,0.9383990038575654,1.0080691669457158,0.15529141338247543,identity_without_rescale_tags
,SAX,SAX_s9_1601,32,1,valid,0.9046414572506474,1.0169491525423728,0.1920485815329922,identity_without_rescale_tags
,SAX,SAX_s9_1601,33,1,valid,0.9106849201778684,1.0051020408163265,0.18869007773480687,identity_without_rescale_tags
,SAX,SAX_s9_1601,34,1,valid,0.8989720815930103,1.0,0.19608863604334173,identity_without_rescale_tags
,SAX,SAX_s9_1601,35,1,valid,0.9169226534974991,0.9891668808887796,0.17604744721119292,identity_without_rescale_tags
,SAX,SAX_s9_1601,36,1,valid,0.9118741545719287,0.9884316449470846,0.17272579604628255,identity_without_rescale_tags
,SAX,SAX_s9_1601,37,1,valid,0.9488319506847411,0.9903428272993491,0.13220925764880337,identity_without_rescale_tags
,SAX,SAX_s9_1601,38,1,valid,0.9592505354134421,0.995850622406639,0.1159362628193442,identity_without_rescale_tags
,SAX,SAX_s9_1601,39,1,valid,0.967955396022183,0.9953212721586506,0.10606558934028969,identity_without_rescale_tags
,SAX,SAX_s9_1601,40,1,valid,0.9398332431981711,0.9995143158871542,0.12901236159814725,identity_without_rescale_tags
,SAX,SAX_s9_1601,41,1,valid,0.9540143359738045,1.0,0.12154715028459852,identity_without_rescale_tags
,SAX,SAX_s9_1601,42,1,valid,0.9551749989867704,1.0,0.12141408664999928,identity_without_rescale_tags
,SAX,SAX_s9_1601,43,1,valid,0.9492702097571779,0.997560961100304,0.1306100709179292,identity_without_rescale_tags
,SAX,SAX_s9_1601,44,1,valid,0.9456064966561334,0.9964801122002953,0.13777242450667745,identity_without_rescale_tags
,SAX,SAX_s9_1601,45,1,valid,0.9324843918167386,0.9958207566820669,0.14764629066893967,identity_without_rescale_tags
,SAX,SAX_s9_1601,46,1,valid,0.9608625425324118,0.992323756623614,0.12264386354329643,identity_without_rescale_tags
,SAX,SAX_s9_1601,47,1,valid,0.9565860189219103,0.9946524064171123,0.12889355584349668,identity_without_rescale_tags
,SAX,SAX_s9_1601,48,1,valid,0.946444245314288,1.0,0.14480383214951167,identity_without_rescale_tags
,SAX,SAX_s9_1601,49,1,valid,0.9137436192506705,1.0076239004921144,0.1801218173372167,identity_without_rescale_tags
